ticker,meigara,as_of,per,per_forward,pbr,dividend_yield,roe,profit_margin,debt_to_equity,eps,bps,market_cap,sector,industry
8306.T,三菱ＵＦＪフィナンシャル・グループ,2026-09-01,15.636887,24.393461,1.8346549,2.61,0.09458999,0.27446,,236.62,2016.728,41646330740736.0,Financial Services,Banks - Diversified
7203.T,トヨタ自動車,2026-09-01,9.226698,10.002467,1.0293291,3.17,0.12404,0.0863,114.974,351.48,3150.596,38403068395520.0,Consumer Cyclical,Auto Manufacturers
9984.T,ソフトバンクグループ,2026-09-01,6.0293565,17.81977,1.6451606,0.21,0.31964,0.61613,130.15,872.73,3198.472,29987736387584.0,Communication Services,Telecom Services
6857.T,アドバンテスト,2026-09-01,64.33707,140.41139,23.177658,0.18,0.56895,0.37325,10.374,518.83,1440.18,24109756973056.0,Technology,Semiconductor Equipment & Materials
8316.T,三井住友フィナンシャルグループ,2026-09-01,15.725824,22.054058,1.6535844,1.94,0.08569,0.27818,,445.7,4238.671,26630766460928.0,Financial Services,Banks - Diversified
8035.T,東京エレクトロン,2026-09-01,43.87974,42.946415,11.664903,1.33,0.30929002,0.23645,,1252.97,4713.284,24977241800704.0,Technology,Semiconductor Equipment & Materials
6098.T,リクルートホールディングス,2026-09-01,50.28599,57.809864,13.724173,0.14,0.36222,0.14974,10.003,347.91,1274.758,24271462072320.0,Communication Services,Internet Content & Information
6501.T,日立製作所,2026-09-01,31.351137,31.106495,3.7804642,1.03,,0.07244,15.628,176.74,1465.693,24802295283712.0,Industrials,Conglomerates
6758.T,ソニーグループ,2026-09-01,21.685068,22.085154,2.8389595,0.87,0.13159999,-0.01746,21.318,186.58,1425.17,23684498587648.0,Technology,Consumer Electronics
9983.T,ファーストリテイリング,2026-09-01,45.74752,52.0621,8.014174,0.88,0.22481,0.1351,28.419,1557.68,8891.745,21866202791936.0,Consumer Cyclical,Apparel Retail
8411.T,みずほフィナンシャルグループ,2026-09-01,15.516503,25.835487,1.8384318,1.74,0.124919996,0.29136,,560.5,4730.662,21131006312448.0,Financial Services,Banks - Regional
6861.T,キーエンス,2026-09-01,44.877876,44.061497,5.623112,0.66,,0.39224,,1833.42,14632.466,19954967511040.0,Technology,Scientific & Technical Instruments
8058.T,三菱商事,2026-09-01,23.60787,23.37295,1.8839544,2.6,0.10077,0.04507,62.621,209.93,2630.637,18146387820544.0,Industrials,Conglomerates
8001.T,伊藤忠商事,2026-09-01,16.790403,3.3193257,2.2190182,2.09,0.14093,0.060110003,72.922,127.96,968.221,15017827106816.0,Industrials,Conglomerates
8766.T,東京海上ホールディングス,2026-09-01,27.979498,15.83303,1.8092952,1.7,,0.0,9.282,278.99,4314.387,14829595131904.0,Financial Services,Insurance - Property & Casualty
8031.T,三井物産,2026-09-01,17.861317,17.689297,1.6407808,2.79,0.11378,0.06225,63.652,291.02,3168.004,14732111118336.0,Industrials,Conglomerates
9432.T,ＮＴＴ,2026-09-01,13.925457,12.068728,1.4504006,3.13,0.107130006,0.07126,168.396,12.61,121.07,14259249479680.0,Communication Services,Telecom Services
7011.T,三菱重工業,2026-09-01,55.085712,41.610016,4.0863304,0.77,0.14746,0.07763,26.356,70.0,943.634,12956967370752.0,Industrials,Specialty Industrial Machinery
6981.T,村田製作所,2026-09-01,56.953125,30.724491,4.809938,0.97,0.10063,0.13854,2.009,128.0,1515.612,13270076358656.0,Technology,Electronic Components
2914.T,日本たばこ産業,2026-09-01,21.004023,23.413372,2.8486507,3.92,0.14298001,0.16726999,37.91,335.65,2474.856,12516270800896.0,Consumer Defensive,Tobacco
4519.T,中外製薬,2026-09-01,24.227812,29.392565,5.626443,1.91,0.23493,0.35103,,286.2,1232.395,11410432065536.0,Healthcare,Drug Manufacturers - General
7182.T,ゆうちょ銀行,2026-09-01,23.201902,29.113707,1.3161933,2.73,0.06572,0.30753002,,147.1,2593.084,12157058023424.0,Financial Services,Banks - Regional
6503.T,三菱電機,2026-09-01,27.845865,33.43224,2.47199,1.07,0.10283,0.07018,7.163,198.27,2233.423,11298371796992.0,Industrials,Electrical Equipment & Parts
9434.T,ソフトバンク,2026-09-01,21.412079,20.802416,3.9611607,3.71,0.16712,0.07721,159.994,11.26,60.866,11532709658624.0,Communication Services,Telecom Services
4063.T,信越化学工業,2026-09-01,23.622545,18.099657,2.4346652,1.93,0.112320006,0.18361999,5.487,252.64,2451.261,11038989746176.0,Basic Materials,Chemicals
9433.T,ＫＤＤＩ,2026-09-01,16.387814,1290.558,2.2329717,2.84,0.14586,0.12086,93.799,183.49,1346.636,11117026869248.0,Communication Services,Telecom Services
7974.T,任天堂,2026-09-01,24.975992,26.74757,3.5966861,2.42,,0.0,,364.47,2530.941,10494604738560.0,Communication Services,Electronic Gaming & Multimedia
6752.T,パナソニック　ホールディングス,2026-09-01,54.90027,26.408054,1.9258628,1.2,0.0525,0.030989999,27.876,81.22,2315.326,10411430641664.0,Technology,Consumer Electronics
4502.T,武田薬品工業,2026-09-01,,41.634018,1.2221452,3.54,-0.02262,-0.035380002,73.245,-104.4,4782.574,9333012168704.0,Healthcare,Drug Manufacturers - Specialty & Generic
5803.T,フジクラ,2026-09-01,55.96282,17.494387,14.417268,0.69,0.38956,0.15669,18.072,94.67,367.476,8771901849600.0,Industrials,Conglomerates
7741.T,ＨＯＹＡ,2026-09-01,33.438572,36.432034,8.201042,1.2,0.2653,0.27176002,4.404,744.35,3034.98,8326214582272.0,Healthcare,Medical Instruments & Supplies
8053.T,住友商事,2026-09-01,14.832785,4.172212,1.8508863,2.23,0.13605,0.08262,101.995,124.69,999.251,8764496805888.0,Industrials,Conglomerates
8002.T,丸紅,2026-09-01,15.512751,16.478462,1.8675178,2.33,0.14209,0.06611,57.643,330.18,2742.678,8333059162112.0,Industrials,Conglomerates
8015.T,豊田通商,2026-09-01,21.974794,21.90422,2.7929409,1.67,0.16057,0.0325,93.242,350.72,2759.457,7226703478784.0,Industrials,Conglomerates
8725.T,ＭＳ＆ＡＤインシュアランスグループホールディングス,2026-09-01,9.809188,12.6133795,1.1206684,2.74,0.16088,0.1155,25.214,528.79,4628.488,7437726253056.0,Financial Services,Insurance - Property & Casualty
5802.T,住友電気工業,2026-09-01,18.660248,9.994119,2.4308572,1.76,0.15776,0.075729996,25.197,118.38,908.733,6891372019712.0,Consumer Cyclical,Auto Parts
8591.T,オリックス,2026-09-01,11.3038225,17.116026,1.4790595,2.7,0.14035,0.17940001,130.278,562.73,4300.706,6909292707840.0,Financial Services,Financial Conglomerates
6178.T,日本郵政,2026-09-01,19.79078,20.517351,0.7028444,2.41,0.0512,0.03766,,129.05,3633.806,6983638843392.0,Financial Services,Banks - Regional
6301.T,小松製作所,2026-09-01,18.152582,17.67684,1.9037678,2.55,0.11619,0.08939,46.667,413.55,3943.233,6670562361344.0,Industrials,Farm & Heavy Construction Machinery
6146.T,ディスコ,2026-09-01,45.498764,41.581554,10.543655,0.94,0.27376,0.31645,,1243.77,5367.209,6138188791808.0,Technology,Semiconductor Equipment & Materials
8750.T,第一ライフグループ,2026-09-01,15.421756,5.051638,1.4715114,3.92,0.13575,0.04823,30.147,121.16,1269.783,6730695049216.0,Financial Services,Insurance - Life
7267.T,本田技研工業,2026-09-01,,7.596213,0.54577625,4.09,-0.0076200003,-0.00754,113.838,-36.94,3175.294,6746597752832.0,Consumer Cyclical,Auto Manufacturers
6702.T,富士通,2026-09-01,22.569761,26.018457,3.3641593,1.42,0.16202,0.08996,6.507,174.88,1173.25,6832362881024.0,Technology,Information Technology Services
4578.T,大塚ホールディングス,2026-09-01,16.131132,23.864555,2.0093234,1.63,0.13420999,0.15464,5.873,768.08,6166.255,6509624295424.0,Healthcare,Drug Manufacturers - General
6701.T,日本電気,2026-09-01,24.632118,6.961444,2.9714127,0.81,0.1416,0.08154,25.493,203.19,1684.384,6638352203776.0,Technology,Information Technology Services
6723.T,ルネサスエレクトロニクス,2026-09-01,17.796154,11.795817,2.1252813,0.83,0.13953,0.22947,40.605,186.22,1559.323,6056299724800.0,Technology,Semiconductors
8630.T,ＳＯＭＰＯホールディングス,2026-09-01,27.57369,25.325127,1.1596968,2.92,0.1443,0.11423001,17.64,250.71,5961.041,6144063963136.0,Financial Services,Insurance - Property & Casualty
6367.T,ダイキン工業,2026-09-01,22.29367,21.146175,1.9475857,1.7,0.09603,0.05238,39.478,939.28,10751.773,5828358701056.0,Industrials,Building Products & Equipment
6762.T,ＴＤＫ,2026-09-01,29.861313,28.80801,2.5422182,1.3,0.1163,0.08663,32.99,103.11,1211.147,5844416593920.0,Technology,Electronic Components
4062.T,イビデン,2026-09-01,95.65602,66.497284,10.074852,0.1,0.12655,0.1559,31.919,214.78,2039.236,5775109914624.0,Technology,Electronic Components
6954.T,ファナック,2026-09-01,33.52928,34.5965,2.9530683,1.77,0.10049,0.20131999,,178.62,2028.06,5588681490432.0,Industrials,Specialty Industrial Machinery
8308.T,りそなホールディングス,2026-09-01,22.26614,28.787191,1.8897604,1.46,0.0923,0.23052,,113.85,1341.44,5675540807680.0,Financial Services,Banks - Regional
4568.T,第一三共,2026-09-01,20.30126,19.85581,3.04749,3.51,0.14812,0.10931,29.393,140.41,935.36,5186921693184.0,Healthcare,Drug Manufacturers - General
2802.T,味の素,2026-09-01,38.585583,22.98712,6.5761094,0.93,0.18486,0.08513,66.233,138.29,811.422,5087000788992.0,Consumer Defensive,Packaged Foods
5108.T,ブリヂストン,2026-09-01,21.115053,7.454194,1.3711841,3.14,0.112670004,0.09019,23.44,197.3,3038.25,5163004198912.0,Consumer Cyclical,Auto Parts
4661.T,オリエンタルランド,2026-09-01,40.661114,34.60263,4.3984923,0.53,,0.18807,28.924,74.42,687.963,4961782464512.0,Consumer Cyclical,Leisure
8309.T,三井住友トラストグループ,2026-09-01,13.705218,4.8722367,1.3594366,2.67,0.10779,0.21312,,132.03,1331.066,4983257825280.0,Financial Services,Banks - Regional
6902.T,デンソー,2026-09-01,12.158596,10.27383,0.97135794,3.82,0.09198,0.056149997,25.468,162.93,2039.413,4966645760000.0,Consumer Cyclical,Auto Parts
8604.T,野村ホールディングス,2026-09-01,12.307751,18.037384,1.2504355,3.12,0.11158,0.17292999,945.609,133.29,1311.943,4794513620992.0,Financial Services,Capital Markets
6971.T,京セラ,2026-09-01,35.500195,40.759777,1.425039,1.53,0.05059,0.07764,10.172,102.76,2559.93,4695181492224.0,Industrials,Conglomerates
3382.T,セブン＆アイ・ホールディングス,2026-09-01,17.108252,17.634819,1.2746085,2.96,0.080469996,0.03562,104.359,118.89,1595.784,4611197370368.0,Consumer Defensive,Grocery Stores
8802.T,三菱地所,2026-09-01,21.129938,25.486032,1.6987878,1.32,0.107,0.15154,129.755,181.78,2261.024,4611843293184.0,Real Estate,Real Estate - Diversified
6273.T,ＳＭＣ,2026-09-01,26.4255,21.275494,2.0381672,1.41,0.09846,0.21955,0.232,2643.28,34270.984,4376828313600.0,Industrials,Specialty Industrial Machinery
1605.T,ＩＮＰＥＸ,2026-09-01,11.102111,15.320417,0.93659633,2.83,0.092709996,0.22082001,24.637,370.38,4390.365,4779048697856.0,Energy,Oil & Gas E&P
4503.T,アステラス製薬,2026-09-01,14.885025,31.866175,2.228478,3.37,0.21301001,0.16046,30.336,162.21,1083.475,4329231613952.0,Healthcare,Drug Manufacturers - General
7269.T,スズキ,2026-09-01,9.907733,12.794326,1.2292131,2.33,0.1532,0.0789,17.348,227.6,1834.507,4350512463872.0,Consumer Cyclical,Auto Manufacturers
8801.T,三井不動産,2026-09-01,15.40519,16.363255,1.289751,2.43,0.06705,0.09122,152.103,100.94,1205.659,4186346094592.0,Real Estate,Real Estate - Diversified
9020.T,東日本旅客鉄道,2026-09-01,16.431305,17.492725,1.3302909,2.35,0.07948,0.07548,162.617,219.52,2711.437,4072550170624.0,Industrials,Railroads
4901.T,富士フイルムホールディングス,2026-09-01,15.067538,14.90196,1.0605179,2.21,0.07145,0.075830005,28.445,229.5,3260.671,4135724253184.0,Industrials,Conglomerates
7751.T,キヤノン,2026-09-01,12.0098095,13.10381,1.1580188,3.42,0.10371,0.07389,34.446,395.51,4101.833,4008777351168.0,Technology,Computer Hardware
4689.T,ＬＩＮＥヤフー,2026-09-01,20.122038,26.1718,1.2797363,1.98,0.08316,0.09665,61.313,27.86,438.059,3859742457856.0,Consumer Cyclical,Internet Retail
8267.T,イオン,2026-09-01,50.55762,21.700974,3.1106904,1.03,0.07205,0.00839,185.559,26.9,437.202,3762609717248.0,Consumer Cyclical,Department Stores
4543.T,テルモ,2026-09-01,27.630579,24.987724,2.258329,1.43,0.10854,0.13897,26.357,92.09,1126.718,3753395617792.0,Healthcare,Medical Devices
9022.T,東海旅客鉄道,2026-09-01,7.0111217,9.429474,0.7336355,0.8,0.111590005,0.27235,91.502,570.95,5456.388,3800368414720.0,Industrials,Railroads
7832.T,バンダイナムコホールディングス,2026-09-01,26.59183,34.01801,4.1850486,0.84,0.1831,0.111499995,,217.36,1381.107,3707095220224.0,Consumer Cyclical,Leisure
5016.T,ＪＸ金属,2026-09-01,34.066322,,5.5881195,0.53,0.23204,0.14555,62.477,112.78,687.53,3433191178240.0,Technology,Semiconductor Equipment & Materials
5401.T,日本製鉄,2026-09-01,213.50609,1.2550629,0.6493747,3.58,0.05505,0.02651,90.107,3.28,1078.422,3659973525504.0,Basic Materials,Steel
5020.T,ＥＮＥＯＳホールディングス,2026-09-01,14.467242,13.964009,0.9878619,2.54,0.19527,0.05594,57.783,96.01,1406.067,3697852809216.0,Energy,Oil & Gas Refining & Marketing
4452.T,花王,2026-09-01,25.849367,13.973089,2.9208972,2.14,0.12319,0.07771,20.635,139.81,1237.291,3269795512320.0,Consumer Defensive,Household & Personal Products
7936.T,アシックス,2026-09-01,24.421724,43.251534,8.634109,1.07,0.42215002,0.13503,28.031,178.98,506.248,3098649559040.0,Consumer Cyclical,Footwear & Accessories
6326.T,クボタ,2026-09-01,12.741231,15.262676,1.2107216,1.77,0.10014,0.082320005,74.229,235.77,2481.165,3383683186688.0,Industrials,Farm & Heavy Construction Machinery
8830.T,住友不動産,2026-09-01,14.845767,8.112179,1.224079,1.56,0.09356,0.0,155.974,228.55,2771.88,3133830070272.0,Real Estate,Real Estate Services
5713.T,住友金属鉱山,2026-09-01,17.453577,27.900057,1.4301009,1.87,0.11684,0.12449,30.335,650.01,7933.007,3045993218048.0,Basic Materials,Other Industrial Metals & Mining
6920.T,レーザーテック,2026-09-01,38.41241,30.288324,12.011372,1.25,0.33929002,0.33618,,861.18,2754.057,2964982333440.0,Technology,Semiconductor Equipment & Materials
4004.T,レゾナック・ホールディングス,2026-09-01,54.947697,64.28829,3.8534958,0.41,0.08137,0.04185,118.836,291.55,4157.264,3039105908736.0,Basic Materials,Chemicals
9766.T,コナミグループ,2026-09-01,26.451302,36.541786,5.1402507,1.01,0.21156,0.21426001,9.489,831.15,4277.029,2980209229824.0,Communication Services,Electronic Gaming & Multimedia
6594.T,ニデック,2026-09-01,24.534784,13.562272,1.675057,1.92,0.06313,0.04586,40.098,104.79,1534.873,2947162832896.0,Industrials,Specialty Industrial Machinery
1925.T,大和ハウス工業,2026-09-01,8.3774805,10.078392,1.0098281,1.97,0.12880999,0.062800005,115.364,566.28,4697.829,2939099021312.0,Real Estate,Real Estate - Development
9503.T,関西電力,2026-09-01,8.660863,8.994613,0.92283416,2.85,0.12508,0.10079,121.085,341.19,3202.092,3292037644288.0,Utilities,Utilities - Regulated Electric
4307.T,野村総合研究所,2026-09-01,198.95755,30.598341,8.009724,1.59,0.046040002,0.02227,62.286,26.86,667.189,2993180377088.0,Technology,Information Technology Services
9101.T,日本郵船,2026-09-01,14.049964,13.84237,0.91888124,3.41,0.07705,0.08962,42.798,504.77,7718.081,2862020034560.0,Industrials,Marine Shipping
7013.T,ＩＨＩ,2026-09-01,18.01778,4.7306175,4.1639147,0.86,0.3344,0.12077,67.304,151.85,657.074,2900602912768.0,Industrials,Specialty Industrial Machinery
4612.T,日本ペイントホールディングス,2026-09-01,19.067663,20.237694,1.3909051,1.41,0.111770004,0.10151,70.361,62.96,863.107,2784512442368.0,Basic Materials,Specialty Chemicals
5801.T,古河電気工業,2026-09-01,37.489067,13.0091715,6.2110906,0.55,0.22573,0.064959995,77.557,102.91,621.147,2714089291776.0,Industrials,Electrical Equipment & Parts
9735.T,セコム,2026-09-01,23.547323,27.35849,1.9932494,1.85,0.087110005,0.08823,4.787,275.87,3259.0,2591444434944.0,Industrials,Security & Protection Services
8601.T,大和証券グループ本社,2026-09-01,14.995567,18.903679,1.4324231,3.8,0.10955,0.20921,1221.076,124.07,1298.848,2583432003584.0,Financial Services,Capital Markets
7735.T,ＳＣＲＥＥＮホールディングス,2026-09-01,27.686493,15.410997,5.127419,1.81,0.1887,0.14501001,1.215,486.88,2629.003,2548903968768.0,Technology,Semiconductor Equipment & Materials
4507.T,塩野義製薬,2026-09-01,12.241172,15.42887,1.4164978,2.61,0.16773,0.46785998,38.591,240.99,2082.601,2510971469824.0,Healthcare,Drug Manufacturers - Specialty & Generic
7532.T,パン・パシフィック・インターナショナルホールディングス,2026-09-01,21.149237,4.3828654,3.2850683,1.24,0.16478,0.04502,48.507,36.72,236.403,2321628790784.0,Consumer Defensive,Discount Stores
2502.T,アサヒグループホールディングス,2026-09-01,15.397908,11.833367,0.776546,3.7,0.05574,0.05402,52.869,109.95,2180.167,2476287197184.0,Consumer Defensive,Beverages - Brewers
2503.T,キリンホールディングス,2026-09-01,12.591526,17.79651,1.7909896,2.49,0.15143,0.078099996,50.194,243.1,1709.111,2439283998720.0,Consumer Defensive,Beverages - Brewers
3659.T,ネクソン,2026-09-01,18.758047,19.161785,2.3345015,1.89,0.12519,0.26353002,4.546,170.86,1372.884,2496302415872.0,Communication Services,Electronic Gaming & Multimedia
9104.T,商船三井,2026-09-01,11.37567,12.524216,0.812906,2.93,0.07892,0.10431,85.568,619.48,8668.898,2421491236864.0,Industrials,Marine Shipping
4091.T,日本酸素ホールディングス,2026-09-01,19.911274,20.597694,1.94669,1.16,0.12126,0.09897,66.209,286.27,2928.047,2467263938560.0,Basic Materials,Chemicals
8697.T,日本取引所グループ,2026-09-01,37.74051,35.78463,7.0416274,3.47,,0.0,15.701,58.73,314.771,2257374937088.0,Financial Services,Financial Data & Stock Exchanges
8795.T,Ｔ＆Ｄホールディングス,2026-09-01,17.702597,20.01132,1.4190919,3.36,0.09340999,0.051069997,13.856,279.62,3488.146,2358385049600.0,Financial Services,Insurance - Life
7453.T,良品計画,2026-09-01,38.804638,27.6208,6.3183303,0.74,-0.04765,-0.01726,59.899,112.1,688.473,2309103026176.0,Consumer Cyclical,Department Stores
7733.T,オリンパス,2026-09-01,34.755997,16.94922,3.0261648,1.42,0.105749995,0.074939996,42.638,61.27,703.696,2263344742400.0,Healthcare,Medical Devices
6361.T,荏原製作所,2026-09-01,26.602247,29.892725,1.6632946,1.41,0.09571999,0.04546,39.549,171.79,2747.559,2081138671616.0,Industrials,Specialty Industrial Machinery
7012.T,川崎重工業,2026-09-01,19.511251,4.4222813,2.3824878,1.55,0.14437,0.05053,92.947,129.31,1058.977,2203077050368.0,Industrials,Conglomerates
6988.T,日東電工,2026-09-01,18.170744,18.68086,2.072894,1.82,0.12546,0.12913999,,197.02,1727.054,2368255295488.0,Basic Materials,Specialty Chemicals
1928.T,積水ハウス,2026-09-01,8.748708,9.1930275,1.0415457,4.24,0.12644,0.06105,84.768,396.63,3331.587,2249386622976.0,Consumer Cyclical,Residential Construction
1812.T,鹿島建設,2026-09-01,13.207646,18.820353,1.6902097,3.02,,0.059439998,58.946,379.78,2967.679,2312133148672.0,Industrials,Engineering & Construction
9502.T,中部電力,2026-09-01,9.949243,12.774749,0.7149296,2.44,0.06044,0.04975,91.166,301.43,4194.819,2265425117184.0,Utilities,Utilities - Diversified
8473.T,ＳＢＩホールディングス,2026-09-01,5.281019,8.107842,1.1432568,3.17,0.23416,0.24256,302.859,624.69,2885.616,2132446150656.0,Financial Services,Financial Conglomerates
6383.T,ダイフク,2026-09-01,26.572073,40.161537,4.2795157,1.55,,0.12123,9.056,217.07,1347.816,2144768360448.0,Industrials,Specialty Industrial Machinery
3407.T,旭化成,2026-09-01,14.43656,16.841213,1.073804,2.68,0.09751,0.06098,56.856,116.96,1572.447,2262522920960.0,Industrials,Conglomerates
7186.T,横浜フィナンシャルグループ,2026-09-01,20.806297,26.403887,1.4937364,2.46,,0.2792,,94.01,1309.468,2174049976320.0,Financial Services,Banks - Regional
9532.T,大阪瓦斯,2026-09-01,15.039652,20.099146,1.22307,2.26,0.07901,0.068670005,42.406,390.9,4806.757,2231104176128.0,Utilities,Utilities - Regulated Gas
1801.T,大成建設,2026-09-01,12.673721,27.30042,2.2699137,3.02,,0.078990005,45.852,1025.35,5724.887,2118303481856.0,Industrials,Engineering & Construction
4684.T,オービック,2026-09-01,29.54015,31.633545,4.4268064,1.85,0.16645999,0.56193,,171.36,1143.488,2179465084928.0,Technology,Software - Application
1802.T,大林組,2026-09-01,12.295411,22.216583,1.6930952,3.14,0.16165,0.072519995,27.364,249.28,1810.294,2106946879488.0,Industrials,Engineering & Construction
6504.T,富士電機,2026-09-01,20.562576,22.505022,2.5236185,1.55,0.14274,0.08604,8.042,664.8,5416.825,1995698995200.0,Industrials,Electrical Equipment & Parts
8593.T,三菱ＨＣキャピタル,2026-09-01,14.90572,12.892939,1.0096966,3.73,0.07201,0.06292,498.194,94.93,1401.411,2028826525696.0,Financial Services,Credit Services
9531.T,東京瓦斯,2026-09-01,9.73139,23.485378,1.2192874,1.94,0.096260004,0.05617,70.137,654.48,5223.543,2092248072192.0,Utilities,Utilities - Regulated Gas
9107.T,川崎汽船,2026-09-01,16.081955,9.681481,1.1786245,3.6,0.07565,0.11924,12.975,210.36,2870.295,2026429743104.0,Industrials,Marine Shipping
6525.T,ＫＯＫＵＳＡＩ　ＥＬＥＣＴＲＩＣ,2026-09-01,66.716034,44.750603,8.888469,0.75,,0.0,22.405,128.29,962.933,1997532299264.0,Technology,Semiconductor Equipment & Materials
8331.T,千葉銀行,2026-09-01,19.544085,25.87457,1.5330777,2.27,0.08298001,0.27705,,146.08,1862.267,1973560934400.0,Financial Services,Banks - Regional
7272.T,ヤマハ発動機,2026-09-01,8.730478,10.309114,1.5133616,2.62,0.07716,0.02792,79.639,223.47,1289.183,1893894455296.0,Consumer Cyclical,Auto Manufacturers
5831.T,しずおかフィナンシャルグループ,2026-09-01,21.966627,29.471497,1.5301182,2.93,0.081999995,0.26049,,167.8,2408.964,1956736532480.0,Financial Services,Banks - Regional
7270.T,ＳＵＢＡＲＵ,2026-09-01,21.775991,6.1281867,0.69511765,4.35,0.03118,0.01767,13.14,125.62,3935.305,1927662665728.0,Consumer Cyclical,Auto Manufacturers
7550.T,ゼンショーホールディングス,2026-09-01,42.009495,36.762142,5.115293,0.68,0.17907,0.04079,91.263,275.89,2265.755,1813396979712.0,Consumer Cyclical,Restaurants
3402.T,東レ,2026-09-01,24.877174,19.45758,1.0553377,1.79,0.05609,0.03509,46.26,52.92,1247.468,1917695688704.0,Consumer Cyclical,Textile Manufacturing
6963.T,ローム,2026-09-01,,56.439175,2.4455168,1.03,,-0.30435,51.627,-397.31,2005.302,1893116018688.0,Technology,Semiconductors
7181.T,かんぽ生命保険,2026-09-01,11.288102,7.518994,0.40015745,2.95,,0.057540003,102.945,152.55,4303.306,1866084384768.0,Financial Services,Insurance - Life
9697.T,カプコン,2026-09-01,33.185364,31.915207,6.322506,1.08,,0.30193,,130.66,685.804,1813787049984.0,Communication Services,Electronic Gaming & Multimedia
9435.T,光通信,2026-09-01,11.702902,18.004261,1.4047669,1.98,0.14486,0.20982,86.268,3435.9,28623.965,1757112041472.0,Industrials,Conglomerates
9843.T,ニトリホールディングス,2026-09-01,19.190577,3.3918037,1.6978728,1.05,0.092180006,0.098009996,14.875,157.89,1784.586,1712124592128.0,Consumer Cyclical,"Furnishings, Fixtures & Appliances"
8113.T,ユニ・チャーム,2026-09-01,26.558216,5.5862226,2.0941908,2.21,0.08294,0.066539995,1.469,37.19,471.638,1699634479104.0,Consumer Defensive,Household & Personal Products
2801.T,キッコーマン,2026-09-01,27.656677,28.42695,2.9479249,1.36,0.12088,0.08465,10.577,66.06,619.758,1694980243456.0,Consumer Defensive,Packaged Foods
4755.T,楽天グループ,2026-09-01,,-99.39553,1.802549,,0.0034,-0.024330001,363.838,-29.64,419.628,1650453905408.0,Consumer Cyclical,Internet Retail
5334.T,日本特殊陶業,2026-09-01,14.648218,17.220905,1.9242339,1.26,0.24791999,0.24330999,28.507,570.24,4340.948,1625911984128.0,Consumer Cyclical,Auto Parts
7309.T,シマノ,2026-09-01,29.678522,21.545918,1.928091,1.82,0.06847,0.121829994,0.379,668.16,10284.784,1685369520128.0,Consumer Cyclical,Leisure
5706.T,三井金属,2026-09-01,18.056591,47.92346,3.907041,0.1,0.30622,0.14418,27.79,1596.37,7377.706,1649287626752.0,Industrials,Conglomerates
5019.T,出光興産,2026-09-01,10.556109,11.266054,1.0791597,2.54,0.22516,0.04239,136.942,140.44,1373.754,1776942841856.0,Energy,Oil & Gas Refining & Marketing
1803.T,清水建設,2026-09-01,13.1461935,29.883097,1.6421043,3.22,0.17629999,0.08135,55.696,186.67,1494.424,1666729902080.0,Industrials,Engineering & Construction
7259.T,アイシン,2026-09-01,16.819107,10.149372,0.76447785,3.33,0.08434,0.03146,28.868,137.76,3030.827,1625413648384.0,Consumer Cyclical,Auto Parts
7167.T,めぶきフィナンシャルグループ,2026-09-01,19.289568,43.764347,1.444707,2.58,0.09242,0.25542998,,88.96,1187.784,1610555981824.0,Financial Services,Banks - Regional
4188.T,三菱ケミカルグループ,2026-09-01,,13.890107,0.94473535,2.65,0.01418,0.013040001,73.776,-60.42,1340.587,1720778227712.0,Basic Materials,Specialty Chemicals
7202.T,いすゞ自動車,2026-09-01,12.01948,9.118063,1.0576149,4.11,0.116009995,0.04089,60.175,193.02,2193.615,1594390085632.0,Consumer Cyclical,Auto Manufacturers
5333.T,ＮＧＫ,2026-09-01,26.019417,26.864473,1.8629586,1.99,0.09237,0.103819996,28.279,206.0,2877.144,1508750262272.0,Industrials,Specialty Industrial Machinery
4911.T,資生堂,2026-09-01,,29.198257,2.2723835,1.61,-0.03079,-0.020539999,51.517,-51.42,1593.041,1446640091136.0,Consumer Defensive,Household & Personal Products
8136.T,サンリオ,2026-09-01,29.428188,10.044217,9.789644,1.24,,0.2755,7.69,44.77,134.581,1597376823296.0,Consumer Cyclical,Specialty Retail
8354.T,ふくおかフィナンシャルグループ,2026-09-01,17.554214,19.52353,1.3335483,2.66,0.087139994,0.21019,,452.37,5954.79,1500699295744.0,Financial Services,Banks - Regional
7911.T,ＴＯＰＰＡＮホールディングス,2026-09-01,21.78436,18.495508,1.0049465,0.57,0.05614,0.041350003,37.443,226.86,4917.675,1387911970816.0,Industrials,Conglomerates
2587.T,サントリービバレッジ＆フード,2026-09-01,15.6038885,13.647052,1.0329179,2.66,0.07988,0.049569998,1.087,290.12,4382.73,1398841409536.0,Consumer Defensive,Beverages - Non-Alcoholic
5844.T,京都フィナンシャルグループ,2026-09-01,14.73358,35.88066,1.0181677,2.2,0.07948,0.31151,,338.75,4901.943,1406198087680.0,Financial Services,Banks - Regional
8303.T,ＳＢＩ新生銀行,2026-09-01,11.488402,,1.1449805,1.27,,0.19402,,137.53,1379.936,1401459965952.0,Financial Services,Banks - Regional
3003.T,ヒューリック,2026-09-01,11.440111,13.202907,1.4415425,3.75,0.13069999,0.1415,232.092,157.21,1247.622,1365636546560.0,Real Estate,Real Estate - Diversified
4523.T,エーザイ,2026-09-01,34.71786,23.478302,1.4788469,3.38,0.049629997,0.049390003,29.077,136.99,3216.019,1342314381312.0,Healthcare,Drug Manufacturers - Specialty & Generic
6586.T,マキタ,2026-09-01,17.881433,21.794611,1.3728267,3.94,0.08596,0.10406999,1.697,299.92,3906.538,1381808209920.0,Industrials,Tools & Accessories
9147.T,ＮＩＰＰＯＮ　ＥＸＰＲＥＳＳホールディングス,2026-09-01,75.26302,9.501442,1.6805943,1.73,0.024400001,0.00691,101.717,77.94,3490.432,1393901699072.0,Industrials,Integrated Freight & Logistics
9021.T,西日本旅客鉄道,2026-09-01,10.915442,12.839412,1.1268132,3.23,0.0934,0.06386,115.25,277.68,2689.887,1379358998528.0,Industrials,Railroads
6479.T,ミネベアミツミ,2026-09-01,13.820215,15.875973,1.4777213,1.78,,0.06348,52.132,246.74,2307.607,1369440780288.0,Technology,Electronic Components
4151.T,協和キリン,2026-09-01,17.300882,19.36716,1.5356128,2.66,0.092530005,0.15353,,155.31,1749.79,1406876909568.0,Healthcare,Drug Manufacturers - Specialty & Generic
7912.T,大日本印刷,2026-09-01,13.170193,15.793764,1.0814549,1.32,0.069180004,0.05409,18.92,235.38,2866.509,1330453938176.0,Industrials,Conglomerates
4768.T,大塚商会,2026-09-01,20.812096,24.166502,3.3676822,2.91,0.16991,0.04848,1.431,176.58,1091.255,1393564319744.0,Technology,Information Technology Services
9202.T,ＡＮＡホールディングス,2026-09-01,9.454579,6.236396,0.9475677,1.97,0.13206,0.06215,84.724,321.22,3205.048,1314121449472.0,Industrials,Airlines
9201.T,日本航空,2026-09-01,9.8559885,12.140793,0.8983587,3.19,0.090670004,0.05544,55.55,306.92,3367.252,1300228866048.0,Industrials,Airlines
9602.T,東宝,2026-09-01,25.918068,6.4573846,2.635549,1.39,0.0971,0.13277,0.296,61.27,602.531,1320979791872.0,Communication Services,Entertainment
3563.T,ＦＯＯＤ　＆　ＬＩＦＥ　ＣＯＭＰＡＮＩＥＳ,2026-09-01,48.18508,36.308987,11.018862,0.34,0.29974002,0.06204,176.208,125.35,548.151,1372707749888.0,Consumer Cyclical,Restaurants
6841.T,横河電機,2026-09-01,22.419554,23.60237,2.5257115,1.8,,0.0,4.682,227.48,2019.233,1276235874304.0,Industrials,Specialty Industrial Machinery
6506.T,安川電機,2026-09-01,34.622467,22.939138,2.513166,1.51,0.07511,0.06073,24.475,135.75,1870.151,1219029368832.0,Industrials,Electrical Equipment & Parts
8439.T,東京センチュリー,2026-09-01,12.135217,15.056523,1.1609765,3.34,0.10875,0.0,413.86,227.19,2374.725,1347516497920.0,Industrials,Rental & Leasing Services
6645.T,オムロン,2026-09-01,37.693413,24.174566,1.5485791,1.56,0.05131,0.042579997,31.574,173.85,4231.621,1288512471040.0,Technology,Electronic Components
3099.T,三越伊勢丹ホールディングス,2026-09-01,16.456821,21.774942,2.0510225,1.71,,0.14458999,12.073,213.65,1714.267,1223196803072.0,Consumer Cyclical,Department Stores
6305.T,日立建機,2026-09-01,17.244987,13.810278,1.3713402,3.31,0.10929,0.06297,58.427,344.1,4327.154,1261430767616.0,Industrials,Farm & Heavy Construction Machinery
5201.T,ＡＧＣ,2026-09-01,13.698791,14.1849985,0.81379384,3.66,0.06104,0.041950002,38.309,427.41,7194.697,1243565654016.0,Industrials,Conglomerates
2269.T,明治ホールディングス,2026-09-01,35.13221,21.700096,1.5950022,2.45,0.05525,0.03384,16.913,129.34,2848.899,1232181919744.0,Consumer Defensive,Packaged Foods
8359.T,八十二長野銀行,2026-09-01,19.393251,51.818184,1.0360916,2.39,0.06514,0.26992,,141.08,2640.693,1245173383168.0,Financial Services,Banks - Regional
3436.T,ＳＵＭＣＯ,2026-09-01,,67.37762,2.0418024,0.59,-0.04061,-0.06612,57.301,-79.33,1624.545,1160062042112.0,Technology,Semiconductor Equipment & Materials
7701.T,島津製作所,2026-09-01,19.383512,18.901161,2.0376267,2.1,0.12335,0.11504,1.812,209.25,1990.551,1171941097472.0,Technology,Scientific & Technical Instruments
5101.T,横浜ゴム,2026-09-01,8.220299,14.247122,1.0434016,3.0,0.14314,0.10998,54.288,904.59,7126.69,1173009465344.0,Consumer Cyclical,Auto Parts
6869.T,シスメックス,2026-09-01,34.551205,18.577635,2.4515731,2.04,0.08335,0.075430006,25.407,56.93,802.342,1184216252416.0,Healthcare,Medical Devices
5411.T,ＪＦＥホールディングス,2026-09-01,18.357672,6.0914984,0.4672191,4.33,0.0377,0.02056,85.683,105.46,4143.666,1231559852032.0,Basic Materials,Steel
2768.T,双日,2026-09-01,11.747469,10.996349,1.0565802,3.21,0.10727999,0.03768,125.907,494.83,5501.712,1209454166016.0,Industrials,Conglomerates
4528.T,小野薬品工業,2026-09-01,16.737373,14.694059,1.3473837,3.26,0.0926,0.15116,13.418,148.5,1844.686,1167954542592.0,Healthcare,Drug Manufacturers - General
2413.T,エムスリー,2026-09-01,25.262285,25.540823,2.9920049,1.2,,0.12988,,72.44,611.63,1221397053440.0,Healthcare,Health Information Services
6448.T,ブラザー工業,2026-09-01,20.391523,21.324553,1.557253,2.04,0.123900004,0.113350004,0.099,247.75,3244.174,1249493516288.0,Industrials,Business Equipment & Supplies
1944.T,きんでん,2026-09-01,20.730177,36.566715,2.7615764,2.0,0.14601,0.09716,56.624,350.6,2631.83,1195453054976.0,Industrials,Engineering & Construction
6532.T,ベイカレント,2026-09-01,32.69756,32.54076,11.101992,1.59,0.38583001,0.24941,5.267,249.04,733.472,1196890914816.0,Industrials,Consulting Services
6976.T,太陽誘電,2026-09-01,86.57092,49.564846,3.283427,0.98,0.05335,0.0499,40.27,107.23,2827.229,1161738715136.0,Technology,Electronic Components
5830.T,いよぎんホールディングス,2026-09-01,15.7600565,28.019596,1.2454028,1.99,0.078260005,0.31601998,,254.06,3215.024,1149542858752.0,Financial Services,Banks - Regional
1773.T,ワイ・ティー・エル・コーポレーション・バーハッド,2026-09-01,20.81545,,1.5081581,2.43,0.10075,0.045489997,189.601,4.66,64.316864,1128876474368.0,Utilities,Utilities - Diversified
7201.T,日産自動車,2026-09-01,,-23.101568,0.24296936,,-0.076519996,-0.03372,172.415,-152.59,1394.826,1184924041216.0,Consumer Cyclical,Auto Manufacturers
5838.T,楽天銀行,2026-09-01,15.34451,21.42881,2.8445263,,0.20007999,0.37164003,,418.13,2255.56,1119659491328.0,Financial Services,Banks - Regional
1878.T,大東建託,2026-09-01,11.253052,2.4120655,2.2182698,4.89,0.20658001,0.049629997,60.69,299.03,1516.948,1095873921024.0,Real Estate,Real Estate - Diversified
9042.T,阪急阪神ホールディングス,2026-09-01,14.193509,14.406545,0.98284245,2.13,0.0735,0.065809995,124.309,330.01,4765.769,1096261042176.0,Industrials,Conglomerates
8729.T,ソニーフィナンシャルグループ,2026-09-01,20.865633,,1.2365246,5.05,0.118389994,0.0,198.612,7.74,130.608,1083413954560.0,Financial Services,Insurance - Life
4021.T,日産化学,2026-09-01,22.60938,25.817156,4.423622,2.58,0.2178,0.18252,17.367,368.21,1881.942,1110540288000.0,Basic Materials,Chemicals
3391.T,ツルハホールディングス,2026-09-01,15.637146,3.607166,1.1650395,2.08,,0.02481,22.553,144.08,1933.84,1020816195584.0,Healthcare,Pharmaceutical Retailers
1942.T,関電工,2026-09-01,18.58668,34.188488,2.9928865,2.37,0.16861999,0.0872,2.919,311.89,1936.926,1153683816448.0,Industrials,Engineering & Construction
9684.T,スクウェア・エニックス・ホールディングス,2026-09-01,38.478394,11.225541,3.2174895,1.46,0.111379996,0.120120004,,82.15,982.443,1140095320064.0,Communication Services,Electronic Gaming & Multimedia
5332.T,ＴＯＴＯ,2026-09-01,25.705458,25.570627,1.9151667,1.87,0.07418,0.05519,4.541,242.75,3258.202,1026183593984.0,Industrials,Building Products & Equipment
4204.T,積水化学工業,2026-09-01,14.664514,13.864024,1.2710263,3.09,0.09024999,0.055960003,21.463,182.72,2108.139,1081984876544.0,Industrials,Conglomerates
8334.T,群馬銀行,2026-09-01,18.480507,43.05263,1.713534,2.46,0.10296,0.31309,,154.92,1670.816,1083644510208.0,Financial Services,Banks - Regional
4186.T,東京応化工業,2026-09-01,25.492071,43.726624,2.4947853,0.93,0.05544,0.061279997,,334.81,3421.136,1023994429440.0,Technology,Electronic Components
7747.T,朝日インテック,2026-09-01,31.473806,47.736988,5.8097277,1.32,0.19742,0.22057,4.969,120.64,653.559,1007436431360.0,Healthcare,Medical Instruments & Supplies
2875.T,東洋水産,2026-09-01,14.874109,16.773378,1.9194032,2.1,0.14105,0.13387999,0.574,713.32,5527.76,1019913633792.0,Consumer Defensive,Packaged Foods
3088.T,マツキヨココカラ＆カンパニー,2026-09-01,18.617363,18.762152,1.9086401,2.14,0.111,0.05092,0.282,139.95,1365.108,1024794034176.0,Healthcare,Pharmaceutical Retailers
6724.T,セイコーエプソン,2026-09-01,58.23385,16.424044,1.2283347,2.48,0.0297,0.01684,31.203,56.96,2700.404,1062858850304.0,Technology,Computer Hardware
3092.T,ＺＯＺＯ,2026-09-01,21.638346,6.846473,10.476191,3.48,0.51832,0.21019,20.357,54.14,111.825,1025781006336.0,Consumer Cyclical,Internet Retail
6856.T,堀場製作所,2026-09-01,22.963957,24.274307,2.6969566,1.53,0.12679,0.118240006,17.216,1020.73,8691.278,984985305088.0,Technology,Scientific & Technical Instruments
8377.T,ほくほくフィナンシャルグループ,2026-09-01,17.404448,37.161804,1.3352828,0.18,0.09722,0.28031,,482.98,6295.296,1003693539328.0,Financial Services,Banks - Regional
9962.T,ミスミグループ本社,2026-09-01,25.372734,26.899254,2.585332,1.52,0.12247,0.094919994,,148.9,1461.321,992792936448.0,Industrials,Tools & Accessories
3289.T,東急不動産ホールディングス,2026-09-01,10.008862,12.473544,1.0615621,3.76,0.10542,0.07361,206.122,135.43,1276.892,966785040384.0,Real Estate,Real Estate - Diversified
7752.T,リコー,2026-09-01,17.88239,15.11648,0.836116,2.59,0.07453,0.03127,43.356,97.61,2087.629,981057798144.0,Industrials,Business Equipment & Supplies
4324.T,電通グループ,2026-09-01,,11.539176,2.2778919,,-0.34882998,-0.14140001,92.676,-800.8,1635.723,967218167808.0,Communication Services,Advertising Agencies
9508.T,九州電力,2026-09-01,6.969389,13.384409,0.8349677,2.47,0.14633,0.07402,256.946,314.59,2625.85,1036566069248.0,Utilities,Utilities - Independent Power Producers
9005.T,東急,2026-09-01,10.915956,14.480446,1.0035312,1.93,,0.0,148.251,152.3,1656.65,936673804288.0,Consumer Cyclical,Department Stores
9401.T,ＴＢＳホールディングス,2026-09-01,18.302252,28.099518,0.5812987,1.66,0.03711,0.11408,4.924,331.38,10433.534,953314836480.0,Communication Services,Broadcasting
8050.T,セイコーグループ,2026-09-01,42.893753,33.68329,4.969501,0.89,0.15445,0.075,54.786,269.27,2324.177,944284565504.0,Consumer Cyclical,Footwear & Accessories
4005.T,住友化学,2026-09-01,16.696283,15.92041,0.9285283,2.8,0.13168,0.04463,80.157,37.14,667.831,1024326041600.0,Basic Materials,Chemicals
3064.T,ＭｏｎｏｔａＲＯ,2026-09-01,26.46077,31.24692,7.7434797,1.92,0.29909,0.09701,17.301,71.88,245.626,935351353344.0,Consumer Cyclical,Internet Retail
9143.T,ＳＧホールディングス,2026-09-01,15.469641,13.611509,1.6645073,3.57,0.114870004,0.035469998,71.869,98.16,912.282,906145955840.0,Industrials,Integrated Freight & Logistics
4732.T,ユー・エス・エス,2026-09-01,22.810982,25.818415,4.9056053,2.83,0.22409001,0.0,1.111,88.51,411.57,916707803136.0,Consumer Cyclical,Auto & Truck Dealerships
6370.T,栗田工業,2026-09-01,22.1032,23.852228,2.6003046,1.66,0.13613,0.06003,34.042,362.21,3078.87,862220124160.0,Industrials,Pollution & Treatment Controls
3288.T,オープンハウスグループ,2026-09-01,8.179091,10.479665,1.5045776,2.58,0.20166999,0.07839,136.42,980.06,5327.741,882823856128.0,Real Estate,Real Estate - Diversified
8341.T,七十七銀行,2026-09-01,16.55252,15.610895,1.181896,2.6,0.09386,0.31388,,242.38,3394.546,895070240768.0,Financial Services,Banks - Regional
9501.T,東京電力ホールディングス,2026-09-01,,2.7000377,0.27010852,,0.12517999,0.06165,196.059,-283.48,2118.778,917226389504.0,Utilities,Utilities - Renewable
9023.T,東京地下鉄,2026-09-01,14.479126,,1.1553559,2.99,0.07376,0.1258,149.06,101.56,1272.768,853767684096.0,Industrials,Railroads
2897.T,日清食品ホールディングス,2026-09-01,19.33935,14.604786,1.6487852,2.34,0.09625,0.058870003,34.874,156.21,1832.258,865752383488.0,Consumer Defensive,Packaged Foods
9024.T,西武ホールディングス,2026-09-01,22.971989,24.595861,1.5361534,1.22,0.07507,0.07872,119.746,151.01,2258.238,881742774272.0,Industrials,Conglomerates
6806.T,ヒロセ電機,2026-09-01,26.172886,,2.2360547,2.01,0.08823,0.14817001,1.776,990.72,11596.317,848504422400.0,Technology,Electronic Components
1911.T,住友林業,2026-09-01,9.744746,2.139618,0.661471,3.72,0.12991,0.031229999,75.836,137.51,2025.788,821663629312.0,Consumer Cyclical,Residential Construction
2267.T,ヤクルト本社,2026-09-01,19.039406,16.200045,1.3731703,2.54,0.08218,0.09427,17.337,150.74,2090.054,823218864128.0,Consumer Defensive,Beverages - Non-Alcoholic
4042.T,東ソー,2026-09-01,20.59846,12.344896,0.99772644,3.75,,0.051999997,30.38,132.34,2732.212,839309656064.0,Basic Materials,Chemicals
3626.T,ＴＩＳＩ,2026-09-01,19.68381,17.351284,2.8958063,2.27,0.15434,0.080019996,20.591,204.94,1393.049,851130187776.0,Technology,Information Technology Services
5406.T,神戸製鋼所,2026-09-01,8.681388,7.4779897,0.6483267,3.96,0.056750003,0.027509999,55.392,237.75,3183.58,816215031808.0,Basic Materials,Steel
6465.T,ホシザキ,2026-09-01,20.661158,21.460043,1.9590194,2.02,0.09835,0.0739,1.605,273.46,2884.096,791334092800.0,Industrials,Specialty Industrial Machinery
3231.T,野村不動産ホールディングス,2026-09-01,9.813723,2.1390386,1.013049,4.72,0.09599,0.08158,211.464,96.63,936.085,810046652416.0,Real Estate,Real Estate - Development
6113.T,アマダ,2026-09-01,26.092676,20.115435,1.4964752,2.47,,0.07236,14.89,98.84,1723.383,795006730240.0,Industrials,Specialty Industrial Machinery
5711.T,三菱マテリアル,2026-09-01,19.071218,17.630083,0.9994176,2.05,0.14458999,0.04773,88.9,310.73,5929.453,774394478592.0,Basic Materials,Other Industrial Metals & Mining
3086.T,Ｊ．フロント　リテイリング,2026-09-01,26.004078,23.058176,1.7489887,1.9,0.06483,0.06239,83.507,112.79,1676.969,721249501184.0,Consumer Cyclical,Department Stores
4183.T,三井化学,2026-09-01,25.324745,5.0910687,0.9603981,3.43,0.08045,0.03837,82.395,91.61,2415.665,838766362624.0,Basic Materials,Specialty Chemicals
6481.T,ＴＨＫ,2026-09-01,30.11546,33.595707,2.6690705,2.98,0.08269,-0.18523,50.658,218.26,2462.655,736661143552.0,Industrials,Specialty Industrial Machinery
6845.T,アズビル,2026-09-01,20.121548,25.644049,3.2767768,2.49,0.16804,0.12871,8.777,75.69,464.786,763022934016.0,Industrials,Specialty Industrial Machinery
3197.T,すかいらーくホールディングス,2026-09-01,40.38645,64.717125,3.9534369,0.8,0.102,0.03974,70.461,83.84,856.47,770050359296.0,Consumer Cyclical,Restaurants
7261.T,マツダ,2026-09-01,22.894169,4.640642,0.4183012,4.46,0.05876,0.02093,44.479,55.56,3040.871,802594160640.0,Consumer Cyclical,Auto Manufacturers
5929.T,三和ホールディングス,2026-09-01,13.079929,16.019142,2.2712245,3.63,0.18129,0.08693,12.574,281.5,1621.152,766914265088.0,Industrials,Building Products & Equipment
1808.T,長谷工コーポレーション,2026-09-01,14.481915,13.937627,1.3770795,3.45,0.115880005,0.048860002,73.346,204.6,2151.655,784769875968.0,Consumer Cyclical,Residential Construction
4182.T,三菱瓦斯化学,2026-09-01,,14.097554,1.1411055,2.77,-0.0337,-0.03877,31.299,-207.05,3414.233,759808458752.0,Basic Materials,Specialty Chemicals
4385.T,メルカリ,2026-09-01,22.105768,45.900826,5.5676494,,0.29884002,0.15439,199.554,208.95,829.614,763152957440.0,Consumer Cyclical,Internet Retail
2501.T,サッポロビール,2026-09-01,77.01696,10.819529,1.4152374,2.12,0.023810001,0.6287,28.817,24.17,1315.327,725934735360.0,Consumer Defensive,Beverages - Brewers
3861.T,王子ホールディングス,2026-09-01,14.587696,11.677799,0.6982804,4.08,0.060100004,0.03412,92.148,61.12,1276.851,757177253888.0,Basic Materials,Paper & Paper Products
9404.T,日本テレビホールディングス,2026-09-01,13.627308,20.574865,0.7075719,1.48,0.06534,0.13344,2.58,225.87,4350.088,750454636544.0,Communication Services,Broadcasting
5444.T,大和工業,2026-09-01,12.338208,14.346844,1.381056,3.2,0.12218001,0.42876998,0.08,1024.46,9152.417,755270418432.0,Basic Materials,Steel
7729.T,東京精密,2026-09-01,28.634579,28.466017,3.6933036,1.71,0.144,0.15159,6.665,606.26,4700.399,704637108224.0,Technology,Semiconductor Equipment & Materials
8233.T,高島屋,2026-09-01,,17.615578,1.4960843,1.71,-0.0054,-0.010089999,86.255,-27.42,1551.049,679939932160.0,Consumer Cyclical,Department Stores
2212.T,山崎製パン,2026-09-01,17.812836,19.637697,1.588838,1.62,0.08939,0.03148,18.655,213.61,2394.832,749222756352.0,Consumer Defensive,Packaged Foods
2371.T,カカクコム,2026-09-01,38.8924,29.775915,11.277358,1.36,0.30614,0.18889,12.468,94.98,327.559,730807205888.0,Communication Services,Internet Content & Information
4704.T,トレンドマイクロ,2026-09-01,22.399673,20.262117,6.593788,3.08,0.29984,0.12185001,,269.87,916.772,784594698240.0,Technology,Software - Infrastructure
8060.T,キヤノンマーケティングジャパン,2026-09-01,17.86136,10.050518,1.9995714,2.54,0.11553001,0.06592,0.786,211.63,1890.405,778294919168.0,Industrials,Business Equipment & Supplies
3769.T,ＧＭＯペイメントゲートウェイ,2026-09-01,29.62252,34.125668,5.6223435,1.8,0.21662001,0.27649,41.874,312.6,1647.0,703232868352.0,Technology,Software - Infrastructure
2327.T,日鉄ソリューションズ,2026-09-01,24.224783,26.059172,2.7003188,2.16,0.11682,0.07883,8.353,168.34,1510.192,746198204416.0,Technology,Information Technology Services
8804.T,東京建物,2026-09-01,11.691811,14.098347,1.1850929,3.77,0.106359996,0.13406,247.989,296.96,2929.728,719186755584.0,Real Estate,Real Estate Services
9513.T,電源開発,2026-09-01,13.002734,11.715852,0.5200982,2.69,0.03387,0.02794,125.78,325.47,8136.925,744867102720.0,Utilities,Utilities - Renewable
5076.T,インフロニア・ホールディングス,2026-09-01,11.321632,31.081799,1.1221547,4.62,0.23747,0.11647,88.87,258.09,2603.919,739296870400.0,Industrials,Engineering & Construction
6323.T,ローツェ,2026-09-01,35.968525,28.597408,4.9892817,0.49,0.15192,0.16545,15.139,109.29,787.889,681760194560.0,Technology,Semiconductor Equipment & Materials
5991.T,日本発條,2026-09-01,24.67986,17.871443,1.5152917,2.01,0.08054,0.041550003,12.699,137.44,2238.513,687203024896.0,Consumer Cyclical,Auto Parts
7337.T,ひろぎんホールディングス,2026-09-01,16.598108,,1.1903977,2.91,0.08191,0.22167999,,145.86,2033.774,716982386688.0,Financial Services,Banks - Regional
6302.T,住友重機械工業,2026-09-01,17.063305,17.29204,0.97791874,2.52,0.06068,0.03602,38.419,338.68,5909.489,685397508096.0,Industrials,Specialty Industrial Machinery
8253.T,クレディセゾン,2026-09-01,11.161356,14.066071,0.88337344,3.43,0.09307,0.12394,466.593,424.59,5364.662,680869494784.0,Financial Services,Credit Services
2670.T,エービーシー・マート,2026-09-01,14.419995,14.812377,1.6657865,2.94,0.12385,0.12342,1.09,187.24,1620.856,668564914176.0,Consumer Cyclical,Apparel Retail
8227.T,しまむら,2026-09-01,16.250679,5.611113,1.3858395,2.44,0.09329,0.06506,,202.33,2372.569,682648535040.0,Consumer Cyclical,Apparel Retail
7276.T,小糸製作所,2026-09-01,45.715233,18.163857,1.158494,2.22,0.03805,0.0,0.238,60.33,2380.677,710156419072.0,Consumer Cyclical,Auto Parts
4527.T,ロート製薬,2026-09-01,20.953102,18.234589,2.2247062,1.64,0.10908,0.093739994,17.689,145.42,1369.619,688513155072.0,Consumer Defensive,Household & Personal Products
4751.T,サイバーエージェント,2026-09-01,16.558805,25.960976,3.2282093,1.48,0.2028,0.04583,32.514,80.35,412.148,674695282688.0,Communication Services,Advertising Agencies
5901.T,東洋製罐グループホールディングス,2026-09-01,12.640371,-43.732056,0.9695418,4.13,0.078439996,0.0543,28.114,361.54,4713.567,688174792704.0,Consumer Cyclical,Packaging & Containers
9041.T,近鉄グループホールディングス,2026-09-01,12.338651,12.992962,1.0677078,2.01,0.09847,0.03071,191.228,282.77,3267.748,663427547136.0,Industrials,Conglomerates
6965.T,浜松ホトニクス,2026-09-01,51.299694,27.845627,2.140706,1.6,0.055180002,0.07496,29.955,45.78,1097.068,678098436096.0,Technology,Electronic Components
5344.T,ＭＡＲＵＷＡ,2026-09-01,34.353806,27.152964,4.26091,0.21,,0.24515,,1521.52,12267.332,645003804672.0,Technology,Electronic Components
9072.T,ニッコンホールディングス,2026-09-01,35.93065,35.52853,2.7167797,2.03,0.0687,0.061880004,51.913,152.85,2021.511,681186361344.0,Industrials,Integrated Freight & Logistics
5021.T,コスモエネルギーホールディングス,2026-09-01,9.606091,4.007881,1.0211188,3.86,0.22760001,0.057350002,68.065,453.15,4262.971,691210616832.0,Energy,Oil & Gas Integrated
7762.T,シチズン時計,2026-09-01,22.306787,35.198715,2.3286614,1.88,0.10868,0.0,21.51,127.45,1220.873,693673590784.0,Consumer Cyclical,Footwear & Accessories
9506.T,東北電力,2026-09-01,8.15179,5.190837,0.60921675,3.01,0.0769,0.03179,308.159,169.84,2272.59,693351350272.0,Utilities,Utilities - Renewable
6269.T,三井海洋開発,2026-09-01,9.545243,27.045599,2.51462,2.06,0.3495,0.08823,25.077,1030.88,3913.116,672507494400.0,Energy,Oil & Gas Equipment & Services
7327.T,第四北越フィナンシャルグループ,2026-09-01,16.302385,,1.151131,3.07,0.086219996,0.22284001,,160.59,2274.285,687083094016.0,Financial Services,Banks - Regional
2181.T,パーソルホールディングス,2026-09-01,15.882046,17.047619,3.0656242,4.32,0.20683001,0.02753,34.607,19.16,99.262,678787219456.0,Industrials,Staffing & Employment Services
4203.T,住友ベークライト,2026-09-01,23.583576,27.15079,1.8378485,1.6,,0.09336001,8.326,319.29,4097.182,660647706624.0,Basic Materials,Specialty Chemicals
7189.T,西日本フィナンシャルホールディングス,2026-09-01,0.017054483,20.509394,1.0687091,2.87,0.07813,0.22153999,,288018.1,4596.199,684155469824.0,Financial Services,Banks - Regional
3291.T,飯田グループホールディングス,2026-09-01,10.425847,11.628303,0.6453786,3.87,0.06901,0.04508,82.629,229.19,3702.478,660290797568.0,Consumer Cyclical,Residential Construction
6473.T,ジェイテクト,2026-09-01,58.061085,17.400303,0.8597962,3.26,0.02722,0.00983,26.205,37.65,2542.463,695873372160.0,Consumer Cyclical,Auto Parts
7180.T,九州フィナンシャルグループ,2026-09-01,18.222324,21.23835,0.8588688,2.39,0.04895,0.16680999,,87.53,1857.094,672714981376.0,Financial Services,Banks - Regional
4506.T,住友ファーマ,2026-09-01,5.910781,92.81962,1.7458196,,0.38529,0.23728001,39.323,269.0,910.747,713263546368.0,Healthcare,Drug Manufacturers - Specialty & Generic
7731.T,ニコン,2026-09-01,,18.472,1.0859686,1.04,-0.15223,-0.13798,36.892,-261.64,1801.157,644339204096.0,Consumer Cyclical,Leisure
9009.T,京成電鉄,2026-09-01,13.628603,4.1173615,1.1630508,1.61,0.094160005,0.15107,71.229,99.57,1166.759,654398652416.0,Industrials,Railroads
8418.T,山口フィナンシャルグループ,2026-09-01,20.687683,29.972376,0.96120024,2.96,0.056999996,0.15958,,157.34,3386.391,655985672192.0,Financial Services,Banks - Regional
6134.T,ＦＵＪＩ,2026-09-01,39.260582,37.69235,2.5451577,2.66,,0.113520004,,179.06,2762.108,618028924928.0,Industrials,Specialty Industrial Machinery
2809.T,キユーピー,2026-09-01,26.321892,26.651392,1.998845,1.38,0.08178,0.047620002,7.205,181.18,2385.878,645696782336.0,Consumer Defensive,Packaged Foods
7282.T,豊田合成,2026-09-01,11.305352,15.862324,1.1255448,1.87,0.12039,0.055970002,21.634,493.66,4958.488,654437646336.0,Consumer Cyclical,Auto Parts
8366.T,滋賀銀行,2026-09-01,30.984388,54.438095,1.0175091,1.76,0.04443,0.17525999,,92.24,2808.82,656995254272.0,Financial Services,Banks - Regional
2579.T,コカ・コーラ　ボトラーズジャパンホールディングス,2026-09-01,36.26044,42.683056,1.7757006,1.83,0.05369,0.02214,47.463,110.12,2248.69,645963841536.0,Consumer Defensive,Beverages - Non-Alcoholic
5393.T,ニチアス,2026-09-01,20.77922,7.3603354,2.6665986,1.73,,0.0,4.505,165.55,1290.033,646546980864.0,Industrials,Conglomerates
3038.T,神戸物産,2026-09-01,18.398014,27.430351,3.6245594,1.13,0.21661,0.060310002,16.583,153.06,776.922,624620142592.0,Consumer Defensive,Grocery Stores
3132.T,マクニカホールディングス,2026-09-01,24.09778,13.709559,2.3326585,2.16,0.12819,0.025339998,33.573,155.45,1605.893,668897181696.0,Technology,Electronics & Computer Distribution
4403.T,日油,2026-09-01,15.608691,16.624374,2.1086473,2.58,0.13812,0.14583999,1.465,176.28,1304.865,618356670464.0,Basic Materials,Specialty Chemicals
4733.T,オービックビジネスコンサルタント,2026-09-01,36.193443,36.128952,3.8855762,1.48,0.11522,0.35673,,240.9,2243.94,655465709568.0,Technology,Information Technology Services
1721.T,コムシスホールディングス,2026-09-01,17.917675,21.948036,1.6100789,2.47,0.10163,0.06086,0.687,309.75,3447.036,637051928576.0,Industrials,Engineering & Construction
9064.T,ヤマトホールディングス,2026-09-01,47.34119,18.19569,1.1100641,2.36,0.02331,0.0070499997,36.069,41.56,1772.42,623061172224.0,Industrials,Trucking
5832.T,ちゅうぎんフィナンシャルグループ,2026-09-01,16.01545,23.98117,0.9417185,2.85,0.07051,0.20126,,222.66,3786.694,633914327040.0,Financial Services,Banks - Regional
5714.T,ＤＯＷＡホールディングス,2026-09-01,9.7162285,21.10272,1.310119,3.38,0.18461001,0.094799995,24.034,1049.79,7785.552,603312422912.0,Basic Materials,Other Industrial Metals & Mining
6460.T,セガサミーホールディングス,2026-09-01,,12.741173,1.7996318,1.77,-0.00054000004,-0.0004,39.964,-27.3,1750.358,639463129088.0,Communication Services,Electronic Gaming & Multimedia
6368.T,オルガノ,2026-09-01,21.085117,28.708504,4.2178655,1.02,0.21583,0.15515,26.333,617.26,3085.684,598460268544.0,Industrials,Pollution & Treatment Controls
9412.T,スカパーＪＳＡＴ,2026-09-01,25.021255,29.491768,1.9068283,2.29,0.08826,0.19851999,8.492,82.33,1080.328,583987167232.0,Communication Services,Broadcasting
9007.T,小田急電鉄,2026-09-01,16.714403,16.224215,1.2180531,3.37,0.07117,0.08303001,133.921,108.23,1485.157,619715952640.0,Industrials,Railroads
5110.T,住友ゴム工業,2026-09-01,9.74371,12.290907,0.7989152,3.74,0.09020001,0.049310002,44.89,235.28,2869.516,602575339520.0,Consumer Cyclical,Auto Parts
4536.T,参天製薬,2026-09-01,16.74719,17.644608,2.0393755,2.24,0.13425,0.13255,,113.84,934.845,613296898048.0,Healthcare,Drug Manufacturers - General
7459.T,メディパルホールディングス,2026-09-01,14.181739,17.001972,0.92389417,3.04,0.07293,0.01207,,206.78,3174.065,600278761472.0,Healthcare,Medical Distribution
5105.T,ＴＯＹＯ　ＴＩＲＥ,2026-09-01,9.89887,9.860457,1.0747328,3.72,0.11622,0.10025,11.166,387.62,3570.19,590944403456.0,Consumer Cyclical,Auto Parts
2282.T,日本ハム,2026-09-01,17.645918,18.526701,1.1212587,2.86,0.067379996,0.02313,45.995,361.16,5683.791,591735357440.0,Consumer Defensive,Packaged Foods
4676.T,フジ・メディア・ホールディングス,2026-09-01,127.94746,25.417147,1.1065427,4.76,0.023629999,0.02675,117.067,32.74,3785.665,596914077696.0,Communication Services,Broadcasting
9001.T,東武鉄道,2026-09-01,10.614307,13.16932,0.9362032,2.49,0.09385,0.084180005,126.825,282.92,3207.637,587180605440.0,Industrials,Railroads
3774.T,インターネットイニシアティブ,2026-09-01,24.445242,23.794212,3.749105,1.27,0.16308,0.067729995,47.228,139.25,907.95,603631321088.0,Communication Services,Telecom Services
1959.T,クラフティア,2026-09-01,14.845888,16.918278,1.7101887,2.7,0.12303001,0.08592,8.336,566.15,4914.662,594526208000.0,Industrials,Engineering & Construction
2331.T,ＡＬＳＯＫ,2026-09-01,17.81282,21.81298,1.5372229,2.71,,0.0,6.948,68.49,793.639,592995876864.0,Industrials,Security & Protection Services
2002.T,日清製粉グループ本社,2026-09-01,18.178612,16.178894,1.1177806,3.17,0.060960002,0.03496,16.757,113.43,1844.727,576564756480.0,Consumer Defensive,Packaged Foods
7951.T,ヤマハ,2026-09-01,25.693127,17.734959,1.2069463,1.94,0.06838,0.06704,4.743,52.66,1121.011,595180584960.0,Consumer Cyclical,Leisure
3635.T,コーエーテクモホールディングス,2026-09-01,13.192652,15.293911,2.073998,2.81,0.20599002,0.52886003,3.572,131.74,837.995,580904681472.0,Communication Services,Electronic Gaming & Multimedia
4088.T,エア・ウォーター,2026-09-01,15.484648,12.461965,1.5877818,2.86,-0.15251,-0.05994,125.475,174.56,1702.375,619700289536.0,Basic Materials,Specialty Chemicals
8368.T,百五銀行,2026-09-01,22.244417,,1.1291353,1.71,0.06419,0.20865999,,110.14,2169.802,591404597248.0,Financial Services,Banks - Regional
1969.T,高砂熱学工業,2026-09-01,15.401575,13.1283,2.7831864,2.85,0.18063,0.08422,19.125,285.75,1581.281,575927287808.0,Industrials,Building Products & Equipment
5631.T,日本製鋼所,2026-09-01,28.317703,26.571365,2.547299,1.25,0.10228,0.07831,39.917,261.25,2904.253,544572506112.0,Industrials,Specialty Industrial Machinery
1963.T,日揮ホールディングス,2026-09-01,13.75383,19.532019,1.3530006,2.21,0.11851,0.06696,8.387,172.97,1758.314,575898714112.0,Industrials,Engineering & Construction
6324.T,ハーモニック・ドライブ・システムズ,2026-09-01,335.31863,74.38235,6.548796,0.35,0.03708,0.04654,20.752,16.79,859.7,532974043136.0,Industrials,Specialty Industrial Machinery
9706.T,日本空港ビルデング,2026-09-01,18.689056,27.174164,2.5404885,1.61,0.18511,0.10609,94.268,313.82,2308.611,544421642240.0,Industrials,Airports & Air Services
9142.T,九州旅客鉄道,2026-09-01,12.298941,10.720505,1.1195143,3.34,0.093389995,0.08801,101.196,295.31,3244.264,558724612096.0,Industrials,Conglomerates
6471.T,日本精工,2026-09-01,24.489136,19.57531,0.8123781,3.06,0.04887,0.03241,49.416,46.49,1401.441,557091979264.0,Consumer Cyclical,Auto Parts
9468.T,ＫＡＤＯＫＡＷＡ,2026-09-01,477.2554,28.898977,2.3093753,0.81,,-0.021370001,0.39,7.87,1626.414,552003108864.0,Communication Services,Publishing
6268.T,ナブテスコ,2026-09-01,27.100815,42.510197,1.8863128,1.78,0.06902,0.07006,19.435,169.22,2431.198,537408208896.0,Industrials,Specialty Industrial Machinery
6674.T,ジーエス・ユアサ　コーポレーション,2026-09-01,12.6666355,18.646759,1.3457688,1.83,0.11978,0.0,30.93,417.08,3925.637,529987108864.0,Consumer Cyclical,Auto Parts
3405.T,クラレ,2026-09-01,70.581696,10.118446,0.7595015,2.92,0.00816,0.00912,41.476,26.99,2508.224,573970513920.0,Basic Materials,Chemicals
2871.T,ニチレイ,2026-09-01,19.780874,9.156304,1.8772329,2.32,0.1027,0.036930002,49.471,109.07,1149.298,540706701312.0,Consumer Defensive,Packaged Foods
6952.T,カシオ計算機,2026-09-01,31.441048,47.736313,2.3679805,1.79,0.10542,0.08276,17.974,80.15,1064.198,552648245248.0,Technology,Consumer Electronics
6508.T,明電舎,2026-09-01,21.608551,37.251465,2.8807282,1.4,0.17820999,0.08270001,21.484,521.09,3908.734,510798102528.0,Industrials,Specialty Industrial Machinery
1951.T,エクシオグループ,2026-09-01,17.777044,22.696175,1.5920831,3.03,0.10306,0.042579997,34.938,151.15,1687.726,546417967104.0,Industrials,Engineering & Construction
8252.T,丸井グループ,2026-09-01,18.524012,18.568537,2.224354,4.59,0.12443,0.10498,340.718,158.47,1319.709,524604145664.0,Financial Services,Credit Services
4812.T,電通総研,2026-09-01,31.745853,10.043653,5.2832937,1.58,0.17538999,0.10139,2.348,89.87,540.004,556848906240.0,Technology,Information Technology Services
4626.T,太陽ホールディングス,2026-09-01,28.857836,17.496685,4.18462,3.33,0.23756,0.18709,42.48,164.6,1135.109,528564224000.0,Basic Materials,Specialty Chemicals
3110.T,日東紡績,2026-09-01,13.707287,10.610303,3.2298977,0.88,0.28395,0.35814,26.786,229.44,973.715,572470525952.0,Consumer Cyclical,Textile Manufacturing
6871.T,日本マイクロニクス,2026-09-01,25.533497,56.43578,5.24747,5.55,0.26163998,0.21736999,4.978,484.07,2355.421,479209455616.0,Technology,Semiconductor Equipment & Materials
3349.T,コスモス薬品,2026-09-01,16.022646,17.754705,1.8106098,1.29,0.11843,0.029140001,27.662,404.49,3579.457,513666056192.0,Healthcare,Pharmaceutical Retailers
4912.T,ライオン,2026-09-01,18.277452,27.568468,1.581989,1.79,0.09651,0.06558,8.876,104.09,1202.6,526422605824.0,Consumer Defensive,Household & Personal Products
9301.T,三菱倉庫,2026-09-01,9.864665,12.174463,1.380007,2.88,0.11228,0.15348,36.719,155.91,1114.487,522578984960.0,Industrials,Integrated Freight & Logistics
4613.T,関西ペイント,2026-09-01,19.353317,15.825714,1.6944934,4.02,0.09264,0.04916,63.93,148.45,1695.492,510218043392.0,Basic Materials,Specialty Chemicals
5938.T,ＬＩＸＩＬ,2026-09-01,63.302753,22.310658,0.7897458,5.08,0.00889,0.00364,107.898,28.34,2271.617,515941957632.0,Industrials,Building Products & Equipment
7649.T,スギホールディングス,2026-09-01,10.602768,8.497259,1.622481,1.89,0.10896,0.02962,31.598,124.26,812.028,490254467072.0,Healthcare,Pharmaceutical Retailers
4980.T,デクセリアルズ,2026-09-01,19.025608,19.909798,4.579604,2.08,,0.24971001,18.22,160.1,665.123,510235901952.0,Technology,Electronic Components
7211.T,三菱自動車工業,2026-09-01,53.534138,4.381985,0.5842195,2.54,0.022669999,0.00368,43.011,7.47,684.503,535207215104.0,Consumer Cyclical,Auto Manufacturers
8088.T,岩谷産業,2026-09-01,11.059363,3.3329453,1.108293,2.12,0.17326,0.07979,44.169,207.2,2067.594,527446605824.0,Industrials,Conglomerates
8358.T,スルガ銀行,2026-09-01,15.080564,34.205116,1.5418855,2.01,0.1371,0.44891998,,198.6,1942.427,506515324928.0,Financial Services,Banks - Regional
5947.T,リンナイ,2026-09-01,14.177526,16.159138,1.1628772,2.92,0.09177,0.07538,2.055,260.13,3171.444,509200728064.0,Consumer Cyclical,"Furnishings, Fixtures & Appliances"
7173.T,東京きらぼしフィナンシャルグループ,2026-09-01,13.527852,,1.2557355,1.72,0.11545999,0.25077,,128.18,1380.864,496366452736.0,Financial Services,Banks - Regional
2433.T,博報堂ＤＹホールディングス,2026-09-01,29.893661,24.536873,1.2883801,2.34,0.04452,0.0194,31.327,46.08,1069.172,494566637568.0,Communication Services,Advertising Agencies
7240.T,ＮＯＫ,2026-09-01,10.897279,16.82846,0.7799104,4.54,0.08446,0.06644,9.712,284.75,3978.662,492896321536.0,Consumer Cyclical,Auto Parts
4631.T,ＤＩＣ,2026-09-01,8.882589,16.151665,0.9832787,3.18,0.12255,0.05031,81.88,596.11,5385.045,501505884160.0,Basic Materials,Specialty Chemicals
9364.T,上組,2026-09-01,15.730482,19.323786,1.2413545,4.3,0.07864,0.0,15.449,311.37,3945.69,480731267072.0,Industrials,Integrated Freight & Logistics
6787.T,メイコー,2026-09-01,24.463581,29.411764,3.3540502,0.81,0.15284,0.07667,107.323,758.27,5530.627,476117499904.0,Technology,Electronic Components
7988.T,ニフコ,2026-09-01,14.319704,14.979886,1.6137753,1.58,0.11878,0.09257,8.369,361.46,3207.386,482018557952.0,Consumer Cyclical,Auto Parts
8524.T,北洋銀行,2026-09-01,19.450163,42.26837,1.2541319,2.47,0.070310004,0.12051,,68.02,1054.913,494956904448.0,Financial Services,Banks - Regional
8012.T,長瀬産業,2026-09-01,15.025972,3.8866131,1.0823765,2.38,0.096470006,0.03966,46.863,78.93,1095.737,483689398272.0,Basic Materials,Specialty Chemicals
9831.T,ヤマダホールディングス,2026-09-01,32.859108,15.555073,0.7499385,2.37,0.02606,0.0091699995,44.656,21.79,954.745,476122415104.0,Consumer Cyclical,Specialty Retail
8304.T,あおぞら銀行,2026-09-01,18.700108,18.663868,0.96095854,2.76,0.06564,0.2193,,185.4,3607.856,479767166976.0,Financial Services,Banks - Regional
1662.T,石油資源開発,2026-09-01,9.489576,13.131715,0.8570505,2.35,0.07475,0.12694,9.263,208.65,2310.249,505377357824.0,Energy,Oil & Gas E&P
4205.T,日本ゼオン,2026-09-01,14.029259,21.854912,1.2679293,3.14,,0.0,9.338,186.61,2064.784,500942536704.0,Basic Materials,Specialty Chemicals
5471.T,大同特殊鋼,2026-09-01,14.304706,15.730603,0.9549858,2.27,0.07555,0.058819998,39.527,161.73,2422.549,462361788416.0,Basic Materials,Steel
5233.T,太平洋セメント,2026-09-01,18.96438,7.389281,0.69802296,2.83,0.0419,0.02961,73.659,227.69,6186.043,470503030784.0,Basic Materials,Building Materials
9008.T,京王電鉄,2026-09-01,10.775555,2.8747945,1.0011497,2.81,0.097559996,0.08425,105.769,72.98,785.497,455233699840.0,Industrials,Conglomerates
7380.T,十六フィナンシャルグループ,2026-09-01,17.354994,,0.9110591,2.12,0.061,0.19016,,153.27,2919.679,471099670528.0,Financial Services,Banks - Regional
9076.T,セイノーホールディングス,2026-09-01,19.40278,16.906475,0.99750805,4.39,0.062470004,0.03215,19.26,145.34,2827.045,458566336512.0,Industrials,Trucking
1860.T,戸田建設,2026-09-01,12.717982,17.192984,0.964335,3.91,0.10799,0.067540005,42.99,123.29,1625.991,464190406656.0,Industrials,Engineering & Construction
7389.T,あいちフィナンシャルグループ,2026-09-01,21.319569,,1.0000695,1.52,0.07832,0.28855,,89.12,1899.868,463093039104.0,Financial Services,Banks - Regional
8056.T,ＢＩＰＲＯＧＹ,2026-09-01,15.055779,16.8103,2.6318462,2.94,0.17351,0.06973,40.829,320.01,1830.654,465495064576.0,Technology,Information Technology Services
4401.T,ＡＤＥＫＡ,2026-09-01,17.188625,17.415567,1.4402416,2.83,0.09681,0.072519995,12.725,277.8,3315.416,463060271104.0,Basic Materials,Specialty Chemicals
6923.T,スタンレー電気,2026-09-01,15.332501,14.58564,0.98386264,3.08,0.0718,0.0584,35.997,240.6,3749.507,454153895936.0,Consumer Cyclical,Auto Parts
9989.T,サンドラッグ,2026-09-01,13.812237,13.515779,1.5156549,3.54,0.113120005,0.03701,16.755,268.53,2447.127,433889574912.0,Healthcare,Pharmaceutical Retailers
5741.T,ＵＡＣＪ,2026-09-01,Infinity,4.239491,1.1241488,2.99,0.23305,0.05663,99.322,0.0,2103.814,428228673536.0,Basic Materials,Aluminum
6754.T,アンリツ,2026-09-01,37.111477,48.46529,3.2459702,1.46,0.11332,0.11374,2.676,91.05,1040.983,432484646912.0,Technology,Scientific & Technical Instruments
9533.T,東邦瓦斯,2026-09-01,15.113364,5.698538,0.91599333,1.81,0.05143,0.03824,33.697,83.8,1382.652,450755297280.0,Utilities,Utilities - Regulated Gas
7003.T,三井Ｅ＆Ｓ,2026-09-01,11.169431,32.26687,1.9180131,1.36,0.19448,0.10832,35.226,381.04,2218.963,429506494464.0,Industrials,Aerospace & Defense
5805.T,ＳＷＣＣ,2026-09-01,22.547773,33.337204,4.2069206,0.46,0.23683001,0.07339,41.418,636.87,3413.423,425462267904.0,Industrials,Electrical Equipment & Parts
7164.T,全国保証,2026-09-01,13.228534,6.842742,1.7624118,3.83,0.14051,0.56055,12.347,243.64,1828.744,428918505472.0,Financial Services,Credit Services
6770.T,アルプスアルパイン,2026-09-01,17.297277,21.787683,1.0229274,2.84,0.06243,0.02564,22.353,134.79,2279.243,454980272128.0,Technology,Electronic Components
6141.T,ＤＭＧ森精機,2026-09-01,61.140743,10.474885,1.1922585,3.51,0.027090002,0.04595,34.802,48.74,2499.458,420478517248.0,Industrials,Specialty Industrial Machinery
4967.T,小林製薬,2026-09-01,265.26364,24.289526,2.0331826,1.86,0.0078100003,0.0097,0.345,21.62,2820.701,426331996160.0,Consumer Defensive,Household & Personal Products
9065.T,山九,2026-09-01,13.666357,16.726824,1.3742094,1.87,0.114209995,0.05391,34.293,613.77,6103.873,420617388032.0,Industrials,Integrated Freight & Logistics
2222.T,寿スピリッツ,2026-09-01,33.654907,29.759836,9.339563,1.26,0.31389,0.16136,,81.37,293.215,422914883584.0,Consumer Defensive,Confectioners
6592.T,マブチモーター,2026-09-01,14.643648,13.589314,1.2512184,3.97,0.09277,0.14169,5.22,121.93,1427.009,425316515840.0,Consumer Cyclical,Auto Parts
9006.T,京浜急行電鉄,2026-09-01,15.364225,19.815142,1.1036088,2.93,0.07074,0.08762,141.312,101.86,1418.075,412387639296.0,Industrials,Conglomerates
6753.T,シャープ,2026-09-01,9.220761,12.374563,1.4831605,,0.09599,0.012560001,152.005,73.02,453.963,437178040320.0,Technology,Consumer Electronics
2531.T,宝ホールディングス,2026-09-01,36.180073,23.354702,1.6257623,1.46,0.02772,0.029660001,22.88,60.42,1344.6,418497363968.0,Consumer Defensive,Beverages - Brewers
2784.T,アルフレッサ　ホールディングス,2026-09-01,10.159007,14.52326,0.84233034,3.11,0.08169,0.012510001,6.169,229.55,2768.51,409056247808.0,Healthcare,Medical Distribution
4681.T,リゾートトラスト,2026-09-01,19.178082,10.929278,2.4638505,1.9,0.14783,0.08592,23.894,98.55,767.092,401340923904.0,Consumer Cyclical,Resorts & Casinos
8424.T,芙蓉総合リース,2026-09-01,18.79057,5.845493,0.7919213,3.89,0.04656,0.02728,516.379,238.79,5665.967,404734050304.0,Industrials,Rental & Leasing Services
3116.T,トヨタ紡織,2026-09-01,18.039335,8.471947,0.85257095,3.77,0.055760004,0.01018,33.826,130.16,2754.023,419492954112.0,Consumer Cyclical,Auto Parts
8283.T,ＰＡＬＴＡＣ,2026-09-01,18.484444,,1.3398305,,,0.01847,,358.68,4948.387,401983012864.0,Consumer Defensive,Household & Personal Products
9507.T,四国電力,2026-09-01,8.3987055,13.808004,0.86840004,2.79,0.118319996,0.0719,160.914,247.3,2391.755,426820173824.0,Utilities,Utilities - Regulated Electric
8410.T,セブン銀行,2026-09-01,28.037922,19.434286,1.4151611,3.25,0.06197,0.07405,,12.13,240.326,397236076544.0,Financial Services,Banks - Regional
1332.T,ニッスイ,2026-09-01,14.221557,14.43769,1.272699,2.51,0.102589995,0.02954,95.197,90.18,1007.701,388946132992.0,Consumer Defensive,Packaged Foods
6417.T,ＳＡＮＫＹＯ,2026-09-01,9.038718,1354.0,1.6101605,4.98,0.14407,0.23718001,,224.7,1261.365,401150377984.0,Consumer Cyclical,Gambling
2607.T,不二製油,2026-09-01,36.435062,25.412346,1.642995,1.34,0.06018,0.01763,114.175,129.82,2878.889,406697181184.0,Consumer Defensive,Packaged Foods
1893.T,五洋建設,2026-09-01,11.926752,21.594349,2.1125638,3.57,0.19128,0.0435,127.205,125.6,709.091,404953792512.0,Industrials,Engineering & Construction
4114.T,日本触媒,2026-09-01,24.397537,28.010042,1.005608,5.24,0.05899,0.05407,16.291,112.04,2718.256,403944636416.0,Basic Materials,Chemicals
5463.T,丸一鋼管,2026-09-01,15.211304,6.492213,1.1265125,2.95,0.08189,0.11225,1.202,117.84,1591.194,396873826304.0,Basic Materials,Steel
8425.T,みずほリース,2026-09-01,8.166627,2.4240308,0.8625029,3.78,0.13148,0.06101,768.988,169.96,1609.27,388899307520.0,Financial Services,Credit Services
9449.T,ＧＭＯインターネットグループ,2026-09-01,23.387321,27.426407,2.6556296,1.7,0.16381,0.058769997,194.158,179.67,1582.299,400854188032.0,Communication Services,Telecom Services
8381.T,山陰合同銀行,2026-09-01,17.630577,,1.2186182,2.57,0.08111,0.19398001,,149.91,2168.85,394625056768.0,Financial Services,Banks - Regional
3923.T,ラクス,2026-09-01,30.907858,19.094257,10.530641,0.69,0.81297,0.40366,,36.9,108.303,403861700608.0,Technology,Information Technology Services
9605.T,東映,2026-09-01,15.781884,28.508032,1.2505605,0.2,0.10115,0.12550999,5.729,374.48,4725.881,369297752064.0,Communication Services,Entertainment
9336.T,大栄環境,2026-09-01,24.334625,24.6519,3.506848,1.42,0.16145,0.17926,95.069,160.06,1110.684,389017894912.0,Industrials,Waste Management
3941.T,レンゴー,2026-09-01,19.272556,10.371782,0.79310465,3.07,0.05741,0.02569,92.044,84.68,2057.736,395067719680.0,Consumer Cyclical,Packaging & Containers
7984.T,コクヨ,2026-09-01,17.751104,4.334349,1.5280111,2.66,0.08604,0.05935,1.413,52.07,604.904,389180686336.0,Industrials,Business Equipment & Supplies
2264.T,森永乳業,2026-09-01,16.676338,4.6337724,0.3350713,2.18,0.08248,0.03891,47.077,68.93,3430.613,371053133824.0,Consumer Defensive,Packaged Foods
3397.T,トリドールホールディングス,2026-09-01,202.80505,40.033222,3.9903047,0.27,,0.0,172.517,21.39,1087.135,381445373952.0,Consumer Cyclical,Restaurants
9069.T,センコーグループホールディングス,2026-09-01,19.909124,17.46517,1.6331036,2.5,0.088999994,0.02226,143.165,113.34,1381.725,377780076544.0,Industrials,Integrated Freight & Logistics
6005.T,三浦工業,2026-09-01,13.580712,13.648238,1.5257717,1.34,0.12908,0.10541,9.537,238.5,2122.86,374912188416.0,Industrials,Specialty Industrial Machinery
2229.T,カルビー,2026-09-01,22.103159,18.726545,1.8127555,2.23,0.08454,0.05184,16.774,139.98,1706.794,376192827392.0,Consumer Defensive,Packaged Foods
7419.T,ノジマ,2026-09-01,10.214194,4.316109,1.4495729,1.56,0.21113001,0.04935,31.717,125.12,881.639,373706096640.0,Consumer Cyclical,Specialty Retail
1961.T,三機工業,2026-09-01,48.401646,10.763192,3.1793513,2.68,0.23706,0.10163999,5.375,50.99,776.259,377029558272.0,Industrials,Engineering & Construction
8388.T,阿波銀行,2026-09-01,24.623217,,0.9166018,0.36,0.04662,0.18059999,,396.78,10658.937,379823587328.0,Financial Services,Banks - Regional
4202.T,ダイセル,2026-09-01,39.215687,6.966725,1.0552874,4.71,0.02908,0.01674,81.07,38.76,1440.366,388378230784.0,Basic Materials,Specialty Chemicals
8570.T,イオンフィナンシャルサービス,2026-09-01,17.149734,12.545891,0.7581088,3.17,0.06048,0.04129,,97.64,2208.786,361498050560.0,Financial Services,Credit Services
9048.T,名古屋鉄道,2026-09-01,18.185751,13.319485,0.74680406,3.16,0.049439996,0.04235,133.827,104.01,2532.793,370980421632.0,Industrials,Conglomerates
6728.T,アルバック,2026-09-01,21.278742,11.263631,1.5070404,2.03,0.07804,0.06351,19.525,347.06,4900.333,363148443648.0,Industrials,Specialty Industrial Machinery
6407.T,ＣＫＤ,2026-09-01,26.194221,21.134022,2.2199001,1.45,0.11288,0.09832,20.716,203.48,2401.009,356230627328.0,Industrials,Specialty Industrial Machinery
4194.T,ビジョナル,2026-09-01,21.585688,21.511318,4.5688767,,0.24264999,0.18638,0.191,430.98,2036.168,374161309696.0,Communication Services,Internet Content & Information
4118.T,カネカ,2026-09-01,12.700732,14.494642,0.755494,3.37,0.07355,0.04265,43.026,499.42,8395.831,380943892480.0,Basic Materials,Specialty Chemicals
8020.T,兼松,2026-09-01,11.856967,6.542493,1.8037261,3.1,0.18011999,0.03421,83.248,194.78,1280.405,384325681152.0,Industrials,Conglomerates
6135.T,牧野フライス製作所,2026-09-01,17.684135,28.922686,1.3847805,0.47,0.103199996,0.0922,19.934,897.98,11467.521,371459489792.0,Industrials,Specialty Industrial Machinery
8078.T,阪和興業,2026-09-01,10.091648,4.7030716,0.863005,3.52,0.09421,0.01451,82.79,193.13,2258.388,375701045248.0,Industrials,Conglomerates
7581.T,サイゼリヤ,2026-09-01,28.573755,25.272709,2.6265142,0.49,0.09854999,0.04171,22.327,245.68,2672.744,344882708480.0,Consumer Cyclical,Restaurants
1980.T,ダイダン,2026-09-01,13.7141485,9.657162,2.8261101,3.12,0.21871,0.10268,2.518,207.45,1006.684,368080584704.0,Industrials,Specialty Industrial Machinery
4680.T,ラウンドワン,2026-09-01,21.107075,18.529045,4.0951204,1.33,0.21531999,0.0,236.902,63.32,326.364,351329320960.0,Consumer Cyclical,Leisure
9504.T,中国電力,2026-09-01,5.5348616,5.6191745,0.4893557,2.97,0.050819997,0.02606,430.981,190.61,2155.896,379353038848.0,Utilities,Utilities - Renewable
6526.T,ソシオネクスト,2026-09-01,40.445797,13.969765,2.7241263,2.5,0.059959996,0.03746,,49.35,732.712,349877108736.0,Industrials,Electrical Equipment & Parts
3387.T,クリエイト・レストランツ・ホールディングス,2026-09-01,68.58169,20.105263,7.077744,0.66,,0.0,133.997,11.14,107.944,344564760576.0,Consumer Cyclical,Restaurants
6951.T,日本電子,2026-09-01,16.42298,12.979663,2.4590955,1.87,0.112959996,0.0,10.14,432.93,2891.307,346265812992.0,Technology,Scientific & Technical Instruments
6432.T,竹内製作所,2026-09-01,12.500816,14.192686,1.896353,2.89,0.16285999,0.12218001,,611.96,4034.059,353375813632.0,Industrials,Farm & Heavy Construction Machinery
5214.T,日本電気硝子,2026-09-01,14.253872,25.646439,0.7214488,3.3,0.05456,0.082600005,15.702,340.96,6736.445,358102630400.0,Technology,Electronic Components
5857.T,ＡＲＥホールディングス,2026-09-01,14.2424345,22.87472,1.562836,3.42,0.16078,0.046690002,112.971,287.17,2617.037,351513083904.0,Industrials,Waste Management
2593.T,伊藤園,2026-09-01,100.33322,17.71385,1.9688952,1.72,0.02125,0.00696,36.886,30.01,1529.284,346958495744.0,Consumer Defensive,Beverages - Non-Alcoholic
6507.T,シンフォニアテクノロジー,2026-09-01,23.281595,33.08458,3.3154185,1.28,0.16547,0.11378,16.723,514.14,3610.404,337741676544.0,Industrials,Specialty Industrial Machinery
8522.T,名古屋銀行,2026-09-01,17.612383,,1.1340665,2.75,0.07297,0.20255,,412.21,6401.741,357169659904.0,Financial Services,Banks - Regional
4666.T,パーク２４,2026-09-01,9.4863825,14.643436,3.2038124,3.24,0.41342998,0.097799994,148.919,218.84,647.978,354437890048.0,Industrials,Infrastructure Operations
8242.T,エイチ・ツー・オー　リテイリング,2026-09-01,11.954324,15.359144,1.1276972,1.58,0.117010005,0.053200003,44.838,252.21,2673.59,339747504128.0,Consumer Defensive,Grocery Stores
9987.T,スズケン,2026-09-01,9.586029,16.863857,0.851121,1.17,0.09227,0.01496,,545.69,6146.012,353813594112.0,Healthcare,Medical Distribution
4208.T,ＵＢＥ,2026-09-01,14.738214,10.541028,0.8007842,4.48,0.05565,0.049000002,72.836,245.62,4520.569,351663587328.0,Basic Materials,Specialty Chemicals
3994.T,マネーフォワード,2026-09-01,79.8552,883.0056,7.8247223,,0.08583,0.0773,82.127,78.73,803.479,348708700160.0,Technology,Software - Application
8386.T,百十四銀行,2026-09-01,19.047905,,0.9204001,2.23,0.05574,0.20327,,166.16,3438.722,357925388288.0,Financial Services,Banks - Regional
4922.T,コーセーホールディングス,2026-09-01,24.401714,17.99294,1.1698139,2.39,0.047059998,0.040949997,3.541,240.27,5011.908,332727877632.0,Consumer Defensive,Household & Personal Products
9934.T,因幡電機産業,2026-09-01,15.338703,,1.7098011,2.76,0.1402,0.060599998,0.117,206.08,1848.753,354961817600.0,Industrials,Industrial Distribution
2810.T,ハウス食品グループ本社,2026-09-01,50.276382,25.415977,1.2460524,2.5,0.03835,0.033800002,5.919,79.6,3211.743,357025873920.0,Consumer Defensive,Packaged Foods
7966.T,リンテック,2026-09-01,20.807325,19.989098,1.3827245,2.17,0.07636,0.05824,2.594,264.33,3977.654,330187079680.0,Basic Materials,Specialty Chemicals
8361.T,大垣共立銀行,2026-09-01,17.62304,,0.8058594,0.36,0.05629,0.12885,,465.3,10175.473,336883089408.0,Financial Services,Banks - Regional
3401.T,帝人,2026-09-01,,5.077484,0.8480724,2.84,-0.09887,-0.04948,77.463,-456.38,2151.939,352071516160.0,Industrials,Conglomerates
3105.T,日清紡ホールディングス,2026-09-01,14.81843,20.842106,1.5617905,1.57,0.00866,-0.0,61.656,153.66,1457.942,355734847488.0,Industrials,Conglomerates
5301.T,東海カーボン,2026-09-01,21.446245,21.789307,1.2002693,2.21,0.06807,0.05545,60.975,88.92,1588.81,385854341120.0,Basic Materials,Specialty Chemicals
9044.T,ＮＡＮＫＡＩ,2026-09-01,13.626171,14.867588,0.9746181,1.77,0.0757,0.093109995,131.234,227.43,3179.707,335310815232.0,Real Estate,Real Estate - Development
8876.T,リログループ,2026-09-01,17.326544,15.6954565,4.3850384,3.39,0.29438,0.13921,100.666,130.58,515.959,343230119936.0,Industrials,Specialty Business Services
4902.T,コニカミノルタ,2026-09-01,10.706045,14.451827,0.62520885,2.7,0.065349996,0.02809,70.469,65.01,1113.228,343951835136.0,Industrials,Business Equipment & Supplies
9045.T,京阪ホールディングス,2026-09-01,9.678486,13.517143,0.95012397,2.69,,0.0,122.577,332.8,3390.084,325000298496.0,Industrials,Conglomerates
8544.T,京葉銀行,2026-09-01,21.538813,,1.0306848,2.32,0.05613,0.16764,,131.53,2748.658,330081501184.0,Financial Services,Banks - Regional
6454.T,マックス,2026-09-01,23.944582,7.3781714,2.9103758,2.16,0.13488,0.14097,1.088,76.51,629.472,329374957568.0,Industrials,Tools & Accessories
8370.T,紀陽銀行,2026-09-01,15.051546,,1.3272768,2.04,0.09363,0.23029,,339.5,3849.988,329151807488.0,Financial Services,Banks - Regional
4368.T,扶桑化学工業,2026-09-01,21.8034,10.259442,2.5373092,0.93,0.15665,0.22067,12.926,135.3,1162.649,312099307520.0,Basic Materials,Chemicals
2206.T,江崎グリコ,2026-09-01,52.10505,31.051374,1.582541,1.84,0.05448,0.03199,13.73,99.76,3284.591,318682693632.0,Consumer Defensive,Packaged Foods
7867.T,タカラトミー,2026-09-01,28.64207,17.483166,2.9770918,1.87,0.117189996,0.044889998,5.321,131.45,1264.657,323730505728.0,Consumer Cyclical,Leisure
9418.T,Ｕ－ＮＥＸＴ　ＨＯＬＤＩＮＧＳ,2026-09-01,16.47847,5.5668707,2.9045937,0.98,0.16728,0.0404,80.974,104.5,592.854,310605611008.0,Industrials,Conglomerates
3107.T,ダイワボウホールディングス,2026-09-01,10.66144,12.925034,1.9638942,2.89,0.18885,0.0223,21.659,362.24,1966.501,331853889536.0,Technology,Electronics & Computer Distribution
1417.T,ミライト・ワン,2026-09-01,14.121422,16.989197,1.1786593,2.76,0.099580005,0.04329,31.618,261.73,3135.766,321866530816.0,Industrials,Engineering & Construction
9409.T,テレビ朝日ホールディングス,2026-09-01,10.7572565,17.877317,0.66760015,3.18,0.061079998,0.08292,,294.22,4740.862,318206935040.0,Communication Services,Broadcasting
8174.T,日本瓦斯,2026-09-01,22.2929,22.046276,5.054591,1.21,0.22860001,0.06953,76.563,136.77,603.214,324836851712.0,Utilities,Utilities - Regulated Gas
9303.T,住友倉庫,2026-09-01,18.531363,26.549496,1.0318485,2.44,0.07165,0.10304,22.787,230.69,4143.05,323649896448.0,Industrials,Integrated Freight & Logistics
6925.T,ウシオ電機,2026-09-01,40.647064,35.522194,1.3697039,1.8,0.06687,0.07296,33.438,94.89,2815.937,306045288448.0,Industrials,Specialty Industrial Machinery
9616.T,共立メンテナンス,2026-09-01,16.107056,17.556887,2.0503316,1.33,0.14646,0.06493,88.946,205.5,1614.373,301088866304.0,Consumer Cyclical,Lodging
6136.T,オーエスジー,2026-09-01,16.889578,19.326195,1.5861672,4.09,0.11033,0.11608,21.644,219.07,2332.667,304036478976.0,Industrials,Tools & Accessories
3048.T,ビックカメラ,2026-09-01,15.732305,22.978504,1.6874974,2.41,0.11875,0.02153,43.249,114.16,1064.298,307569917952.0,Consumer Cyclical,Specialty Retail
6622.T,ダイヘン,2026-09-01,21.227972,18.93402,1.8903987,0.33,,0.0,47.641,590.73,6633.521,296029454336.0,Industrials,Specialty Industrial Machinery
8022.T,美津濃,2026-09-01,17.11114,6.423916,1.7498872,1.62,0.11745,0.07312,12.697,239.61,2343.008,311837425664.0,Consumer Cyclical,Specialty Retail
4272.T,日本化薬,2026-09-01,13.123604,20.950966,1.102217,3.15,,0.0,24.036,161.16,1918.86,311526588416.0,Basic Materials,Chemicals
4927.T,ポーラ・オルビスホールディングス,2026-09-01,26.995716,25.930428,1.8966364,3.72,0.06985,0.06633,0.02,51.36,731.031,306809208832.0,Consumer Defensive,Household & Personal Products
1515.T,日鉄鉱業,2026-09-01,22.282639,,1.947819,1.62,0.11096,0.07022,41.877,178.39,2040.744,312760860672.0,Basic Materials,Copper
8367.T,南都銀行,2026-09-01,18.434622,,1.0283922,2.84,0.061,0.18426001,,108.6,1946.728,314438549504.0,Financial Services,Banks - Regional
1719.T,安藤・間,2026-09-01,10.332278,20.363827,1.4245076,4.37,0.15935001,0.06836,12.671,189.6,1375.212,307333922816.0,Industrials,Engineering & Construction
8282.T,ケーズホールディングス,2026-09-01,21.55475,19.93809,1.1936705,2.46,0.07513,0.02419,23.315,91.14,1645.764,303535816704.0,Consumer Cyclical,Specialty Retail
8714.T,池田泉州ホールディングス,2026-09-01,17.764536,,1.2221946,2.51,0.07966,0.18414,,62.09,902.475,307124600832.0,Financial Services,Banks - Regional
8111.T,ゴールドウイン,2026-09-01,12.099665,3.5237985,2.3013778,3.26,0.19466999,0.16871999,0.764,175.79,924.229,290993012736.0,Consumer Cyclical,Apparel Manufacturing
8919.T,カチタス,2026-09-01,23.899252,28.025335,5.562337,2.33,0.26602,0.082679994,66.311,159.21,684.065,297785327616.0,Consumer Cyclical,Residential Construction
4061.T,デンカ,2026-09-01,18.538862,18.390366,0.9391555,2.97,0.02616,0.03497,70.616,182.05,3593.654,290924036096.0,Basic Materials,Chemicals
2296.T,伊藤ハム米久ホールディングス,2026-09-01,14.424021,18.239239,0.99257237,3.03,0.06865,0.01893,36.613,356.35,5178.464,291697950720.0,Consumer Defensive,Packaged Foods
8628.T,松井証券,2026-09-01,20.216846,24.785275,3.4562013,4.67,,0.30533,623.573,59.95,350.674,312204886016.0,Financial Services,Capital Markets
4043.T,トクヤマ,2026-09-01,13.396011,9.821259,1.0358659,3.57,,0.0,54.545,308.45,3988.933,297277390848.0,Basic Materials,Specialty Chemicals
6103.T,オークマ,2026-09-01,22.950346,17.243248,1.1122745,2.5,0.06465,0.06633,9.472,207.84,4288.51,277712961536.0,Industrials,Specialty Industrial Machinery
4540.T,ツムラ,2026-09-01,10.098058,9.098528,0.86665386,4.18,0.09317,0.15162,39.086,376.31,4384.68,283272740864.0,Healthcare,Drug Manufacturers - Specialty & Generic
6278.T,ユニオンツール,2026-09-01,26.722654,35.874786,2.2504323,1.06,0.09521,0.18827,,516.79,6136.599,269063929856.0,Industrials,Tools & Accessories
6544.T,ジャパンエレベーターサービスホールディングス,2026-09-01,36.656105,18.863665,11.811271,1.35,0.36243,0.12736,25.618,41.03,127.336,268860932096.0,Industrials,Specialty Business Services
7381.T,ＣＣＩグループ,2026-09-01,22.73865,,1.0662249,2.32,0.05692,0.10298,,55.94,1192.994,281164480512.0,Financial Services,Banks - Regional
6371.T,椿本チエイン,2026-09-01,9.255377,13.894812,0.9385035,2.94,0.10655,0.09368,18.586,295.72,2916.345,278285320192.0,Industrials,Specialty Industrial Machinery
6436.T,アマノ,2026-09-01,14.056828,16.002384,2.1299632,6.3,0.15394,0.111169994,10.577,286.48,1890.643,278913024000.0,Technology,Scientific & Technical Instruments
1941.T,中電工,2026-09-01,15.172777,,1.0861976,2.77,0.077649996,0.0796,,342.06,4778.136,274771591168.0,Industrials,Engineering & Construction
6995.T,東海理化電機製作所,2026-09-01,9.428242,12.641809,0.7963457,3.77,0.0871,0.04384,2.676,346.3,4099.978,283103526912.0,Consumer Cyclical,Auto Parts
2730.T,エディオン,2026-09-01,17.345121,20.378422,1.1158171,1.96,0.08602,0.024419999,24.884,145.92,2268.293,267627216896.0,Consumer Cyclical,Specialty Retail
8336.T,武蔵野銀行,2026-09-01,18.400412,,1.0120928,2.9,0.05801,0.15843001,,155.54,2827.804,277740257280.0,Financial Services,Banks - Regional
5384.T,フジミインコーポレーテッド,2026-09-01,28.53984,7.118637,3.036934,2.16,0.13062,0.14571,19.731,122.11,1147.539,258528641024.0,Technology,Semiconductor Equipment & Materials
3186.T,ネクステージ,2026-09-01,15.086013,17.638079,3.0971117,1.33,0.22462,0.023729999,137.051,222.06,1081.653,262613336064.0,Consumer Cyclical,Auto & Truck Dealerships
4686.T,ジャストシステム,2026-09-01,18.23637,,2.2544172,0.7,0.13365,0.29949,,234.97,1900.713,275198902272.0,Technology,Software - Infrastructure
4373.T,シンプレクス・ホールディングス,2026-09-01,27.534307,8.144559,5.6015096,1.92,0.21843,0.17322999,44.158,45.18,222.083,278477897728.0,Technology,Information Technology Services
4443.T,Ｓａｎｓａｎ,2026-09-01,42.55801,63.746822,13.544994,0.22,0.36495999,0.12607999,12.968,53.01,166.556,282736197632.0,Technology,Software - Application
4206.T,アイカ工業,2026-09-01,15.20794,15.984465,1.3718313,3.47,0.103520006,0.071339995,20.281,276.04,3060.143,265631219712.0,Industrials,Conglomerates
2726.T,パルグループホールディングス,2026-09-01,14.792319,7.7734876,3.2034554,2.65,0.22837,0.0754,15.721,102.08,471.366,261315330048.0,Consumer Cyclical,Apparel Retail
9744.T,メイテックグループホールディングス,2026-09-01,17.502947,19.673925,5.9758587,5.29,0.3487,0.11066,,195.11,571.466,263660929024.0,Industrials,Staffing & Employment Services
6590.T,芝浦メカトロニクス,2026-09-01,23.662733,5.4152107,4.93471,1.58,0.20497999,0.11829001,16.155,170.31,816.664,264525037568.0,Technology,Semiconductor Equipment & Materials
6457.T,グローリー,2026-09-01,17.482315,25.177639,1.1767315,3.17,0.080129996,0.0498,46.587,275.65,4095.242,247408082944.0,Industrials,Business Equipment & Supplies
8129.T,東邦ホールディングス,2026-09-01,15.36223,19.18699,0.9853136,4.56,0.0626,0.010369999,2.216,261.16,4071.8,259582918656.0,Healthcare,Medical Distribution
1414.T,ショーボンドホールディングス,2026-09-01,16.942692,4.1437616,2.4175475,3.64,0.14444,0.17308001,,76.08,533.185,259039543296.0,Industrials,Engineering & Construction
8086.T,ニプロ,2026-09-01,21.184013,14.688356,0.8968631,2.08,0.051939998,0.02104,193.497,73.31,1731.591,253287743488.0,Healthcare,Medical Instruments & Supplies
7956.T,ピジョン,2026-09-01,27.6907,29.62135,2.9639406,3.59,0.111990005,0.08012,,76.56,715.264,253238984704.0,Consumer Defensive,Household & Personal Products
6101.T,ツガミ,2026-09-01,35.403603,46.749775,2.8014703,1.84,0.26708,0.13579,7.632,148.29,1874.016,244254900224.0,Industrials,Tools & Accessories
8133.T,伊藤忠エネクス,2026-09-01,16.549543,,1.4211309,3.0,0.11738,0.02467,25.175,142.3,1657.131,265912123392.0,Industrials,Conglomerates
9003.T,相鉄ホールディングス,2026-09-01,10.111794,11.914312,1.1981027,2.66,0.13103,0.08234,218.029,258.51,2181.783,250863157248.0,Industrials,Conglomerates
4046.T,大阪ソーダ,2026-09-01,16.978394,19.552502,1.9583228,1.42,0.13996,0.16624,5.903,124.04,1075.41,254481547264.0,Basic Materials,Specialty Chemicals
6744.T,能美防災,2026-09-01,18.47142,25.793053,1.8667201,2.71,0.10836001,0.09869,0.013,231.98,2295.47,252227452928.0,Industrials,Security & Protection Services
9302.T,三井倉庫ホールディングス,2026-09-01,22.633245,7.6759596,1.8605111,1.49,0.10531,0.03776,55.977,148.41,1805.418,251267596288.0,Industrials,Integrated Freight & Logistics
1979.T,大氣社,2026-09-01,16.613602,10.663662,1.4692186,3.5,0.096219994,0.05217,1.983,244.98,2770.18,256408010752.0,Industrials,Building Products & Equipment
9861.T,吉野家ホールディングス,2026-09-01,53.900707,56.37818,3.614778,0.58,0.08603,0.02471,45.081,71.91,1072.265,249538920448.0,Consumer Cyclical,Restaurants
2811.T,カゴメ,2026-09-01,18.808971,12.320853,1.2894559,2.11,0.07195,0.04443,30.977,146.26,2133.458,248713904128.0,Consumer Defensive,Packaged Foods
9110.T,ＮＳユナイテッド海運,2026-09-01,10.257965,,1.3072413,2.95,0.13713999,0.1001,34.052,1022.62,8024.532,247201972224.0,Industrials,Marine Shipping
6849.T,日本光電工業,2026-09-01,17.16192,13.933905,1.3817892,2.19,0.07677,0.058579996,13.738,89.18,1107.622,244837761024.0,Healthcare,Medical Devices
6814.T,古野電気,2026-09-01,14.513815,34.101997,2.6466262,2.11,0.21969,0.122659996,15.265,529.84,2905.586,243071860736.0,Technology,Scientific & Technical Instruments
4516.T,日本新薬,2026-09-01,8.049993,8.64366,0.8097393,3.5,0.11535,0.17513001,0.865,440.87,4382.892,239205892096.0,Healthcare,Drug Manufacturers - Specialty & Generic
8346.T,東邦銀行,2026-09-01,20.0,,1.0944685,2.11,0.0657,0.17457001,,49.45,903.635,247138631680.0,Financial Services,Banks - Regional
2001.T,ニップン,2026-09-01,11.548935,12.85838,0.8726063,2.31,0.07795,0.05076,27.091,257.08,3402.451,245431009280.0,Consumer Defensive,Packaged Foods
6703.T,沖電気工業,2026-09-01,11.678773,22.201763,1.4613143,2.26,0.16402,0.06058,51.073,247.8,1980.409,251042398208.0,Technology,Communication Equipment
8609.T,岡三証券グループ,2026-09-01,11.534849,,1.045953,3.24,0.12672,0.26577,229.193,106.46,1174.049,246578315264.0,Financial Services,Capital Markets
2121.T,ＭＩＸＩ,2026-09-01,14.4916315,19.316187,1.290473,5.22,0.109239995,0.11587,22.649,258.08,2898.162,244256948224.0,Communication Services,Electronic Gaming & Multimedia
4634.T,ａｒｔｉｅｎｃｅ,2026-09-01,13.207691,13.854475,6.7719617,2.33,0.074099995,0.05088,25.792,393.71,767.872,243867992064.0,Basic Materials,Specialty Chemicals
2432.T,ディー・エヌ・エー,2026-09-01,15.24269,27.359085,1.1182159,2.57,0.16242,0.28841,7.139,171.0,2330.945,241122213888.0,Industrials,Conglomerates
3697.T,ＳＨＩＦＴ,2026-09-01,29.215445,1.2774994,6.2354646,0.86,0.17231001,0.04417,89.776,32.12,150.494,239859843072.0,Technology,Software - Application
8154.T,加賀電子,2026-09-01,8.12749,12.983707,1.2720758,2.76,0.18695,0.048260003,29.389,627.5,4009.195,243061063680.0,Technology,Electronic Components
6376.T,日機装,2026-09-01,14.637457,30.86672,1.4348009,1.59,0.108830005,0.07264,65.071,257.9,2631.027,246708273152.0,Industrials,Specialty Industrial Machinery
8194.T,ライフコーポレーション,2026-09-01,12.33053,6.8496294,1.472839,2.59,0.12257,0.02063,17.682,217.59,1821.652,232126857216.0,Consumer Defensive,Grocery Stores
9031.T,西日本鉄道,2026-09-01,7.386901,15.708966,0.80946344,2.88,0.12501,0.06954,121.186,422.64,3856.876,235837980672.0,Industrials,Railroads
1950.T,日本電設工業,2026-09-01,13.143855,22.824255,1.136411,3.2,0.09199,0.08084,0.045,309.27,3577.051,237282607104.0,Industrials,Infrastructure Operations
6490.T,ＰＩＬＬＡＲ,2026-09-01,25.268805,20.036802,2.6765733,1.57,0.13545999,0.16547,13.679,387.83,3661.398,224039895040.0,Industrials,Specialty Industrial Machinery
8098.T,稲畑産業,2026-09-01,11.8453865,13.72254,1.0081857,3.22,0.09486,0.02404,39.736,384.96,4522.976,243421511680.0,Basic Materials,Specialty Chemicals
8273.T,イズミ,2026-09-01,13.125079,3.2974684,0.74108636,2.91,0.05751,0.03336,37.547,79.39,1406.044,219033010176.0,Consumer Cyclical,Department Stores
2737.T,トーメンデバイス,2026-09-01,23.758612,,3.37572,9.51,0.39269,0.0251,200.077,1473.15,10368.158,238029504512.0,Technology,Semiconductors
4483.T,ＪＭＤＣ,2026-09-01,33.8445,27.320034,2.7300746,0.51,0.08642,0.13239999,61.328,102.38,1269.196,226759966720.0,Healthcare,Health Information Services
7947.T,エフピコ,2026-09-01,15.424751,16.903925,1.399819,2.6,0.09427,0.06092,51.573,183.99,2027.405,229528289280.0,Consumer Cyclical,Packaging & Containers
7994.T,オカムラ,2026-09-01,10.214849,10.82193,1.1215256,4.39,0.10667,0.06322,14.728,236.91,2157.775,229108596736.0,Industrials,Business Equipment & Supplies
9509.T,北海道電力,2026-09-01,5.714425,8.629965,0.51036596,2.99,0.06367,0.03226,337.444,204.92,2294.432,240465051648.0,Utilities,Utilities - Renewable
8850.T,スターツコーポレーション,2026-09-01,8.927723,9.338367,1.167466,3.17,0.13918,0.10106,36.906,526.45,4025.813,222795710464.0,Real Estate,Real Estate - Diversified
8360.T,山梨中央銀行,2026-09-01,22.460518,,0.93534046,0.44,0.04987,0.14854999,,325.46,7815.336,224304054272.0,Financial Services,Banks - Regional
2270.T,雪印メグミルク,2026-09-01,7.212683,17.517471,0.932512,2.68,0.15935001,0.062179998,16.788,524.77,4058.929,226614804480.0,Consumer Defensive,Packaged Foods
7616.T,コロワイド,2026-09-01,136.5986,,2.7002513,0.23,0.01936,0.00818,231.952,15.67,792.704,227547545600.0,Consumer Cyclical,Restaurants
6013.T,タクマ,2026-09-01,16.4479,24.418606,1.9968103,3.58,0.14181,0.08708,0.209,185.13,1524.932,220892676096.0,Industrials,Pollution & Treatment Controls
9075.T,福山通運,2026-09-01,17.308058,23.60404,0.79370874,1.58,0.05506,0.047399998,39.053,369.77,8063.411,225422819328.0,Industrials,Trucking
6412.T,平和,2026-09-01,18.854536,9.8412695,0.8714811,3.6,0.045700002,0.04303,237.865,118.38,2561.157,220135309312.0,Consumer Cyclical,Leisure
7278.T,エクセディ,2026-09-01,20.638206,20.975983,1.1914847,5.64,0.0832,0.04674,26.631,304.29,5270.735,225850851328.0,Consumer Cyclical,Auto Parts
3050.T,ＤＣＭホールディングス,2026-09-01,12.531507,10.897261,0.760805,3.01,0.06466,0.03235,88.265,126.96,2091.206,217380159488.0,Consumer Cyclical,Home Improvement Retail
1861.T,熊谷組,2026-09-01,11.169075,3.480161,1.2065914,3.87,0.11295,0.04217,31.467,116.93,1082.388,221940498432.0,Industrials,Engineering & Construction
6472.T,ＮＴＮ,2026-09-01,16.451475,16.20893,0.76278526,3.47,0.05257,0.016210001,96.01,23.39,504.467,228766023680.0,Industrials,Tools & Accessories
8616.T,東海東京フィナンシャル・ホールディングス,2026-09-01,14.015267,18.286852,1.1845635,4.35,0.12919,0.23346001,309.22,65.5,774.969,233003646976.0,Financial Services,Capital Markets
4665.T,ダスキン,2026-09-01,24.026207,22.752169,1.4143453,3.18,0.0668,0.051680002,0.002,195.37,3318.85,220987588608.0,Industrials,Conglomerates
3148.T,クリエイトＳＤホールディングス,2026-09-01,12.903349,,1.4212241,2.83,0.11439,0.03418,0.881,263.11,2388.786,219324678144.0,Healthcare,Pharmaceutical Retailers
1820.T,西松建設,2026-09-01,9.32277,12.97628,1.1673876,4.49,0.14175999,0.06511,111.804,609.69,4868.991,224429506560.0,Industrials,Engineering & Construction
7826.T,フルヤ金属,2026-09-01,15.102997,24.572918,3.0770302,3.79,0.05692,0.05371,18.171,649.54,3188.139,241319165952.0,Technology,Electronic Components
9627.T,アインホールディングス,2026-09-01,12.344207,20.358654,1.3728539,1.63,0.11459,0.02665,107.987,503.07,4523.424,218281000960.0,Healthcare,Pharmaceutical Retailers
7740.T,タムロン,2026-09-01,19.898182,4.1426926,2.4710267,3.69,0.13171,0.12785,1.286,68.75,553.616,218646347776.0,Consumer Cyclical,Leisure
9759.T,ＮＳＤ,2026-09-01,17.446222,19.518032,3.2939332,3.27,0.20256001,0.11076,,170.61,903.631,225120616448.0,Technology,Software - Application
2127.T,日本Ｍ＆Ａセンターホールディングス,2026-09-01,17.247076,17.478104,4.5283446,3.65,0.28751,0.25821,5.866,39.34,149.834,215123378176.0,Financial Services,Capital Markets
3097.T,物語コーポレーション,2026-09-01,25.332628,28.218088,4.6827765,0.79,0.19886999,0.05764,36.905,226.98,1227.904,220802580480.0,Consumer Cyclical,Restaurants
3360.T,シップヘルスケアホールディングス,2026-09-01,16.768461,13.101953,1.5080875,2.72,0.092259996,0.0184,17.914,144.08,1602.029,220374548480.0,Healthcare,Medical Instruments & Supplies
4722.T,フューチャー,2026-09-01,17.622065,18.243494,3.268262,1.92,0.19635001,0.15642999,20.427,138.86,748.716,216990072832.0,Technology,Information Technology Services
2201.T,森永製菓,2026-09-01,12.054756,12.921405,1.4797544,2.76,0.12764,0.07156,28.033,211.12,1719.88,213701656576.0,Consumer Defensive,Confectioners
7313.T,テイ・エス　テック,2026-09-01,31.045914,18.101866,0.7020503,4.97,0.03079,0.018,,60.33,2667.9,218751893504.0,Consumer Cyclical,Auto Parts
8392.T,大分銀行,2026-09-01,21.127777,,0.8410041,1.63,0.04694,0.12758,,138.68,3483.931,221849288704.0,Financial Services,Banks - Regional
7744.T,ノーリツ鋼機,2026-09-01,11.125098,6.638498,0.7165381,3.56,0.073920004,0.17592,75.613,190.65,2960.066,221845815296.0,Technology,Consumer Electronics
7846.T,パイロットコーポレーション,2026-09-01,15.734188,5.515504,1.5438974,2.28,0.10199001,0.11003,4.34,135.66,1382.54,224143048704.0,Industrials,Business Equipment & Supplies
7322.T,三十三フィナンシャルグループ,2026-09-01,17.990044,,0.95134276,1.95,0.0538,0.13814999,,118.51,2241.043,221859020800.0,Financial Services,Banks - Regional
4099.T,四国化成ホールディングス,2026-09-01,18.176981,12.68435,2.0229418,1.65,0.11875,0.13831,26.025,131.54,1181.942,206817771520.0,Basic Materials,Specialty Chemicals
3591.T,ワコールホールディングス,2026-09-01,16.21064,9.682721,0.98621947,2.35,0.0035899999,0.0055299997,11.282,261.68,4301.274,209712087040.0,Consumer Cyclical,Apparel Manufacturing
4041.T,日本曹達,2026-09-01,12.126977,16.056038,1.0351502,3.99,0.092,0.1193,26.273,336.44,3941.457,218702397440.0,Basic Materials,Chemicals
1833.T,奥村組,2026-09-01,11.5459,,1.1054752,5.15,,0.0,34.75,511.87,5346.117,212199866368.0,Industrials,Engineering & Construction
8600.T,トモニホールディングス,2026-09-01,13.781004,,0.7244589,2.67,0.05922,0.21302,,82.65,1572.208,218934181888.0,Financial Services,Banks - Regional
8566.T,リコーリース,2026-09-01,16.5496,15.258372,0.87943697,2.71,0.05303,0.03679,462.294,415.72,7823.187,212072153088.0,Financial Services,Credit Services
6055.T,ジャパンマテリアル,2026-09-01,20.642782,20.182268,3.4715247,1.63,0.2027,0.19389,0.214,102.99,612.411,218497875968.0,Industrials,Engineering & Construction
5482.T,愛知製鋼,2026-09-01,19.714102,8.28002,0.91347605,2.2,0.05441,0.03491,27.275,170.69,3683.731,216190484480.0,Basic Materials,Steel
8393.T,宮崎銀行,2026-09-01,15.453836,,0.93023723,2.11,0.06989,0.20813,,166.69,2769.186,216162009088.0,Financial Services,Banks - Regional
7220.T,武蔵精密工業,2026-09-01,159.45389,17.422878,1.6216499,1.24,0.02031,0.0041,78.631,19.41,1908.55,202848993280.0,Consumer Cyclical,Auto Parts
9505.T,北陸電力,2026-09-01,4.1033897,7.1995697,0.47453624,2.45,0.109160006,0.060890004,243.501,260.76,2254.833,223528599552.0,Utilities,Utilities - Regulated Electric
7184.T,富山第一銀行,2026-09-01,14.140485,,1.0674728,2.2,0.10153,0.33032,,239.03,3166.357,205674545152.0,Financial Services,Banks - Regional
2384.T,ＳＢＳホールディングス,2026-09-01,10.447404,18.58156,1.9903121,4.59,0.17611,0.03583,74.624,501.56,2632.753,208119005184.0,Industrials,Integrated Freight & Logistics
5451.T,ヨドコウ,2026-09-01,12.098047,,1.0573366,4.34,0.0858,0.091239996,,120.35,1377.045,208571318272.0,Basic Materials,Steel
5331.T,ノリタケ,2026-09-01,14.356417,7.650445,1.1192054,3.25,0.09417,0.10475001,9.486,254.59,3265.71,201077161984.0,Industrials,Conglomerates
1946.T,トーエネック,2026-09-01,12.062318,,1.3852886,3.47,0.13851,0.073860005,47.019,191.92,1671.132,216372346880.0,Industrials,Engineering & Construction
2659.T,サンエー,2026-09-01,19.754374,17.42463,1.3960527,3.27,0.07748,0.04241,,172.62,2442.601,203711021056.0,Consumer Cyclical,Department Stores
9746.T,ＴＫＣ,2026-09-01,15.477517,17.952587,1.8663697,2.66,0.13196,0.15782,,269.1,2231.605,204097830912.0,Technology,Information Technology Services
8511.T,日本証券金融,2026-09-01,19.569908,,1.461311,3.75,0.08929,0.09521,9984.34,129.74,1737.481,205063061504.0,Financial Services,Credit Services
9948.T,アークス,2026-09-01,15.9652605,16.621683,1.0048639,2.19,0.06576,0.01985,13.686,231.44,3677.115,196870897664.0,Consumer Cyclical,Department Stores
4544.T,Ｈ．Ｕ．グループホールディングス,2026-09-01,30.059278,35.755558,1.4933071,3.46,0.07112,0.038599998,44.764,121.46,2444.909,199329890304.0,Healthcare,Diagnostics & Research
9869.T,加藤産業,2026-09-01,13.815288,33.84693,1.1704723,2.4,0.09995,0.01334,7.942,484.97,5724.185,202220142592.0,Consumer Defensive,Food Distribution
3569.T,セーレン,2026-09-01,13.452065,,1.2595397,2.17,0.105629995,0.08967,5.364,263.9,2818.49,207903047680.0,Consumer Cyclical,Textile Manufacturing
7004.T,カナデビア,2026-09-01,18.147476,8.958007,1.0288798,3.2,0.07754,0.02247,68.028,66.18,1167.289,202068901888.0,Industrials,Pollution & Treatment Controls
8848.T,レオパレス２１,2026-09-01,15.623507,11.76259,4.3148665,2.33,0.28447,0.04769,60.941,41.86,151.569,207803924480.0,Real Estate,Real Estate Services
1333.T,Ｕｍｉｏｓ,2026-09-01,8.912511,4.9866567,0.7976811,3.47,0.08652,0.0,114.996,146.76,1639.753,197747752960.0,Consumer Defensive,Packaged Foods
7981.T,タカラスタンダード,2026-09-01,13.720498,,1.0272084,3.91,0.07519,0.05751,2.217,231.77,3095.769,201071673344.0,Consumer Cyclical,"Furnishings, Fixtures & Appliances"
2175.T,エス・エム・エス,2026-09-01,,23.04186,7.1968994,1.22,-0.40273997,-0.21922001,19.986,-173.71,344.176,203313266688.0,Healthcare,Health Information Services
4045.T,東亞合成,2026-09-01,15.618845,16.12712,0.91663885,3.84,0.061079998,0.07951,9.306,121.84,2076.063,201160130560.0,Basic Materials,Specialty Chemicals
7458.T,第一興商,2026-09-01,12.398123,13.314894,1.5906384,3.58,0.13007,0.09481,43.844,153.37,1195.432,196571168768.0,Consumer Cyclical,Leisure
6740.T,ジャパンディスプレイ,2026-09-01,,-10.272536,91.41791,,,-0.024300002,1405.733,-3.2,0.536,209016258560.0,Technology,Electronic Components
7296.T,エフ・シー・シー,2026-09-01,10.917819,15.297267,0.9860993,4.31,0.10193,0.07316,2.328,387.44,4289.629,200700411904.0,Consumer Cyclical,Auto Parts
4553.T,東和薬品,2026-09-01,35.79135,12.942733,1.0292057,2.19,0.046550002,0.02953,126.005,106.59,3706.742,187804319744.0,Healthcare,Drug Manufacturers - Specialty & Generic
6516.T,山洋電気,2026-09-01,22.10194,8.805894,1.4344056,3.25,0.086169995,0.09186,3.976,243.87,3757.654,191426068480.0,Industrials,Electrical Equipment & Parts
9956.T,バローホールディングス,2026-09-01,10.583195,12.574554,0.9208854,1.22,0.10284001,0.0199,66.429,312.76,3594.367,192219217920.0,Consumer Cyclical,Department Stores
6523.T,ＰＨＣホールディングス,2026-09-01,414.0625,17.588495,1.1936588,2.63,0.05878,0.02471,136.087,3.84,1332.039,201159475200.0,Healthcare,Medical Devices
3498.T,霞ヶ関キャピタル,2026-09-01,12.294811,,2.4394886,2.14,0.20135,0.07998,130.708,606.76,3058.018,,Industrials,Conglomerates
5703.T,日本軽金属ホールディングス,2026-09-01,12.37614,12.809512,0.761966,3.63,0.08585,0.0,63.837,253.31,4114.357,193088258048.0,Basic Materials,Aluminum
7242.T,カヤバ,2026-09-01,7.651164,7.7588425,0.84955585,2.25,0.112679996,0.05104,57.228,631.93,5691.209,194515222528.0,Consumer Cyclical,Auto Parts
5186.T,ニッタ,2026-09-01,13.758102,17.781876,1.0989614,2.52,0.09319,0.15798001,,490.62,6142.163,185173901312.0,Industrials,Specialty Industrial Machinery
3480.T,ジェイ・エス・ビー,2026-09-01,28.394472,33.24656,4.087145,2.34,0.15158,0.083409995,69.232,314.85,2187.346,188578775040.0,Real Estate,Real Estate - Diversified
2602.T,日清オイリオグループ,2026-09-01,8.198333,3.9638028,0.89972603,2.93,0.05148,0.01878,54.791,254.32,2317.372,190783291392.0,Consumer Defensive,Packaged Foods
8130.T,サンゲツ,2026-09-01,13.0201025,11.825802,1.5695726,4.81,0.14123,0.07876,11.71,249.23,2067.442,190778376192.0,Consumer Cyclical,"Furnishings, Fixtures & Appliances"
1377.T,サカタのタネ,2026-09-01,15.518999,20.92913,1.0454688,2.3,0.07157,0.116639994,3.119,284.49,4222.986,186576470016.0,Consumer Defensive,Farm Products
4887.T,サワイグループホールディングス,2026-09-01,16.171154,9.405854,1.046601,3.5,,0.0,66.966,99.56,1538.313,185931874304.0,Healthcare,Drug Manufacturers - Specialty & Generic
9678.T,カナモト,2026-09-01,15.635622,22.204203,1.2895726,1.99,0.08604,0.05905,38.927,367.75,4458.842,195673161728.0,Industrials,Rental & Leasing Services
8698.T,マネックスグループ,2026-09-01,17.123762,14.542963,1.4335078,4.15,0.08312,0.12156,93.114,43.39,518.309,186763214848.0,Financial Services,Capital Markets
4095.T,日本パーカライジング,2026-09-01,15.223142,,0.9284935,2.85,0.06945,0.09861,0.112,117.19,1921.392,187945009152.0,Basic Materials,Specialty Chemicals
8278.T,フジ,2026-09-01,21.405107,,0.7773016,1.46,0.03205,0.00874,16.975,94.37,2598.734,175025766400.0,Consumer Cyclical,Department Stores
9793.T,ダイセキ,2026-09-01,19.620024,26.04274,2.1623473,2.27,0.114779994,0.13274,9.293,193.17,1752.725,179212140544.0,Industrials,Waste Management
7456.T,松田産業,2026-09-01,11.015495,20.307604,1.4698464,1.72,0.18932,0.02849,36.227,647.27,4850.847,184252792832.0,Basic Materials,Other Precious Metals & Mining
8218.T,コメリ,2026-09-01,12.468908,11.751812,0.6896828,1.5,0.058280002,0.03993,12.825,309.57,5596.776,181256503296.0,Consumer Cyclical,Home Improvement Retail
9119.T,飯野海運,2026-09-01,12.235359,,1.1228095,2.93,0.1492,0.17318001,85.543,145.48,1585.309,188328984576.0,Industrials,Marine Shipping
7970.T,信越ポリマー,2026-09-01,18.479149,17.069487,1.391953,2.94,0.07303,0.07819,,122.3,1623.618,181640085504.0,Basic Materials,Specialty Chemicals
5232.T,住友大阪セメント,2026-09-01,16.401783,12.040961,0.93278897,0.7,0.06181,0.05228,44.56,349.84,6151.445,181844475904.0,Basic Materials,Building Materials
4617.T,中国塗料,2026-09-01,16.049772,20.056337,1.8252039,2.78,0.15097,0.08492,15.466,221.81,1950.467,176772923392.0,Basic Materials,Specialty Chemicals
8923.T,トーセイ,2026-09-01,11.061124,7.148672,1.6087354,3.0,0.15536,0.14255,158.767,166.71,1146.242,178879234048.0,Real Estate,Real Estate - Diversified
6996.T,ニチコン,2026-09-01,29.081417,30.3492,1.466624,1.45,0.06695,0.04343,18.266,93.84,1860.736,183275929600.0,Technology,Electronic Components
5032.T,ＡＮＹＣＯＬＯＲ,2026-09-01,12.962802,15.589155,6.648123,2.04,0.57595,0.25307,,230.66,449.751,179253264384.0,Communication Services,Entertainment
7476.T,アズワン,2026-09-01,19.638546,19.826975,2.4540462,2.61,0.13856,0.084759995,12.486,128.37,1027.283,179665633280.0,Healthcare,Medical Distribution
5423.T,東京製鐵,2026-09-01,16.155964,9.718957,0.8531731,2.32,0.045500003,0.03635,,112.59,2132.041,184803393536.0,Basic Materials,Steel
9682.T,ＤＴＳ,2026-09-01,15.857339,4.7585726,3.0222933,3.31,0.19131,0.08443,,72.9,382.491,180551581696.0,Technology,Information Technology Services
7864.T,フジシールインターナショナル,2026-09-01,8.662983,17.410482,1.0876786,2.64,0.13804,0.09533,7.045,387.28,3084.551,178968657920.0,Consumer Cyclical,Packaging & Containers
1934.T,ユアテック,2026-09-01,17.736677,24.776953,1.1842699,3.04,0.077410005,0.045739997,5.805,150.31,2251.176,183119036416.0,Industrials,Engineering & Construction
6395.T,タダノ,2026-09-01,7.2752852,15.4899435,0.8438764,2.45,0.12208,0.06736,62.686,199.03,1715.891,183455449088.0,Industrials,Farm & Heavy Construction Machinery
8584.T,ジャックス,2026-09-01,10.096888,7.460364,0.57279855,5.23,0.04902,0.07768,953.336,379.82,6695.198,171723882496.0,Financial Services,Credit Services
4784.T,ＧＭＯインターネット,2026-09-01,25.31362,31.920902,4.902854,2.62,0.26126,0.07675,44.737,22.32,115.239,171899584512.0,Technology,Software - Infrastructure
6315.T,ＴＯＷＡ,2026-09-01,37.120472,11.771405,2.2591124,1.03,0.09986,0.10852,27.262,61.26,1006.59,170622009344.0,Technology,Semiconductor Equipment & Materials
2154.T,オープンアップグループ,2026-09-01,14.837223,13.456138,2.1813715,4.84,0.14886,0.07063,12.433,138.84,944.36,175017967616.0,Industrials,Staffing & Employment Services
2815.T,アリアケジャパン,2026-09-01,18.34955,19.503292,1.3168122,4.44,0.07158,0.13611001,0.006,297.01,4138.783,173572882432.0,Consumer Defensive,Packaged Foods
8051.T,山善,2026-09-01,20.0,,1.2329544,3.68,0.07256,0.0,34.992,99.95,1621.309,174698561536.0,Industrials,Specialty Industrial Machinery
6498.T,キッツ,2026-09-01,13.742331,14.559914,2.297408,3.44,0.04796,0.03033,64.212,138.55,828.76,165662064640.0,Industrials,Specialty Industrial Machinery
6966.T,三井ハイテック,2026-09-01,54.719166,14.619431,1.4686091,2.0,0.06084,0.03,75.78,17.27,643.466,172698173440.0,Technology,Semiconductors
4547.T,キッセイ薬品工業,2026-09-01,12.360566,18.617746,0.7420458,3.17,0.06475,0.14181,0.542,331.7,5525.265,170034135040.0,Healthcare,Drug Manufacturers - Specialty & Generic
6250.T,やまびこ,2026-09-01,9.779654,13.46622,3.527819,2.49,0.10637,0.0396,34.623,452.47,1254.316,181107638272.0,Industrials,Tools & Accessories
4023.T,クレハ,2026-09-01,,24.836462,1.0548507,4.76,-0.04833,-0.05061,72.059,-266.95,4427.167,178492325888.0,Basic Materials,Specialty Chemicals
8345.T,岩手銀行,2026-09-01,19.656134,,0.8798752,2.23,0.05218,0.19910999,,129.12,2884.5,175204630528.0,Financial Services,Banks - Regional
4928.T,ノエビアホールディングス,2026-09-01,20.641815,19.785772,3.2772968,4.67,0.16138001,0.12589,1.328,237.14,1493.609,167194640384.0,Consumer Defensive,Household & Personal Products
3106.T,倉敷紡績,2026-09-01,14.572858,,1.3296629,0.58,0.08919,0.07892,5.396,781.59,8566.081,179507052544.0,Industrials,Conglomerates
6651.T,日東工業,2026-09-01,14.575286,16.101385,1.3594825,3.47,0.10231,0.060749996,18.876,302.91,3247.559,167492354048.0,Industrials,Electrical Equipment & Parts
3167.T,ＴＯＫＡＩホールディングス,2026-09-01,16.042652,18.161865,1.6522387,2.91,0.11331,0.045739997,45.948,82.53,801.337,170661347328.0,Industrials,Conglomerates
9722.T,藤田観光,2026-09-01,14.154481,4.089924,4.2051206,0.66,0.3499,0.15446,53.519,213.36,718.172,181013676032.0,Consumer Cyclical,Lodging
8362.T,福井銀行,2026-09-01,19.322874,,1.0247637,2.14,0.07478,0.16058001,,363.3,6850.36,166066044928.0,Financial Services,Banks - Regional
3433.T,トーカロ,2026-09-01,16.242395,20.190897,2.4484446,3.46,0.15739,0.16827999,16.579,169.31,1123.162,163538911232.0,Industrials,Specialty Business Services
6807.T,日本航空電子工業,2026-09-01,23.87903,11.682069,1.1711745,2.01,0.04724,0.02791,27.756,104.82,2137.171,168772911104.0,Technology,Electronic Components
6588.T,東芝テック,2026-09-01,,12.721774,1.7575446,1.26,0.053790003,0.007900001,21.066,-43.04,1795.118,167175897088.0,Technology,Computer Hardware
6379.T,レイズネクスト,2026-09-01,16.05327,22.968983,1.9015486,2.53,0.12654,0.059860002,6.148,193.73,1635.509,167961886720.0,Industrials,Engineering & Construction
2685.T,アンドエスティＨＤ,2026-09-01,16.347649,11.06071,1.8656571,2.66,0.11171,0.0294,7.176,205.84,1803.654,155221360640.0,Consumer Cyclical,Apparel Manufacturing
7350.T,おきなわフィナンシャルグループ,2026-09-01,14.824899,20.912243,1.014266,2.67,0.07669,0.18836,,528.84,7729.728,167357661184.0,Financial Services,Banks - Regional
1885.T,東亜建設工業,2026-09-01,8.679549,16.125654,1.4370229,3.64,0.17678,0.055749997,25.509,248.4,1500.324,166724829184.0,Industrials,Engineering & Construction
7552.T,ハピネット,2026-09-01,17.070704,11.297132,2.8423097,2.49,0.16299,0.021240002,,227.29,1365.087,168052834304.0,Consumer Cyclical,Specialty Retail
2337.T,いちご,2026-09-01,9.975,11.338449,1.4379363,3.86,0.15226,0.18937999,290.372,40.0,277.481,156402483200.0,Real Estate,Real Estate Services
9830.T,トラスコ中山,2026-09-01,9.883018,10.289794,0.83567494,2.51,0.08101,0.04453,54.314,247.9,2931.762,161536393216.0,Industrials,Industrial Distribution
8803.T,平和不動産,2026-09-01,14.55467,9.209973,1.2883321,3.7,0.085839994,0.21316,212.241,165.72,1872.188,159361449984.0,Real Estate,Real Estate - Diversified
1968.T,太平電業,2026-09-01,13.319552,4.8862534,1.267555,3.05,0.11124,0.08821,11.969,188.67,1982.557,158581309440.0,Industrials,Engineering & Construction
8337.T,千葉興業銀行,2026-09-01,26.246445,,0.9352755,0.76,0.05034,0.13134,,105.5,2960.625,159138086912.0,Financial Services,Banks - Regional
2492.T,インフォマート,2026-09-01,68.167206,81.85328,5.6401477,1.02,0.10783,0.113249995,2.259,9.33,112.763,169548775424.0,Technology,Software - Application
3863.T,日本製紙,2026-09-01,13.7700405,11.607661,0.31330198,1.06,0.02211,0.00791,153.81,101.67,4468.532,161431912448.0,Basic Materials,Paper & Paper Products
2317.T,システナ,2026-09-01,14.745816,18.531746,4.2065253,3.92,0.31028998,0.1191,3.96,31.67,111.018,166931873792.0,Technology,Information Technology Services
7730.T,マニー,2026-09-01,27.379698,21.027786,2.6827412,2.61,0.10975,0.20431,0.098,56.94,581.122,153565560832.0,Healthcare,Medical Instruments & Supplies
3076.T,あい　ホールディングス,2026-09-01,13.4538145,8.62661,1.3652084,4.69,0.10401,0.14039999,0.673,224.1,2208.454,160618643456.0,Industrials,Conglomerates
2124.T,ジェイエイシーリクルートメント,2026-09-01,18.08417,7.2196836,7.480952,3.77,0.44757,0.18529,1.109,56.79,137.282,163245375488.0,Industrials,Staffing & Employment Services
2767.T,円谷フィールズホールディングス,2026-09-01,12.245483,9.5419,2.6021645,2.68,0.20091999,0.07526,12.741,209.22,984.565,159490768896.0,Consumer Cyclical,Gambling
9960.T,東テク,2026-09-01,12.140104,15.18417,2.1287162,4.47,0.19061,0.075729996,10.993,319.19,1820.346,158899060736.0,Technology,Electronic Components
9025.T,鴻池運輸,2026-09-01,10.938779,11.552361,0.96727735,3.77,0.08861,0.03791,35.155,268.86,3040.493,156165963776.0,Industrials,Integrated Freight & Logistics
9936.T,王将フードサービス,2026-09-01,20.980558,20.332808,2.4201522,1.89,0.10147,0.05481,3.895,140.94,1221.824,155334934528.0,Consumer Cyclical,Restaurants
6750.T,エレコム,2026-09-01,7.839049,16.292135,1.4915372,2.87,0.22225,0.15481,0.454,258.96,1361.012,163493396480.0,Technology,Computer Hardware
1926.T,ライト工業,2026-09-01,13.488678,18.460516,1.891154,1.38,0.15061,0.0928,2.119,288.39,2056.945,159695388672.0,Industrials,Engineering & Construction
5975.T,東プレ,2026-09-01,8.969329,9.226967,0.65665865,2.97,0.098850004,0.05899,17.169,374.61,5116.814,162522365952.0,Consumer Cyclical,Auto Parts
8343.T,秋田銀行,2026-09-01,20.403923,,0.8402299,0.45,0.049850002,0.17218,,433.25,10520.93,157332307968.0,Financial Services,Banks - Regional
9882.T,イエローハット,2026-09-01,13.012451,,1.2205783,3.84,0.09974,0.07047,42.67,137.33,1464.06,150843736064.0,Consumer Cyclical,Auto & Truck Dealerships
3880.T,大王製紙,2026-09-01,18.388237,18.790415,0.66609854,1.42,0.04205,0.01208,164.53,53.73,1483.264,152372740096.0,Basic Materials,Paper & Paper Products
7976.T,三菱鉛筆,2026-09-01,22.803318,17.76204,1.1410486,1.67,0.05613,0.07792,20.886,137.48,2747.473,156778954752.0,Industrials,Business Equipment & Supplies
4521.T,科研製薬,2026-09-01,71.09929,41.59751,0.9932649,4.75,0.068670005,0.116969995,2.518,56.4,4037.191,151851941888.0,Healthcare,Drug Manufacturers - Specialty & Generic
9601.T,松竹,2026-09-01,27.85793,60.78993,1.3828926,0.28,0.034479998,0.03423,59.855,381.22,7679.555,145957928960.0,Communication Services,Entertainment
1766.T,東建コーポレーション,2026-09-01,11.2129,16.660666,1.3243053,2.9,0.12923999,0.041810002,,1237.86,10480.967,154080903168.0,Real Estate,Real Estate Services
7630.T,壱番屋,2026-09-01,69.6384,51.712963,5.6105,1.47,0.07539,0.03548,3.972,16.04,199.091,178279137280.0,Consumer Cyclical,Restaurants
8585.T,オリエントコーポレーション,2026-09-01,11.507832,52.32348,0.60796285,4.61,0.04626,0.04802,865.062,75.34,1426.074,148418134016.0,Financial Services,Credit Services
7734.T,理研計器,2026-09-01,15.730647,14.574899,1.7792733,1.74,,0.0,2.265,217.41,1922.133,155458781184.0,Industrials,Security & Protection Services
6875.T,メガチップス,2026-09-01,18.745893,39.40815,0.45404944,2.39,0.18413,1.0860701,,578.26,23874.053,152011505664.0,Technology,Semiconductors
8214.T,ＡＯＫＩホールディングス,2026-09-01,15.801174,,1.0681744,6.78,0.06084,0.043709997,18.1,112.46,1663.586,149668642816.0,Consumer Cyclical,Apparel Retail
3445.T,ＲＳ　Ｔｅｃｈｎｏｌｏｇｉｅｓ,2026-09-01,15.573319,15.766708,1.6724883,0.94,0.08876,0.12163,7.188,362.8,3378.2,150269722624.0,Technology,Semiconductors
8097.T,三愛オブリ,2026-09-01,16.88092,,1.3310273,4.09,0.09601,0.01792,2.127,147.8,1874.492,154396491776.0,Energy,Oil & Gas Refining & Marketing
9010.T,富士急行,2026-09-01,4.060589,23.366726,3.4653265,1.18,0.14837,0.10741,102.157,672.07,787.516,144904175616.0,Industrials,Conglomerates
6745.T,ホーチキ,2026-09-01,15.567576,8.222689,2.150443,2.06,0.15351,0.090909995,,125.71,910.045,146002329600.0,Industrials,Building Products & Equipment
8237.T,松屋,2026-09-01,54.38471,36.59164,4.4213147,0.53,0.08628,0.05017,92.835,41.85,514.779,115484852224.0,Consumer Cyclical,Department Stores
3865.T,北越コーポレーション,2026-09-01,20.794125,9.069069,0.57605994,2.81,0.026919998,0.02343,42.013,43.57,1572.753,143928573952.0,Basic Materials,Paper & Paper Products
6330.T,東洋エンジニアリング,2026-09-01,,23.047705,3.2814763,0.94,-0.24174,-0.06948,113.597,-255.02,795.069,152880693248.0,Industrials,Engineering & Construction
6707.T,サンケン電気,2026-09-01,,2.1881022,1.1905321,,-0.08566,-0.14096,68.051,-472.61,5961.2,141873348608.0,Technology,Semiconductors
3101.T,東洋紡,2026-09-01,13.99479,14.805845,0.7342716,2.39,0.068280004,0.02954,102.185,126.69,2414.638,156457975808.0,Basic Materials,Specialty Chemicals
5310.T,東洋炭素,2026-09-01,32.342987,15.004144,1.478925,2.12,0.04696,0.097849995,5.46,212.72,4652.028,144288350208.0,Industrials,Electrical Equipment & Parts
6632.T,ＪＶＣケンウッド,2026-09-01,9.468781,9.759926,1.0259805,1.93,0.10248,0.03921,44.019,111.63,1030.234,150286417920.0,Consumer Cyclical,Auto Parts
4461.T,第一工業製薬,2026-09-01,22.92344,40.307602,2.6802595,1.09,0.18712,0.09088001,45.002,605.93,5182.334,147384811520.0,Basic Materials,Specialty Chemicals
6941.T,山一電機,2026-09-01,15.980344,24.275137,2.9606845,2.07,0.24006,0.0,11.414,492.48,2658.169,145255956480.0,Technology,Semiconductor Equipment & Materials
8934.T,サンフロンティア不動産,2026-09-01,8.671714,7.416127,1.0636529,3.2,0.13276,0.13438,96.012,290.6,2369.194,144103702528.0,Real Estate,Real Estate Services
8387.T,四国銀行,2026-09-01,8.818321,,0.77886206,2.33,0.095649995,0.25538,,417.88,4731.261,154342424576.0,Financial Services,Banks - Regional
3046.T,ジンズホールディングス,2026-09-01,17.022903,23.78898,3.7871456,1.92,,0.076630004,21.778,340.13,1528.856,135169933312.0,Healthcare,Medical Instruments & Supplies
5715.T,古河機械金属,2026-09-01,11.770061,35.159286,0.9120264,1.79,0.097320005,0.06473,47.203,384.45,4961.479,146749620224.0,Basic Materials,Other Industrial Metals & Mining
9974.T,ベルク,2026-09-01,11.206967,11.330221,1.1683983,1.93,0.105179995,0.02865,38.728,608.55,5837.051,142066712576.0,Consumer Defensive,Grocery Stores
6866.T,日置電機,2026-09-01,20.17514,21.887796,3.1310337,2.21,0.16542,0.15845999,,529.86,3414.208,143304179712.0,Technology,Scientific & Technical Instruments
9068.T,丸全昭和運輸,2026-09-01,11.4326105,12.582446,0.98864466,1.63,0.09041,0.0834,17.371,650.77,7525.454,143433711616.0,Industrials,Integrated Freight & Logistics
6340.T,澁谷工業,2026-09-01,14.591229,12.967641,1.2522565,2.35,0.090059996,0.07538,2.341,369.4,4304.23,149121204224.0,Industrials,Specialty Industrial Machinery
4471.T,三洋化成工業,2026-09-01,9.41862,22.118896,0.90734434,1.94,0.07858,0.08416,2.248,707.11,7340.102,147327664128.0,Basic Materials,Specialty Chemicals
3156.T,レスター,2026-09-01,20.453714,17.958109,1.6049719,2.72,0.13452,0.01854,130.8,273.3,3482.927,157178101760.0,Technology,Semiconductors
6420.T,ガリレイホールディングス,2026-09-01,11.55148,6.6755295,1.2557226,2.52,0.11756,0.08939,,304.29,2799.185,140910903296.0,Industrials,Specialty Industrial Machinery
3087.T,ドトール・日レスホールディングス,2026-09-01,20.07738,22.324339,1.3486248,1.76,0.07597,0.04856,1.753,170.59,2539.624,143926591488.0,Consumer Cyclical,Restaurants
4587.T,ペプチドリーム,2026-09-01,,9.681685,8.282542,,0.0779,0.21809,32.31,-28.12,132.568,141167362048.0,Healthcare,Biotechnology
9716.T,乃村工藝社,2026-09-01,15.810035,33.566612,2.4782224,3.47,0.1346,0.047810003,,81.91,522.552,144512663552.0,Industrials,Engineering & Construction
1952.T,新日本空調,2026-09-01,12.050898,,1.8071218,3.75,0.17753,0.083330005,3.022,267.2,1781.839,146423857152.0,Industrials,Building Products & Equipment
3778.T,さくらインターネット,2026-09-01,691.60583,51.00942,4.9316278,0.14,0.04639,0.03585,121.243,5.48,768.509,151693459456.0,Technology,Information Technology Services
1762.T,高松コンストラクショングループ,2026-09-01,13.162305,15.832875,1.0214021,3.4,0.09809,0.03791,22.59,328.21,4229.48,150415785984.0,Industrials,Engineering & Construction
7780.T,メニコン,2026-09-01,24.590582,18.919712,1.4954342,1.47,0.07904,0.056020003,84.733,78.77,1295.276,143833808896.0,Healthcare,Medical Instruments & Supplies
9715.T,トランス・コスモス,2026-09-01,11.424731,11.626822,1.1109686,3.9,0.1028,0.03127,9.065,327.36,3366.432,140147933184.0,Technology,Information Technology Services
8344.T,山形銀行,2026-09-01,21.738085,,0.8989057,2.14,0.05054,0.12809,,207.7,5022.774,139373494272.0,Financial Services,Banks - Regional
7148.T,ＦＰＧ,2026-09-01,9.390436,5.389408,2.4148386,5.37,0.29488,0.18240999,82.411,184.23,716.404,144864952320.0,Real Estate,Real Estate Services
6254.T,野村マイクロ・サイエンス,2026-09-01,35.384304,14.837363,3.4714162,2.41,0.097770005,0.067729995,145.616,98.49,1003.913,133791883264.0,Industrials,Pollution & Treatment Controls
2695.T,くら寿司,2026-09-01,39.790577,15.475875,2.0596206,0.86,0.041789997,0.013789999,45.821,43.93,848.7,138942005248.0,Consumer Cyclical,Restaurants
1835.T,東鉄工業,2026-09-01,10.871314,15.745738,1.0667235,3.81,0.10235,0.07825,,373.0,3801.36,139661033472.0,Industrials,Engineering & Construction
3191.T,ジョイフル本田,2026-09-01,14.876807,16.545048,1.0592256,3.76,0.07253,0.06435,7.782,149.36,2097.759,133927665664.0,Consumer Cyclical,Home Improvement Retail
1879.T,新日本建設,2026-09-01,9.0751915,,1.0200468,3.32,0.118640006,0.10519,,260.27,2315.58,138152214528.0,Industrials,Engineering & Construction
6486.T,イーグル工業,2026-09-01,14.213198,15.4,1.0393677,4.57,0.09814999,0.0584,27.595,216.7,2963.34,140755353600.0,Industrials,Specialty Industrial Machinery
9037.T,ハマキョウレックス,2026-09-01,12.954011,15.124153,1.3995394,2.47,0.11447,0.07017,23.003,144.82,1340.441,138906763264.0,Industrials,Integrated Freight & Logistics
4694.T,ビー・エム・エル,2026-09-01,18.174673,24.899057,1.0910882,3.41,0.06158,0.051999997,,203.58,3391.11,138689314816.0,Healthcare,Diagnostics & Research
9551.T,メタウォーター,2026-09-01,15.092176,20.06604,1.5670593,2.56,0.11184,0.043959998,42.35,209.38,2016.516,138237001728.0,Industrials,Pollution & Treatment Controls
8037.T,カメイ,2026-09-01,12.079035,15.776209,0.79816747,2.92,0.08125,0.022809999,17.736,388.69,5882.224,143825977344.0,Energy,Oil & Gas Refining & Marketing
7821.T,前田工繊,2026-09-01,14.295745,15.822195,1.782333,1.55,0.13236,0.13407,4.61,142.42,1142.323,135772766208.0,Basic Materials,Building Materials
3543.T,コメダホールディングス,2026-09-01,Infinity,18.993,2.649755,2.1,0.13854,0.113409996,82.508,0.0,1106.14,133390409728.0,Consumer Cyclical,Restaurants
4958.T,長谷川香料,2026-09-01,18.873192,17.604166,1.0163375,2.98,0.06164,0.100559995,,179.09,3325.667,137201680384.0,Basic Materials,Specialty Chemicals
8179.T,ロイヤルホールディングス,2026-09-01,23.177477,12.844804,2.4256732,1.27,0.11201999,0.03477,82.781,59.67,570.151,136274403328.0,Consumer Cyclical,Restaurants
6080.T,Ｍ＆Ａキャピタルパートナーズ,2026-09-01,23.092041,20.277073,2.8183765,3.37,0.16465001,0.27594,4.678,183.18,1500.864,134423396352.0,Financial Services,Capital Markets
8276.T,平和堂,2026-09-01,14.104462,14.7078285,0.6736455,2.48,0.04384,0.01833,10.562,189.16,3960.54,131945594880.0,Consumer Cyclical,Department Stores
4975.T,ＪＣＵ,2026-09-01,15.110115,19.52339,2.42747,3.31,0.17608999,0.30288,0.057,365.98,2278.092,136147075072.0,Basic Materials,Specialty Chemicals
8032.T,日本紙パルプ商事,2026-09-01,31.188244,1.8334823,1.0341296,2.98,0.04559,0.00868,80.497,39.47,1190.373,135741145088.0,Basic Materials,Paper & Paper Products
4047.T,関東電化工業,2026-09-01,35.117516,25.59116,1.745398,1.57,0.09019,0.092659995,53.656,65.95,1326.918,132831739904.0,Basic Materials,Specialty Chemicals
5930.T,文化シヤッター,2026-09-01,10.739004,25.416117,1.1569662,3.88,0.110240005,0.0523,12.298,179.16,1662.97,135331512320.0,Industrials,Building Products & Equipment
6804.T,ホシデン,2026-09-01,8.93695,10.848142,0.85856146,2.8,0.12652001,0.04309,6.593,300.55,3128.489,132238958592.0,Industrials,Electrical Equipment & Parts
3964.T,オークネット,2026-09-01,18.058952,7.93552,4.296025,3.05,0.25857002,0.10114,,77.69,326.581,127281061888.0,Consumer Cyclical,Internet Retail
3002.T,グンゼ,2026-09-01,265.9507,9.136285,1.222751,3.53,0.042290002,0.03554,17.669,15.83,3443.056,131962265600.0,Consumer Cyclical,Apparel Manufacturing
6284.T,日精エー・エス・ビー機械,2026-09-01,15.483961,21.421618,2.0309649,2.68,0.14654,0.19058001,7.684,568.33,4332.916,131921313792.0,Industrials,Specialty Industrial Machinery
7172.T,ジャパンインベストメントアドバイザー,2026-09-01,10.454702,12.907759,1.5935347,5.07,0.14881,0.30143,175.26,202.11,1325.983,131216408576.0,Industrials,Rental & Leasing Services
9672.T,東京都競馬,2026-09-01,12.669277,13.257822,1.3477447,2.89,0.110190004,0.25011998,16.948,400.97,3769.26,132287873024.0,Consumer Cyclical,Gambling
7283.T,愛三工業,2026-09-01,Infinity,11.509985,0.9293794,3.52,0.10491,0.04143,51.192,0.0,2542.557,135404863488.0,Consumer Cyclical,Auto Parts
8399.T,琉球銀行,2026-09-01,14.773652,22.59848,0.91462904,3.01,0.06544,0.12408,,221.34,3575.22,134091005952.0,Financial Services,Banks - Regional
4776.T,サイボウズ,2026-09-01,19.03645,50.721153,8.196361,1.53,0.4825,0.19067,0.165,166.26,386.147,142613233664.0,Technology,Software - Application
4633.T,サカタインクス,2026-09-01,10.969658,9.952029,1.0427862,3.72,0.1073,0.044099998,28.82,245.86,2586.34,131142787072.0,Basic Materials,Specialty Chemicals
7516.T,コーナン商事,2026-09-01,10.395707,8.314836,0.7104218,3.12,0.08394,0.02718,122.189,432.39,6327.227,129838612480.0,Consumer Cyclical,Home Improvement Retail
4914.T,高砂香料工業,2026-09-01,13.8312025,5.7777777,0.8383555,3.85,0.06981,0.04259,40.06,97.75,1612.681,131814653952.0,Basic Materials,Specialty Chemicals
7972.T,イトーキ,2026-09-01,12.765647,15.377856,2.099157,3.37,0.17584999,0.063260004,59.525,205.63,1250.502,129855954944.0,Consumer Cyclical,"Furnishings, Fixtures & Appliances"
9699.T,ニシオホールディングス,2026-09-01,11.450657,9.924859,0.91129524,2.84,0.077410005,0.05207,73.479,415.26,5217.848,132014014464.0,Industrials,Rental & Leasing Services
2146.T,ＵＴグループ,2026-09-01,20.068611,0.7793505,4.3577857,5.58,0.2446,0.046680003,28.649,11.66,53.697,132559060992.0,Industrials,Staffing & Employment Services
8074.T,ＹＵＡＳＡ,2026-09-01,11.342487,,1.1073906,3.63,0.107370004,0.022179998,3.32,569.54,5833.533,136034082816.0,Industrials,Specialty Industrial Machinery
4180.T,Ａｐｐｉｅｒ　Ｇｒｏｕｐ,2026-09-01,43.11759,30.661194,3.6271152,0.16,0.09305,0.06856,30.891,32.91,391.22,144892641280.0,Technology,Software - Infrastructure
7224.T,新明和工業,2026-09-01,11.5172415,18.102982,1.0672512,2.92,0.10588,0.04302,38.864,174.0,1877.721,132551262208.0,Industrials,Conglomerates
7599.T,ＩＤＯＭ,2026-09-01,10.705862,8.47051,1.4222395,3.39,0.14335,0.02122,124.024,118.72,893.661,127617589248.0,Consumer Cyclical,Auto & Truck Dealerships
3201.T,日本毛織,2026-09-01,13.345398,,0.95777524,3.24,0.07709,0.08349,10.852,149.19,2078.776,129679908864.0,Consumer Cyclical,Textile Manufacturing
3612.T,ワールド,2026-09-01,9.566892,4.72743,1.2575837,4.12,0.13566,0.045339998,130.39,171.32,1303.293,124893126656.0,Consumer Cyclical,Department Stores
7384.T,プロクレアホールディングス,2026-09-01,34.01182,,0.75609434,2.16,0.024419999,0.04972,,133.63,6011.155,128692527104.0,Financial Services,Banks - Regional
3765.T,ガンホー・オンライン・エンターテイメント,2026-09-01,57.876186,12.326389,1.1889632,3.37,0.04171,0.02545,,45.39,2209.488,137567797248.0,Communication Services,Electronic Gaming & Multimedia
2874.T,横浜冷凍,2026-09-01,40.63201,32.824776,1.5120487,1.27,0.03103,0.01933,124.339,53.48,1437.123,128625590272.0,Consumer Defensive,Food Distribution
6474.T,不二越,2026-09-01,18.15273,20.381233,0.68128204,1.96,0.03972,0.02765,51.822,306.29,8161.084,121187074048.0,Industrials,Tools & Accessories
4220.T,リケンテクノス,2026-09-01,16.919275,23.078972,1.7906009,3.26,0.14124,0.06677,15.119,153.73,1452.585,121964388352.0,Basic Materials,Chemicals
1720.T,東急建設,2026-09-01,9.523809,20.134003,1.1532266,3.72,0.13217,0.04054,18.78,126.21,1042.293,127740387328.0,Industrials,Engineering & Construction
1982.T,日比谷総合設備,2026-09-01,15.228935,,1.7379801,3.39,0.12591,0.09759,,199.62,1749.157,125445718016.0,Industrials,Engineering & Construction
6480.T,日本トムソン,2026-09-01,30.92342,27.624733,1.4459456,1.78,0.0709,0.08535,29.129,58.37,1248.318,126158782464.0,Industrials,Tools & Accessories
5192.T,三ツ星ベルト,2026-09-01,16.98679,17.892843,1.2244765,4.34,0.08127,0.0837,1.716,263.44,3654.623,124904439808.0,Industrials,Specialty Industrial Machinery
8153.T,モスフードサービス,2026-09-01,26.402418,39.104477,2.0771022,0.87,0.068390004,0.0377,10.013,148.85,1892.059,121284042752.0,Consumer Cyclical,Restaurants
8595.T,ジャフコ　グループ,2026-09-01,18.799028,6.5194225,0.91361296,5.69,0.04634,0.29382,11.315,123.65,2544.294,122407182336.0,Financial Services,Asset Management
4028.T,石原産業,2026-09-01,7.4050226,13.119831,0.96604186,4.07,0.1062,0.085159995,52.461,434.84,3333.189,123212832768.0,Basic Materials,Specialty Chemicals
4971.T,メック,2026-09-01,19.535187,33.99185,8.660922,1.65,0.12784,0.1445,8.569,337.34,760.889,120331870208.0,Basic Materials,Specialty Chemicals
9832.T,オートバックスセブン,2026-09-01,14.8872175,15.0570345,0.9172192,3.8,0.05876,0.027509999,29.181,106.4,1726.959,124388589568.0,Consumer Cyclical,Auto Parts
