ticker,meigara,as_of,per,per_forward,pbr,dividend_yield,roe,profit_margin,debt_to_equity,eps,bps,market_cap,sector,industry
8306.T,三菱ＵＦＪフィナンシャル・グループ,2026-10-01,15.16728,23.641878,1.7781277,2.59,0.09458999,0.27446,,236.43,2016.728,40363171512320,Financial Services,Banks - Diversified
7203.T,トヨタ自動車,2026-10-01,8.326691,9.021652,0.9283958,3.42,0.12404,0.0863,114.974,351.28,3150.596,34637363544064,Consumer Cyclical,Auto Manufacturers
9984.T,ソフトバンクグループ,2026-10-01,7.679789,22.692945,2.095063,0.17,0.31964,0.61613,130.15,872.55,3198.472,38188487802880,Communication Services,Telecom Services
6857.T,アドバンテスト,2026-10-01,72.70021,158.20468,26.11479,0.18,0.56895,0.37325,10.374,517.33,1440.18,27152651124736,Technology,Semiconductor Equipment & Materials
8316.T,三井住友フィナンシャルグループ,2026-10-01,15.17721,10.644725,0.79812753,2.59,0.08569,0.27818,,222.9,4238.671,25652317126656,Financial Services,Banks - Diversified
8035.T,東京エレクトロン,2026-10-01,10.054268,9.82659,2.669052,3.87,0.30929002,0.23645,,1251.21,4713.284,28575270961152,Technology,Semiconductor Equipment & Materials
6098.T,リクルートホールディングス,2026-10-01,48.154854,55.364635,13.143671,0.15,0.36222,0.14974,10.003,347.94,1274.758,23270510297088,Communication Services,Internet Content & Information
6501.T,日立製作所,2026-10-01,31.173975,30.932465,3.7593138,1.02,,0.07244,15.628,176.75,1465.693,24605255270400,Industrials,Conglomerates
6758.T,ソニーグループ,2026-10-01,20.311075,20.671398,2.6572268,0.93,0.13159999,-0.01746,21.318,186.45,1425.17,22136276123648,Technology,Consumer Electronics
9983.T,ファーストリテイリング,2026-10-01,46.666924,53.150684,8.181746,0.9,0.22481,0.1351,28.419,1558.92,8891.745,22323411288064,Consumer Cyclical,Apparel Retail
8411.T,みずほフィナンシャルグループ,2026-10-01,15.36252,25.580013,1.8202527,1.69,0.124919996,0.29136,,560.52,4730.662,20843853774848,Financial Services,Banks - Regional
6861.T,キーエンス,2026-10-01,44.25213,43.48315,5.549304,0.68,,0.39224,,1834.94,14632.466,19693041614848,Technology,Scientific & Technical Instruments
8058.T,三菱商事,2026-10-01,22.50286,22.269384,1.7950026,2.64,0.10077,0.04507,62.621,209.84,2630.637,17295241904128,Industrials,Conglomerates
8001.T,伊藤忠商事,2026-10-01,17.201656,3.402753,2.2747905,1.99,0.14093,0.060110003,72.922,128.04,968.221,15395281960960,Industrials,Conglomerates
8766.T,東京海上ホールディングス,2026-10-01,1.8665137,1.0567523,0.12075875,24.31,,0.0,9.282,279.13,4314.387,14767705030656,Financial Services,Insurance - Property & Casualty
8031.T,三井物産,2026-10-01,16.901022,16.729624,1.5517658,2.84,0.11378,0.06225,63.652,290.87,3168.004,13971965870080,Industrials,Conglomerates
9432.T,ＮＴＴ,2026-10-01,13.483768,11.704468,1.4066243,3.15,0.107130006,0.07126,168.396,12.63,121.07,13799221362688,Communication Services,Telecom Services
7011.T,三菱重工業,2026-10-01,54.98783,41.458942,4.071494,0.78,0.14746,0.07763,26.356,69.87,943.634,12909924057088,Industrials,Specialty Industrial Machinery
6981.T,村田製作所,2026-10-01,66.52341,35.878956,5.616873,0.89,0.10063,0.13854,2.009,127.97,1515.612,15431284817920,Technology,Electronic Components
2914.T,日本たばこ産業,2026-10-01,20.445532,22.769089,2.7702622,3.89,0.14298001,0.16726999,37.91,335.33,2474.856,12171851333632,Consumer Defensive,Tobacco
4519.T,中外製薬,2026-10-01,21.564518,26.175236,5.0105686,2.12,0.23493,0.35103,,286.35,1232.395,10162586779648,Healthcare,Drug Manufacturers - General
7182.T,ゆうちょ銀行,2026-10-01,23.87925,29.352554,1.3269913,2.66,0.06572,0.30753002,,144.1,2593.084,12256793329664,Financial Services,Banks - Regional
6503.T,三菱電機,2026-10-01,26.786345,32.166645,2.3784118,1.15,0.10283,0.07018,7.163,198.31,2233.423,10870667083776,Industrials,Electrical Equipment & Parts
9434.T,ソフトバンク,2026-10-01,21.385435,20.776531,3.9562316,3.65,0.16712,0.07721,159.994,11.26,60.866,11518359896064,Communication Services,Telecom Services
4063.T,信越化学工業,2026-10-01,23.85419,18.278591,2.4587345,1.95,0.112320006,0.18361999,5.487,252.66,2451.261,10939394949120,Basic Materials,Chemicals
9433.T,ＫＤＤＩ,2026-10-01,16.116793,1257.94,2.1765347,2.87,0.14586,0.12086,93.799,181.86,1346.636,10832866967552,Communication Services,Telecom Services
7974.T,任天堂,2026-10-01,21.775497,23.330297,3.1371732,2.76,,0.0,,364.63,2530.941,9153813676032,Communication Services,Electronic Gaming & Multimedia
6752.T,パナソニック　ホールディングス,2026-10-01,55.98622,26.946993,1.9651661,1.2,0.0525,0.030989999,27.876,81.27,2315.326,10623908839424,Technology,Consumer Electronics
4502.T,武田薬品工業,2026-10-01,,40.821995,1.1983086,3.53,-0.02262,-0.035380002,73.245,-104.62,4782.574,9150982520832,Healthcare,Drug Manufacturers - Specialty & Generic
5803.T,フジクラ,2026-10-01,56.666313,17.725533,14.607757,0.73,0.38956,0.15669,18.072,94.73,367.476,8887800430592,Industrials,Conglomerates
7741.T,ＨＯＹＡ,2026-10-01,32.836544,35.700172,8.036297,1.25,0.2653,0.27176002,4.404,742.77,3034.98,8135572979712,Healthcare,Medical Instruments & Supplies
8053.T,住友商事,2026-10-01,14.055854,3.951138,1.7528129,2.26,0.13605,0.08262,101.995,124.61,999.251,8279210590208,Industrials,Conglomerates
8002.T,丸紅,2026-10-01,14.644199,15.545476,1.7617817,2.38,0.14209,0.06611,57.643,329.96,2742.678,7851407310848,Industrials,Conglomerates
8015.T,豊田通商,2026-10-01,20.653227,20.613897,2.6284156,1.73,0.16057,0.0325,93.242,351.18,2759.457,6800996827136,Industrials,Conglomerates
8725.T,ＭＳ＆ＡＤインシュアランスグループホールディングス,2026-10-01,9.237517,11.881429,1.0556364,2.86,0.16088,0.1155,25.214,528.93,4628.488,6977267171328,Financial Services,Insurance - Property & Casualty
5802.T,住友電気工業,2026-10-01,20.0,10.718002,2.6069264,1.68,0.15776,0.075729996,25.197,118.45,908.733,7390517264384,Consumer Cyclical,Auto Parts
8591.T,オリックス,2026-10-01,10.497807,15.905176,1.3744255,2.84,0.14035,0.17940001,130.278,563.07,4300.706,6147358588928,Financial Services,Financial Conglomerates
6178.T,日本郵政,2026-10-01,19.425518,20.155848,0.6904607,2.36,0.0512,0.03766,,129.16,3633.806,6860591071232,Financial Services,Banks - Regional
6301.T,小松製作所,2026-10-01,18.355854,13.670482,1.925831,2.49,0.11619,0.08939,46.667,413.71,3943.233,6739895779328,Industrials,Farm & Heavy Construction Machinery
6146.T,ディスコ,2026-10-01,48.48115,44.410484,11.260974,0.95,0.27376,0.31645,,1246.67,5367.209,6555789426688,Technology,Semiconductor Equipment & Materials
8750.T,第一ライフグループ,2026-10-01,14.997525,4.9151077,1.4317408,3.84,0.13575,0.04823,30.147,121.22,1269.783,6548784414720,Financial Services,Insurance - Life
7267.T,本田技研工業,2026-10-01,,7.434032,0.5341238,4.16,-0.0076200003,-0.00754,113.838,-37.34,3175.294,6601816145920,Consumer Cyclical,Auto Manufacturers
6702.T,富士通,2026-10-01,22.881647,26.381016,3.4110377,1.39,0.16202,0.08996,6.507,174.9,1173.25,6921317253120,Technology,Information Technology Services
4578.T,大塚ホールディングス,2026-10-01,14.926636,22.082901,1.8593134,1.73,0.13420999,0.15464,5.873,768.09,6166.255,6014649237504,Healthcare,Drug Manufacturers - General
6701.T,日本電気,2026-10-01,23.77781,6.704128,2.8615801,0.84,0.1416,0.08154,25.493,202.71,1684.384,6392978604032,Technology,Information Technology Services
6723.T,ルネサスエレクトロニクス,2026-10-01,19.43877,12.870752,2.3189552,0.81,0.13953,0.22947,40.605,186.02,1559.323,6608201449472,Technology,Semiconductors
8630.T,ＳＯＭＰＯホールディングス,2026-10-01,26.411331,24.251749,1.1105443,2.98,0.1443,0.11423001,17.64,250.65,5961.041,5870514601984,Financial Services,Insurance - Property & Casualty
6367.T,ダイキン工業,2026-10-01,22.335636,21.191618,1.951771,1.72,0.09603,0.05238,39.478,939.53,10751.773,5840883417088,Industrials,Building Products & Equipment
6762.T,ＴＤＫ,2026-10-01,31.116299,29.94012,2.6421237,1.34,0.1163,0.08663,32.99,102.84,1211.147,6074093010944,Technology,Electronic Components
4062.T,イビデン,2026-10-01,55.850445,38.823795,5.882105,0.18,0.12655,0.1559,31.919,214.77,2039.236,6744928419840,Technology,Electronic Components
6954.T,ファナック,2026-10-01,34.36536,35.39368,3.0211136,1.8,0.10049,0.20131999,,178.29,2028.06,5693212983296,Industrials,Specialty Industrial Machinery
8308.T,りそなホールディングス,2026-10-01,21.75653,28.088804,1.843914,1.45,0.0923,0.23052,,113.69,1341.44,5537850195968,Financial Services,Banks - Regional
4568.T,第一三共,2026-10-01,20.032894,19.08958,2.929888,3.57,0.14812,0.10931,29.393,136.8,935.36,4986759544832,Healthcare,Drug Manufacturers - General
2802.T,味の素,2026-10-01,37.975597,22.659716,6.4824467,0.98,0.18486,0.08513,66.233,138.51,811.422,5011501219840,Consumer Defensive,Packaged Foods
5108.T,ブリヂストン,2026-10-01,19.461048,6.874463,1.2645438,3.36,0.112670004,0.09019,23.44,197.42,3038.25,4742823542784,Consumer Cyclical,Auto Parts
4661.T,オリエンタルランド,2026-10-01,38.96701,32.955975,4.1891785,0.55,,0.18807,28.924,73.96,687.963,4725663072256,Consumer Cyclical,Leisure
8309.T,三井住友トラストグループ,2026-10-01,13.471443,4.7887664,1.3361471,2.66,0.10779,0.21312,,132.02,1331.066,4897883815936,Financial Services,Banks - Regional
6902.T,デンソー,2026-10-01,11.289729,9.542578,0.9022204,4.0,0.09198,0.056149997,25.468,162.98,2039.413,4613138808832,Consumer Cyclical,Auto Parts
8604.T,野村ホールディングス,2026-10-01,11.62363,17.025839,1.1803105,3.29,0.11158,0.17292999,945.609,133.22,1311.943,4525633568768,Financial Services,Capital Markets
6971.T,京セラ,2026-10-01,36.257538,41.653633,1.4562899,1.54,0.05059,0.07764,10.172,102.82,2559.93,4762621181952,Industrials,Conglomerates
3382.T,セブン＆アイ・ホールディングス,2026-10-01,16.829391,17.335703,1.252989,2.99,0.080469996,0.03562,104.359,118.81,1595.784,4532984086528,Consumer Defensive,Grocery Stores
8802.T,三菱地所,2026-10-01,19.75363,23.833853,1.5886607,1.39,0.107,0.15154,129.755,181.84,2261.024,4303984263168,Real Estate,Real Estate - Diversified
6273.T,ＳＭＣ,2026-10-01,27.814924,22.362873,2.142337,1.39,0.09846,0.21955,0.232,2639.59,34270.984,4587119443968,Industrials,Specialty Industrial Machinery
1605.T,ＩＮＰＥＸ,2026-10-01,9.7594595,13.4538,0.8224828,3.05,0.092709996,0.22082001,24.637,370.0,4390.365,4175482060800,Energy,Oil & Gas E&P
4503.T,アステラス製薬,2026-10-01,14.24476,30.4936,2.1324904,3.45,0.21301001,0.16046,30.336,162.2,1083.475,4142758363136,Healthcare,Drug Manufacturers - General
7269.T,スズキ,2026-10-01,8.797435,11.364539,1.0918465,2.62,0.1532,0.0789,17.348,227.68,1834.507,3864335482880,Consumer Cyclical,Auto Manufacturers
8801.T,三井不動産,2026-10-01,14.60396,15.521415,1.2233973,2.51,0.06705,0.09122,152.103,101.0,1205.659,3970971205632,Real Estate,Real Estate - Diversified
9020.T,東日本旅客鉄道,2026-10-01,15.157454,16.12997,1.2266558,2.51,0.07948,0.07548,162.617,219.43,2711.437,3755282006016,Industrials,Railroads
4901.T,富士フイルムホールディングス,2026-10-01,14.794628,11.362037,1.0405834,2.24,0.07145,0.075830005,28.445,229.34,3260.671,4057997508608,Industrials,Conglomerates
7751.T,キヤノン,2026-10-01,11.825999,12.899667,1.1399782,3.47,0.10371,0.07389,34.446,395.4,4101.833,3903102648320,Technology,Computer Hardware
4689.T,ＬＩＮＥヤフー,2026-10-01,18.201077,23.664799,1.15715,2.14,0.08316,0.09665,61.313,27.85,438.059,3477082210304,Consumer Cyclical,Internet Retail
8267.T,イオン,2026-10-01,46.624393,19.945747,2.8590903,1.09,0.07205,0.00839,185.559,26.81,437.202,3458280980480,Consumer Cyclical,Department Stores
4543.T,テルモ,2026-10-01,25.529259,23.09241,2.087035,1.57,0.10854,0.13897,26.357,92.11,1126.718,3468700942336,Healthcare,Medical Devices
9022.T,東海旅客鉄道,2026-10-01,6.432062,8.64977,0.6729726,0.86,0.111590005,0.27235,91.502,570.89,5456.388,3486123819008,Industrials,Railroads
7832.T,バンダイナムコホールディングス,2026-10-01,27.002298,33.870872,4.166947,0.87,0.1831,0.111499995,,213.13,1381.107,3691061182464,Consumer Cyclical,Leisure
5016.T,ＪＸ金属,2026-10-01,32.01314,,5.2434072,0.56,0.23204,0.14555,62.477,112.61,687.53,3221409234944,Technology,Semiconductor Equipment & Materials
5401.T,日本製鉄,2026-10-01,198.17073,1.1649164,0.60273254,3.66,0.05505,0.02651,90.107,3.28,1078.422,3397091065856,Basic Materials,Steel
5020.T,ＥＮＥＯＳホールディングス,2026-10-01,14.033535,13.546798,0.9583469,2.45,0.19527,0.05594,57.783,96.02,1406.067,3579543289856,Energy,Oil & Gas Refining & Marketing
4452.T,花王,2026-10-01,24.933764,13.462728,2.8142126,2.23,0.12319,0.07771,20.635,139.65,1237.291,3150367424512,Consumer Defensive,Household & Personal Products
7936.T,アシックス,2026-10-01,23.746717,42.04433,8.39312,1.14,0.42215002,0.13503,28.031,178.93,506.248,3012162486272,Consumer Cyclical,Footwear & Accessories
6326.T,クボタ,2026-10-01,11.542867,13.824814,1.0966623,1.88,0.10014,0.082320005,74.229,235.73,2481.165,3064913723392,Industrials,Farm & Heavy Construction Machinery
8830.T,住友不動産,2026-10-01,13.914413,7.6029263,1.1472367,1.63,0.09356,0.0,155.974,228.54,2771.878,2937099911168,Real Estate,Real Estate Services
5713.T,住友金属鉱山,2026-10-01,15.049987,24.026756,1.2315633,2.1,0.11684,0.12449,30.335,649.17,7933.007,2623125061632,Basic Materials,Other Industrial Metals & Mining
6920.T,レーザーテック,2026-10-01,52.92163,41.85246,16.597334,1.03,0.33929002,0.33618,,863.73,2754.057,4100489478144,Technology,Semiconductor Equipment & Materials
4004.T,レゾナック・ホールディングス,2026-10-01,54.395813,63.786667,3.823428,0.43,0.08137,0.04185,118.836,292.21,4157.264,3015392624640,Basic Materials,Chemicals
9766.T,コナミグループ,2026-10-01,26.621456,36.799416,5.176491,1.05,0.21156,0.21426001,9.489,831.66,4277.029,3001220595712,Communication Services,Electronic Gaming & Multimedia
6594.T,ニデック,2026-10-01,Infinity,11.077702,1.3681914,,0.06313,0.04586,40.098,0.0,1534.873,2410754342912,Industrials,Specialty Industrial Machinery
1925.T,大和ハウス工業,2026-10-01,3.8397727,4.621742,0.46308672,4.19,0.12880999,0.062800005,115.364,566.57,4697.824,2695619674112,Real Estate,Real Estate - Development
9503.T,関西電力,2026-10-01,7.8350334,8.136243,0.83476675,2.96,0.12508,0.10079,121.085,341.16,3202.092,2977873526784,Utilities,Utilities - Regulated Electric
4307.T,野村総合研究所,2026-10-01,187.39716,28.69167,7.5106153,1.7,0.046040002,0.02227,62.286,26.74,667.189,2806666756096,Technology,Information Technology Services
9101.T,日本郵船,2026-10-01,14.141114,13.934106,0.92497087,3.33,0.07705,0.08962,42.798,504.84,7718.081,2880987201536,Industrials,Marine Shipping
7013.T,ＩＨＩ,2026-10-01,17.85526,4.6882567,4.1266284,0.85,0.3344,0.12077,67.304,151.86,657.074,2874629160960,Industrials,Specialty Industrial Machinery
4612.T,日本ペイントホールディングス,2026-10-01,18.768888,19.89211,1.3671538,1.44,0.111770004,0.10151,70.361,62.87,863.107,2736963452928,Basic Materials,Specialty Chemicals
5801.T,古河電気工業,2026-10-01,39.963078,13.869032,6.621621,0.57,0.22573,0.064959995,77.557,102.92,621.147,2893480984576,Industrials,Electrical Equipment & Parts
9735.T,セコム,2026-10-01,22.754751,26.474056,1.9288125,1.94,0.087110005,0.08823,4.787,276.25,3259.0,2507669241856,Industrials,Security & Protection Services
8601.T,大和証券グループ本社,2026-10-01,14.524577,18.314367,1.3877683,3.87,0.10955,0.20921,1221.076,124.1,1298.848,2502895075328,Financial Services,Capital Markets
7735.T,ＳＣＲＥＥＮホールディングス,2026-10-01,32.006405,17.823254,5.9300046,1.69,0.1887,0.14501001,1.215,487.09,2629.003,2947879272448,Technology,Semiconductor Equipment & Materials
4507.T,塩野義製薬,2026-10-01,11.8281355,14.916318,1.3694414,2.65,0.16773,0.46785998,38.591,241.12,2082.601,2426981842944,Healthcare,Drug Manufacturers - Specialty & Generic
7532.T,パン・パシフィック・インターナショナルホールディングス,2026-10-01,19.123474,3.9770868,2.9809268,1.4,0.16478,0.04502,48.507,36.85,236.403,2107647066112,Consumer Defensive,Discount Stores
2502.T,アサヒグループホールディングス,2026-10-01,14.507913,11.148388,0.73159534,3.9,0.05574,0.05402,52.869,109.94,2180.167,2332946333696,Consumer Defensive,Beverages - Brewers
2503.T,キリンホールディングス,2026-10-01,11.698059,16.53779,1.6643156,2.66,0.15143,0.078099996,50.194,243.16,1709.111,2254012678144,Consumer Defensive,Beverages - Brewers
3659.T,ネクソン,2026-10-01,15.545997,15.882459,1.9349777,2.28,0.12519,0.26353002,4.546,170.88,1372.884,2069088043008,Communication Services,Electronic Gaming & Multimedia
9104.T,商船三井,2026-10-01,11.381865,12.534879,0.81359816,2.89,0.07892,0.10431,85.568,619.67,8668.898,2423552999424,Industrials,Marine Shipping
4091.T,日本酸素ホールディングス,2026-10-01,18.89048,19.528059,1.8455987,1.2,0.12126,0.09897,66.209,286.07,2928.047,2339139223552,Basic Materials,Chemicals
8697.T,日本取引所グループ,2026-10-01,38.906536,37.568615,7.392676,3.57,,0.0,15.701,59.81,314.771,2369895006208,Financial Services,Financial Data & Stock Exchanges
8795.T,Ｔ＆Ｄホールディングス,2026-10-01,17.087135,19.303848,1.3689221,3.36,0.09340999,0.051069997,13.856,279.45,3488.146,2265768263680,Financial Services,Insurance - Life
7453.T,良品計画,2026-10-01,37.86382,27.011238,5.687493,0.76,0.18361999,0.07442,23.742,112.35,747.957,2258143543296,Consumer Cyclical,Department Stores
7733.T,オリンパス,2026-10-01,32.79719,15.986151,2.8542156,1.49,0.105749995,0.074939996,42.638,61.24,703.696,2134739648512,Healthcare,Medical Devices
6361.T,荏原製作所,2026-10-01,27.65376,31.115908,4.079291,1.4,0.15739,0.078839995,41.984,172.02,1166.134,2166314237952,Industrials,Specialty Industrial Machinery
7012.T,川崎重工業,2026-10-01,18.188848,4.122555,2.2210114,1.69,0.14437,0.05053,92.947,129.31,1058.977,2053760221184,Industrials,Conglomerates
6988.T,日東電工,2026-10-01,17.850073,18.35212,2.0364158,1.84,0.12546,0.12913999,,197.03,1727.054,2326579380224,Basic Materials,Specialty Chemicals
1928.T,積水ハウス,2026-10-01,8.547875,8.928099,0.97136265,4.34,0.12262,0.0616,81.733,394.25,3469.353,2185119399936,Consumer Cyclical,Residential Construction
1812.T,鹿島建設,2026-10-01,13.006139,18.52394,1.6635896,2.95,,0.059439998,58.946,379.59,2967.679,2281463611392,Industrials,Engineering & Construction
9502.T,中部電力,2026-10-01,8.779056,11.277475,0.6311357,2.58,0.06044,0.04975,91.166,301.57,4194.819,1999890546688,Utilities,Utilities - Diversified
8473.T,ＳＢＩホールディングス,2026-10-01,5.054273,7.7588534,1.0940472,3.32,0.23416,0.24256,302.859,624.62,2885.616,2040658526208,Financial Services,Financial Conglomerates
6383.T,ダイフク,2026-10-01,26.930182,40.60716,4.327,1.57,,0.12123,9.056,216.56,1347.816,2168566054912,Industrials,Specialty Industrial Machinery
3407.T,旭化成,2026-10-01,14.095881,16.452225,1.0490019,2.65,0.09751,0.06098,56.856,117.02,1572.447,2199737073664,Industrials,Conglomerates
7186.T,横浜フィナンシャルグループ,2026-10-01,20.455029,25.971922,1.469299,2.5,,0.2792,,94.06,1309.468,2135599874048,Financial Services,Banks - Regional
9532.T,大阪瓦斯,2026-10-01,14.565167,19.473505,1.1849986,2.26,0.07901,0.068670005,42.406,391.07,4806.757,2150109544448,Utilities,Utilities - Regulated Gas
1801.T,大成建設,2026-10-01,11.892461,25.630253,2.1310463,3.08,,0.078990005,45.852,1025.86,5724.887,1988711284736,Industrials,Engineering & Construction
4684.T,オービック,2026-10-01,29.205036,31.314835,4.382206,1.9,0.16645999,0.56193,,171.58,1143.488,2151692632064,Technology,Software - Application
1802.T,大林組,2026-10-01,11.958614,21.61496,1.6472462,3.13,0.16165,0.072519995,27.364,249.36,1810.294,2049890975744,Industrials,Engineering & Construction
6504.T,富士電機,2026-10-01,21.881113,23.93731,2.6842291,1.53,0.14274,0.08604,8.042,664.5,5416.825,2122711302144,Industrials,Electrical Equipment & Parts
8593.T,三菱ＨＣキャピタル,2026-10-01,13.9561825,12.072893,0.94547564,3.88,0.07201,0.06292,498.194,94.94,1401.411,1899784568832,Financial Services,Credit Services
9531.T,東京瓦斯,2026-10-01,9.329668,22.530329,1.1697042,1.94,0.096260004,0.05617,70.137,654.9,5223.543,1995928371200,Utilities,Utilities - Regulated Gas
9107.T,川崎汽船,2026-10-01,15.502993,9.340927,1.1371654,3.61,0.07565,0.11924,12.975,210.54,2870.295,1935855583232,Industrials,Marine Shipping
6525.T,ＫＯＫＵＳＡＩ　ＥＬＥＣＴＲＩＣ,2026-10-01,78.8469,52.912266,10.509558,0.69,,0.0,22.405,128.35,962.933,2361844563968,Technology,Semiconductor Equipment & Materials
8331.T,千葉銀行,2026-10-01,19.333105,25.616278,1.5177737,2.25,0.08298001,0.27705,,146.2,1862.267,1953859895296,Financial Services,Banks - Regional
7272.T,ヤマハ発動機,2026-10-01,8.073325,9.529722,1.3989481,2.77,0.07716,0.02792,79.639,223.39,1289.183,1750711795712,Consumer Cyclical,Auto Manufacturers
5831.T,しずおかフィナンシャルグループ,2026-10-01,21.476711,28.791876,1.4948334,2.97,0.081999995,0.26049,,167.67,2408.964,1884916940800,Financial Services,Banks - Regional
7270.T,ＳＵＢＡＲＵ,2026-10-01,20.221584,5.6834984,0.64467686,4.55,0.03118,0.01767,13.14,125.46,3935.305,1764652220416,Consumer Cyclical,Auto Manufacturers
7550.T,ゼンショーホールディングス,2026-10-01,39.067307,34.224632,4.76221,0.75,0.17907,0.04079,91.263,276.19,2265.755,1688227282944,Consumer Cyclical,Restaurants
3402.T,東レ,2026-10-01,23.319447,18.2013,0.98719966,1.82,0.05609,0.03509,46.26,52.81,1247.468,1793879441408,Consumer Cyclical,Textile Manufacturing
6963.T,ローム,2026-10-01,,58.752445,2.545751,1.01,,-0.30435,51.627,-397.18,2005.302,1970709069824,Technology,Semiconductors
7181.T,かんぽ生命保険,2026-10-01,11.291274,7.5255437,0.4005061,2.81,0.04183,0.0495,102.945,152.64,4303.305,1867709939712,Financial Services,Insurance - Life
9697.T,カプコン,2026-10-01,33.369057,32.0845,6.3560433,1.06,,0.30193,,130.63,685.804,1823408259072,Communication Services,Electronic Gaming & Multimedia
9435.T,光通信,2026-10-01,10.465297,16.280401,1.2702643,2.18,0.14486,0.20982,86.268,3474.34,28623.965,1596405055488,Industrials,Conglomerates
9843.T,ニトリホールディングス,2026-10-01,18.704079,3.3056092,1.6547254,1.09,0.092180006,0.098009996,14.875,157.88,1784.586,1668615110656,Consumer Cyclical,"Furnishings, Fixtures & Appliances"
8113.T,ユニ・チャーム,2026-10-01,25.171951,5.2989087,1.9864812,2.35,0.08294,0.066539995,1.469,37.22,471.638,1612217843712,Consumer Defensive,Household & Personal Products
2801.T,キッコーマン,2026-10-01,25.174349,25.836317,2.6792717,1.52,0.12088,0.08465,10.577,65.96,619.758,1540511367168,Consumer Defensive,Packaged Foods
4755.T,楽天グループ,2026-10-01,,-89.5795,1.6245341,,0.0034,-0.024330001,363.838,-29.69,419.628,1487459581952,Consumer Cyclical,Internet Retail
5334.T,日本特殊陶業,2026-10-01,13.438223,7.9064016,1.766895,2.76,0.24791999,0.24330999,28.507,285.38,2170.474,1492966047744,Consumer Cyclical,Auto Parts
7309.T,シマノ,2026-10-01,26.584286,19.307663,1.7277951,2.04,0.06847,0.121829994,0.379,668.44,10284.784,1498482999296,Consumer Cyclical,Leisure
5706.T,三井金属,2026-10-01,15.452379,4.097393,3.3404675,1.22,0.30622,0.14418,27.79,159.49,737.771,1410037579776,Industrials,Conglomerates
5019.T,出光興産,2026-10-01,11.43852,11.608026,1.1119167,2.26,0.22516,0.04239,136.942,133.54,1373.754,1830880411648,Energy,Oil & Gas Refining & Marketing
1803.T,清水建設,2026-10-01,11.382135,25.882853,1.4222871,3.59,0.17629999,0.08135,55.696,186.74,1494.424,1442685255680,Industrials,Engineering & Construction
7259.T,アイシン,2026-10-01,15.818881,9.549258,0.71927565,3.4,0.08434,0.03146,28.868,137.81,3030.827,1520472293376,Consumer Cyclical,Auto Parts
7167.T,めぶきフィナンシャルグループ,2026-10-01,19.041466,43.21602,1.426606,2.56,0.09242,0.25542998,,88.99,1187.784,1590377185280,Financial Services,Banks - Regional
4188.T,三菱ケミカルグループ,2026-10-01,,12.667252,0.86156285,2.73,0.01418,0.013040001,73.776,-60.46,1340.587,1569284554752,Basic Materials,Specialty Chemicals
7202.T,いすゞ自動車,2026-10-01,10.703008,8.125688,0.94250816,4.45,0.116009995,0.04089,60.175,193.17,2193.615,1420862685184,Consumer Cyclical,Auto Manufacturers
5333.T,ＮＧＫ,2026-10-01,26.991901,27.896952,1.9345573,1.95,0.09237,0.103819996,28.279,206.21,2877.144,1566735859712,Industrials,Specialty Industrial Machinery
4911.T,資生堂,2026-10-01,,27.488304,2.1393046,1.72,-0.03079,-0.020539999,51.517,-51.23,1593.041,1361900208128,Consumer Defensive,Household & Personal Products
8136.T,サンリオ,2026-10-01,26.613804,9.083632,8.853405,1.35,,0.2755,7.69,44.77,134.581,1444610572288,Consumer Cyclical,Specialty Retail
8354.T,ふくおかフィナンシャルグループ,2026-10-01,17.225515,19.147367,1.3078547,2.63,0.087139994,0.21019,,452.12,5954.79,1471785205760,Financial Services,Banks - Regional
7911.T,ＴＯＰＰＡＮホールディングス,2026-10-01,10.647903,9.047529,0.4915941,1.23,0.05614,0.041350003,37.443,227.04,4917.675,1360326819840,Industrials,Conglomerates
2587.T,サントリービバレッジ＆フード,2026-10-01,15.566119,13.622935,1.0310925,2.66,0.07988,0.049569998,1.087,290.31,4382.73,1396369391616,Consumer Defensive,Beverages - Non-Alcoholic
5844.T,京都フィナンシャルグループ,2026-10-01,14.127645,34.42128,0.97675556,2.29,0.07948,0.31151,,338.91,4901.943,1341701619712,Financial Services,Banks - Regional
8303.T,ＳＢＩ新生銀行,2026-10-01,11.575721,,1.1083847,1.28,,0.19402,,132.13,1379.936,1356666503168,Financial Services,Banks - Regional
3003.T,ヒューリック,2026-10-01,10.93591,12.626634,1.3786228,3.88,0.13069999,0.1415,232.092,157.28,1247.622,1306253066240,Real Estate,Real Estate - Diversified
4523.T,エーザイ,2026-10-01,35.30056,23.858418,1.5027896,3.3,0.049629997,0.049390003,29.077,136.91,3216.019,1364046643200,Healthcare,Drug Manufacturers - Specialty & Generic
6586.T,マキタ,2026-10-01,17.79712,21.68895,1.3661712,3.93,0.08596,0.10406999,1.697,299.88,3906.538,1375109120000,Industrials,Tools & Accessories
9147.T,ＮＩＰＰＯＮ　ＥＸＰＲＥＳＳホールディングス,2026-10-01,73.74294,9.311931,1.6470741,1.73,0.024400001,0.00691,101.717,77.96,3490.432,1366099755008,Industrials,Integrated Freight & Logistics
9021.T,西日本旅客鉄道,2026-10-01,10.449373,12.292964,1.0788558,3.31,0.0934,0.06386,115.25,277.72,2689.887,1320653160448,Industrials,Railroads
6479.T,ミネベアミツミ,2026-10-01,15.501582,17.79878,1.6566947,1.6,,0.06348,52.132,246.62,2307.607,1535299682304,Technology,Electronic Components
4151.T,協和キリン,2026-10-01,14.719521,16.473259,1.3061568,3.07,0.092530005,0.15353,,155.27,1749.79,1196656951296,Healthcare,Drug Manufacturers - Specialty & Generic
7912.T,大日本印刷,2026-10-01,12.724455,15.271551,1.0456971,1.39,0.069180004,0.05409,18.92,235.57,2866.509,1282517368832,Industrials,Conglomerates
4768.T,大塚商会,2026-10-01,20.814686,24.159925,3.3667657,2.88,0.16991,0.04848,1.431,176.51,1091.255,1393185128448,Technology,Information Technology Services
9202.T,ＡＮＡホールディングス,2026-10-01,9.252281,6.1008663,0.9269752,2.0,0.13206,0.06215,84.724,321.11,3205.048,1275722858496,Industrials,Airlines
9201.T,日本航空,2026-10-01,9.846856,12.128753,0.89746773,3.13,0.090670004,0.05544,55.55,306.9,3367.252,1298939379712,Industrials,Airlines
9602.T,東宝,2026-10-01,25.642075,6.374024,2.6015258,1.41,0.0971,0.13277,0.296,61.13,602.531,1303926800384,Communication Services,Entertainment
3563.T,ＦＯＯＤ　＆　ＬＩＦＥ　ＣＯＭＰＡＮＩＥＳ,2026-10-01,40.458015,30.586113,9.282114,0.39,0.29974002,0.06204,176.208,125.76,548.151,1156347199488,Consumer Cyclical,Restaurants
6841.T,横河電機,2026-10-01,20.803305,21.908552,2.3444545,1.96,,0.0,4.682,227.56,2019.233,1178680295424,Industrials,Specialty Industrial Machinery
6506.T,安川電機,2026-10-01,35.20442,23.32471,2.5554087,1.55,0.07511,0.06073,24.475,135.75,1870.151,1239519461376,Industrials,Electrical Equipment & Parts
8439.T,東京センチュリー,2026-10-01,11.557435,14.330184,1.10497,3.41,0.10875,0.0,413.86,227.04,2374.725,1282511077376,Industrials,Rental & Leasing Services
6645.T,オムロン,2026-10-01,36.97416,23.702364,1.5183307,1.62,0.05131,0.042579997,31.574,173.77,4231.621,1263343894528,Technology,Electronic Components
3099.T,三越伊勢丹ホールディングス,2026-10-01,15.360853,10.162878,1.914522,3.7,,0.14458999,12.073,106.83,857.133,1138798231552,Consumer Cyclical,Department Stores
6305.T,日立建機,2026-10-01,16.347189,13.079501,1.2987752,3.39,0.10929,0.06297,58.427,343.79,4327.154,1170934333440,Industrials,Farm & Heavy Construction Machinery
5201.T,ＡＧＣ,2026-10-01,13.534309,14.020253,0.80434245,3.65,0.06104,0.041950002,38.309,427.58,7194.697,1229281820672,Industrials,Conglomerates
2269.T,明治ホールディングス,2026-10-01,32.270794,19.918816,1.4640744,2.65,0.05525,0.03384,16.913,129.25,2848.899,1131036672000,Consumer Defensive,Packaged Foods
8359.T,八十二長野銀行,2026-10-01,19.893084,53.210228,1.0639253,2.26,0.06514,0.26992,,141.23,2640.693,1277073162240,Financial Services,Banks - Regional
3436.T,ＳＵＭＣＯ,2026-10-01,,70.5261,2.1372137,0.6,-0.04061,-0.06612,57.301,-79.25,1624.545,1214270668800,Technology,Semiconductor Equipment & Materials
7701.T,島津製作所,2026-10-01,19.093124,18.621557,2.0074844,2.12,0.12335,0.11504,1.812,209.29,1990.551,1154604728320,Technology,Scientific & Technical Instruments
5101.T,横浜ゴム,2026-10-01,7.902998,13.699155,1.0032709,3.13,0.14314,0.10998,54.288,904.72,7126.69,1127893696512,Consumer Cyclical,Auto Parts
6869.T,シスメックス,2026-10-01,32.87876,17.647337,2.3288076,2.17,0.08335,0.075430006,25.407,56.83,802.342,1130812276736,Healthcare,Medical Devices
5411.T,ＪＦＥホールディングス,2026-10-01,16.496115,5.4779434,0.42015934,4.54,0.0377,0.02056,85.683,105.54,4143.666,1107513311232,Basic Materials,Steel
2768.T,双日,2026-10-01,11.336433,10.606663,1.0191374,3.17,0.10727999,0.03768,125.907,494.6,5501.712,1166593753088,Industrials,Conglomerates
4528.T,小野薬品工業,2026-10-01,15.731625,13.792492,1.2647139,3.41,0.0926,0.15116,13.418,148.3,1844.686,1096293744640,Healthcare,Drug Manufacturers - General
2413.T,エムスリー,2026-10-01,24.841206,25.108164,2.9565134,1.25,0.119820006,0.13042,8.466,72.42,608.487,1198702985216,Healthcare,Health Information Services
6448.T,ブラザー工業,2026-10-01,18.832088,19.669916,1.436421,2.18,0.123900004,0.113350004,0.099,247.45,3244.174,1150245011456,Industrials,Business Equipment & Supplies
1944.T,きんでん,2026-10-01,19.484446,34.378147,2.5962923,2.05,0.14601,0.09716,56.624,350.69,2631.83,1123903602688,Industrials,Engineering & Construction
6532.T,ベイカレント,2026-10-01,30.610851,30.47874,10.398488,1.69,0.38583001,0.24941,5.267,249.16,733.472,1121047150592,Industrials,Consulting Services
6976.T,太陽誘電,2026-10-01,94.190056,53.927067,3.5724025,0.97,0.05335,0.0499,40.27,107.23,2827.229,1315590897664,Technology,Electronic Components
5830.T,いよぎんホールディングス,2026-10-01,15.400055,27.382786,1.2170982,1.99,0.078260005,0.31601998,,254.09,3215.024,1119058132992,Financial Services,Banks - Regional
1773.T,ワイ・ティー・エル・コーポレーション・バーハッド,2026-10-01,19.247787,,1.3955786,2.71,0.10075,0.045489997,189.601,4.52,62.339733,1020954869760,Utilities,Utilities - Diversified
7201.T,日産自動車,2026-10-01,,-20.156784,0.21199778,,-0.076519996,-0.03372,172.415,-152.57,1394.826,1033880338432,Consumer Cyclical,Auto Manufacturers
5838.T,楽天銀行,2026-10-01,15.163112,21.174976,2.8108318,,0.20007999,0.37164003,,418.12,2255.56,1106396708864,Financial Services,Banks - Regional
1878.T,大東建託,2026-10-01,10.530015,2.255801,2.0745602,5.15,0.20658001,0.049629997,60.69,298.86,1516.948,1025079508992,Real Estate,Real Estate - Diversified
9042.T,阪急阪神ホールディングス,2026-10-01,13.198523,13.410021,0.91485757,2.28,0.0735,0.065809995,124.309,330.34,4765.769,1005683408896,Industrials,Conglomerates
8729.T,ソニーフィナンシャルグループ,2026-10-01,19.767742,,1.1729755,5.07,0.118389994,0.0,198.612,7.75,130.608,1027733848064,Financial Services,Insurance - Life
4021.T,日産化学,2026-10-01,22.931076,26.217205,4.492168,2.54,0.2178,0.18252,17.367,368.67,1881.942,1127748599808,Basic Materials,Chemicals
3391.T,ツルハホールディングス,2026-10-01,14.545454,3.3558013,1.083854,2.27,,0.02481,22.553,144.1,1933.84,949680734208,Healthcare,Pharmaceutical Retailers
1942.T,関電工,2026-10-01,17.635181,32.448692,2.8405836,2.32,0.16861999,0.0872,2.919,311.99,1936.926,1094974767104,Industrials,Engineering & Construction
9684.T,スクウェア・エニックス・ホールディングス,2026-10-01,35.173,10.252495,2.938593,1.48,0.111379996,0.120120004,,82.08,982.443,1041270243328,Communication Services,Electronic Gaming & Multimedia
5332.T,ＴＯＴＯ,2026-10-01,24.892986,24.783838,1.8562386,2.03,0.07418,0.05519,4.541,242.96,3258.202,994608676864,Industrials,Building Products & Equipment
4204.T,積水化学工業,2026-10-01,13.878243,13.116365,1.2024825,3.26,0.09024999,0.055960003,21.463,182.66,2108.139,1023635357696,Industrials,Conglomerates
8334.T,群馬銀行,2026-10-01,19.797316,46.1203,1.8356299,2.21,0.10296,0.31309,,154.92,1670.816,1160858435584,Financial Services,Banks - Regional
4186.T,東京応化工業,2026-10-01,26.675026,45.770786,4.3224716,0.93,0.19358999,0.15141,10.027,334.92,2066.873,1071864807424,Technology,Electronic Components
7747.T,朝日インテック,2026-10-01,27.95547,42.30576,5.1487317,1.5,0.19742,0.22057,4.969,120.37,653.559,892816326656,Healthcare,Medical Instruments & Supplies
2875.T,東洋水産,2026-10-01,13.433882,15.151372,1.7337946,2.29,0.14105,0.13387999,0.574,713.42,5527.76,910566948864,Consumer Defensive,Packaged Foods
3088.T,マツキヨココカラ＆カンパニー,2026-10-01,17.510548,17.6316,1.793631,2.3,0.111,0.05092,0.282,139.83,1365.108,963042869248,Healthcare,Pharmaceutical Retailers
6724.T,セイコーエプソン,2026-10-01,57.60927,16.250742,1.2153736,2.44,0.0297,0.01684,31.203,56.97,2700.404,1051643871232,Technology,Computer Hardware
3092.T,ＺＯＺＯ,2026-10-01,20.277008,6.416925,9.818913,3.72,0.51832,0.21019,20.357,54.15,111.825,955886731264,Consumer Cyclical,Internet Retail
6856.T,堀場製作所,2026-10-01,24.76554,26.143555,2.904636,1.47,0.12679,0.118240006,17.216,1019.36,8691.278,1060834181120,Technology,Scientific & Technical Instruments
8377.T,ほくほくフィナンシャルグループ,2026-10-01,18.25062,3.9018567,0.14019991,1.64,0.09722,0.28031,,48.36,6295.296,1051456110592,Financial Services,Banks - Regional
9962.T,ミスミグループ本社,2026-10-01,26.6783,28.294767,2.7194571,1.48,0.12247,0.094919994,,148.96,1461.321,1040127229952,Industrials,Tools & Accessories
3289.T,東急不動産ホールディングス,2026-10-01,9.07715,11.314071,0.9628849,4.06,0.10542,0.07361,206.122,135.45,1276.892,876917882880,Real Estate,Real Estate - Diversified
7752.T,リコー,2026-10-01,17.02476,14.410669,0.7970765,2.67,0.07453,0.03127,43.356,97.74,2087.629,931317219328,Industrials,Business Equipment & Supplies
4324.T,電通グループ,2026-10-01,,11.037473,2.178853,,-0.34882998,-0.14140001,92.676,-800.61,1635.723,925165158400,Communication Services,Advertising Agencies
9508.T,九州電力,2026-10-01,6.6666665,12.807521,0.79897934,2.38,0.14633,0.07402,256.946,314.7,2625.85,991888539648,Utilities,Utilities - Independent Power Producers
9005.T,東急,2026-10-01,10.541002,13.9839735,0.9690496,1.98,,0.0,148.251,152.31,1656.778,896973275136,Consumer Cyclical,Department Stores
9401.T,ＴＢＳホールディングス,2026-10-01,17.547882,26.955153,0.55762506,1.76,0.03711,0.11408,4.924,331.55,10433.534,888729305088,Communication Services,Broadcasting
8050.T,セイコーグループ,2026-10-01,39.317898,30.79615,4.543544,1.07,0.15445,0.075,54.786,268.58,2324.177,863345901568,Consumer Cyclical,Footwear & Accessories
4005.T,住友化学,2026-10-01,15.606672,14.893453,0.8686329,2.76,0.13168,0.04463,80.157,37.17,667.831,958251139072,Basic Materials,Chemicals
3064.T,ＭｏｎｏｔａＲＯ,2026-10-01,27.265766,32.17513,7.973504,1.9,0.29909,0.09701,17.301,71.83,245.626,962957475840,Consumer Cyclical,Internet Retail
9143.T,ＳＧホールディングス,2026-10-01,14.415928,12.68824,1.5516036,3.74,0.114870004,0.035469998,71.869,98.19,912.282,844681969664,Industrials,Integrated Freight & Logistics
4732.T,ユー・エス・エス,2026-10-01,21.305561,23.414324,4.4488177,3.14,0.22409001,0.0,1.111,85.94,411.57,831348146176,Consumer Cyclical,Auto & Truck Dealerships
6370.T,栗田工業,2026-10-01,21.70474,23.381498,2.5330853,1.73,0.13548,0.059380002,34.042,361.58,3098.198,845204029440,Industrials,Pollution & Treatment Controls
3288.T,オープンハウスグループ,2026-10-01,7.6015096,9.741015,1.3985289,2.76,0.20166999,0.07839,136.42,980.2,5327.741,818328633344,Real Estate,Real Estate - Diversified
8341.T,七十七銀行,2026-10-01,16.926954,15.941634,1.2069361,2.48,0.09386,0.31388,,242.04,3394.546,914033606656,Financial Services,Banks - Regional
9501.T,東京電力ホールディングス,2026-10-01,,2.446216,0.24471653,,0.12517999,0.06165,196.059,-283.5,2118.778,831001001984,Utilities,Utilities - Renewable
9023.T,東京地下鉄,2026-10-01,14.427713,,1.1518203,2.97,0.07376,0.1258,149.06,101.61,1272.768,851155025920,Industrials,Railroads
2897.T,日清食品ホールディングス,2026-10-01,18.140205,13.698332,1.5464525,2.44,0.09625,0.058870003,34.874,156.2,1832.258,813379682304,Consumer Defensive,Packaged Foods
9024.T,西武ホールディングス,2026-10-01,23.474398,25.092175,1.567151,1.2,0.07507,0.07872,119.746,150.76,2258.238,899535208448,Industrials,Conglomerates
6806.T,ヒロセ電機,2026-10-01,25.816862,25.61332,2.2075975,2.1,0.08823,0.14817001,1.776,991.6,11596.317,830152507392,Technology,Electronic Components
1911.T,住友林業,2026-10-01,8.729466,1.9176725,0.6727545,4.13,0.103269994,0.03461,128.861,137.58,1785.198,736431374336,Consumer Cyclical,Residential Construction
2267.T,ヤクルト本社,2026-10-01,18.240957,15.511402,1.3147986,2.62,0.08218,0.09427,17.337,150.65,2090.054,782536146944,Consumer Defensive,Beverages - Non-Alcoholic
4042.T,東ソー,2026-10-01,19.993954,11.978082,0.9680801,3.8,,0.051999997,30.38,132.29,2732.212,814370521088,Basic Materials,Chemicals
3626.T,ＴＩＳＩ,2026-10-01,19.280169,16.981375,2.8340712,2.29,0.15434,0.080019996,20.591,204.77,1393.049,828402368512,Technology,Information Technology Services
5406.T,神戸製鋼所,2026-10-01,8.4388275,7.269664,0.6302653,3.91,0.056750003,0.027509999,55.392,237.77,3183.58,793476464640,Basic Materials,Steel
6465.T,ホシザキ,2026-10-01,19.135103,19.898968,1.8165138,2.19,0.09835,0.0739,1.605,273.79,2884.096,731923742720,Industrials,Specialty Industrial Machinery
3231.T,野村不動産ホールディングス,2026-10-01,9.046437,1.9730225,0.9344237,5.0,0.09599,0.08158,211.464,96.69,936.085,747176853504,Real Estate,Real Estate - Development
6113.T,アマダ,2026-10-01,26.53309,20.45082,1.5214261,2.51,,0.07236,14.89,98.82,1723.383,801576779776,Industrials,Specialty Industrial Machinery
5711.T,三菱マテリアル,2026-10-01,16.252655,15.026924,0.8518492,2.27,0.14458999,0.04773,88.9,310.78,5929.453,660051722240,Basic Materials,Other Industrial Metals & Mining
3086.T,Ｊ．フロント　リテイリング,2026-10-01,23.320034,20.680033,1.5686039,2.11,0.06483,0.06239,83.507,112.8,1676.969,642033385472,Consumer Cyclical,Department Stores
4183.T,三井化学,2026-10-01,23.096224,4.6456,0.8763632,3.49,0.08045,0.03837,82.395,91.66,2415.665,765374300160,Basic Materials,Specialty Chemicals
6481.T,ＴＨＫ,2026-10-01,30.319712,33.78482,2.684095,2.98,0.08269,-0.18523,50.658,218.01,2462.655,740807868416,Industrials,Specialty Industrial Machinery
6845.T,アズビル,2026-10-01,19.486265,24.84425,3.1745791,2.63,0.16804,0.12871,8.777,75.72,464.786,735780929536,Industrials,Specialty Industrial Machinery
3197.T,すかいらーくホールディングス,2026-10-01,37.87788,60.588684,3.7012389,0.85,0.102,0.03974,70.461,83.69,856.47,720927260672,Consumer Cyclical,Restaurants
7261.T,マツダ,2026-10-01,19.890347,4.0368476,0.363876,4.94,0.05876,0.02093,44.479,55.63,3040.871,698168573952,Consumer Cyclical,Auto Manufacturers
5929.T,三和ホールディングス,2026-10-01,12.4849,15.288231,2.1675944,3.78,0.18129,0.08693,12.574,281.46,1621.152,729281331200,Industrials,Building Products & Equipment
1808.T,長谷工コーポレーション,2026-10-01,12.944051,12.460605,1.2311453,3.8,0.115880005,0.048860002,73.346,204.65,2151.655,701604954112,Consumer Cyclical,Residential Construction
4182.T,三菱瓦斯化学,2026-10-01,,14.184398,1.148135,2.83,-0.0337,-0.03877,31.299,-207.02,3414.233,764488974336,Basic Materials,Specialty Chemicals
4385.T,メルカリ,2026-10-01,17.318089,35.97337,4.363475,,0.29884002,0.15439,199.554,209.03,829.614,590713847808,Consumer Cyclical,Internet Retail
2501.T,サッポロビール,2026-10-01,75.63095,10.624818,1.3897685,2.2,0.023810001,0.6287,28.817,24.17,1315.327,712870658048,Consumer Defensive,Beverages - Brewers
3861.T,王子ホールディングス,2026-10-01,13.819968,11.059594,0.6613145,4.25,0.060100004,0.03412,92.148,61.1,1276.851,717093470208,Basic Materials,Paper & Paper Products
9404.T,日本テレビホールディングス,2026-10-01,12.481749,18.85695,0.64849263,1.62,0.06534,0.13344,2.58,226.01,4350.088,686636007424,Communication Services,Broadcasting
5444.T,大和工業,2026-10-01,11.835648,13.767976,1.325333,3.27,0.12218001,0.42876998,0.08,1024.87,9152.417,724796702720,Basic Materials,Steel
7729.T,東京精密,2026-10-01,32.493893,32.28663,4.1890063,1.63,0.144,0.15159,6.665,605.96,4700.399,799211126784,Technology,Semiconductor Equipment & Materials
8233.T,高島屋,2026-10-01,,15.816443,1.3432845,1.9,-0.0054,-0.010089999,86.255,-27.38,1551.049,610495496192,Consumer Cyclical,Department Stores
2212.T,山崎製パン,2026-10-01,16.774405,18.481627,1.4953032,1.66,0.08939,0.03148,18.655,213.48,2394.832,705116110848,Consumer Defensive,Packaged Foods
2371.T,カカクコム,2026-10-01,39.9979,30.670645,11.616228,1.31,0.30614,0.18889,12.468,95.13,327.559,752767008768,Communication Services,Internet Content & Information
4704.T,トレンドマイクロ,2026-10-01,24.724806,22.360394,7.2766185,2.83,0.29984,0.12185001,,269.81,916.772,865844658176,Technology,Software - Infrastructure
8060.T,キヤノンマーケティングジャパン,2026-10-01,17.76294,9.973412,1.9842309,2.57,0.11553001,0.06592,0.786,211.17,1890.405,772323868672,Industrials,Business Equipment & Supplies
3769.T,ＧＭＯペイメントゲートウェイ,2026-10-01,27.514395,31.69707,5.2222223,1.99,0.21662001,0.27649,41.874,312.6,1647.0,653186367488,Technology,Software - Infrastructure
2327.T,日鉄ソリューションズ,2026-10-01,21.924118,24.333822,2.5215337,2.3,0.11682,0.07883,8.353,173.69,1510.192,696793169920,Technology,Information Technology Services
8804.T,東京建物,2026-10-01,10.956645,13.2172,1.1110246,3.96,0.106359996,0.13406,247.989,297.08,2929.728,674237579264,Real Estate,Real Estate Services
9513.T,電源開発,2026-10-01,12.373699,11.153868,0.4951502,2.71,0.03387,0.02794,125.78,325.61,8136.925,709137399808,Utilities,Utilities - Renewable
5076.T,インフロニア・ホールディングス,2026-10-01,10.67566,29.294756,1.0576366,4.77,0.23747,0.11647,88.87,257.97,2603.919,696791138304,Industrials,Engineering & Construction
6323.T,ローツェ,2026-10-01,38.651543,30.736212,5.3624306,0.5,0.15192,0.16545,15.139,109.31,787.889,732749103104,Technology,Semiconductor Equipment & Materials
5991.T,日本発條,2026-10-01,25.4034,18.41412,1.5613043,2.09,0.08054,0.041550003,12.699,137.58,2238.513,708070342656,Consumer Cyclical,Auto Parts
7337.T,ひろぎんホールディングス,2026-10-01,16.50662,,1.1832681,2.86,0.08191,0.22167999,,145.79,2033.774,712688140288,Financial Services,Banks - Regional
6302.T,住友重機械工業,2026-10-01,18.024029,18.270496,1.0332536,2.42,0.06068,0.03602,38.419,338.77,5909.489,724126728192,Industrials,Specialty Industrial Machinery
8253.T,クレディセゾン,2026-10-01,10.572324,13.318097,0.8363994,3.54,0.09307,0.12394,466.593,424.41,5364.662,644441964544,Financial Services,Credit Services
2670.T,エービーシー・マート,2026-10-01,14.524139,14.919355,1.6778172,2.94,0.12385,0.12342,1.09,187.24,1620.856,673393410048,Consumer Cyclical,Apparel Retail
8227.T,しまむら,2026-10-01,16.130308,5.5684495,1.3753024,2.44,0.08952,0.06398,,202.29,2372.569,677521391616,Consumer Cyclical,Apparel Retail
7276.T,小糸製作所,2026-10-01,45.33666,17.959694,1.1454725,2.2,0.03805,0.0,0.238,60.15,2380.677,702174199808,Consumer Cyclical,Auto Parts
4527.T,ロート製薬,2026-10-01,19.417477,16.876122,2.0589666,1.78,0.10908,0.093739994,17.689,145.23,1369.619,635715387392,Consumer Defensive,Household & Personal Products
4751.T,サイバーエージェント,2026-10-01,15.425333,24.165854,3.0049884,1.62,0.2028,0.04583,32.514,80.29,412.148,628042170368,Communication Services,Advertising Agencies
5901.T,東洋製罐グループホールディングス,2026-10-01,12.353185,-42.77512,0.9483264,4.2,0.078439996,0.0543,28.114,361.85,4713.567,673116258304,Consumer Cyclical,Packaging & Containers
9041.T,近鉄グループホールディングス,2026-10-01,11.845828,12.475328,1.0251708,2.06,0.09847,0.03071,191.228,282.8,3267.748,636996943872,Industrials,Conglomerates
6965.T,浜松ホトニクス,2026-10-01,52.673096,28.503677,2.1912954,1.62,0.055180002,0.07496,29.955,45.64,1097.068,694123364352,Technology,Electronic Components
5344.T,ＭＡＲＵＷＡ,2026-10-01,38.532955,30.399683,4.7703934,0.2,,0.24515,,1518.7,12267.332,722127814656,Technology,Electronic Components
9072.T,ニッコンホールディングス,2026-10-01,29.201048,28.845905,2.2057757,2.19,0.0687,0.061880004,51.913,152.7,2021.511,553060794368,Industrials,Integrated Freight & Logistics
5021.T,コスモエネルギーホールディングス,2026-10-01,9.192256,3.833866,0.9767835,3.86,0.22760001,0.057350002,68.065,452.99,4262.971,661199454208,Energy,Oil & Gas Integrated
7762.T,シチズン時計,2026-10-01,19.041267,30.048286,1.9879217,2.28,0.10868,0.0,21.51,127.46,1220.873,592172285952,Consumer Cyclical,Footwear & Accessories
9506.T,東北電力,2026-10-01,7.454952,4.7465506,0.55707365,3.08,0.0769,0.03179,308.159,169.82,2272.59,634007060480,Utilities,Utilities - Renewable
6269.T,三井海洋開発,2026-10-01,8.639333,24.068933,2.2378585,2.25,0.3495,0.08823,25.077,1013.62,3913.116,598490677248,Energy,Oil & Gas Equipment & Services
7327.T,第四北越フィナンシャルグループ,2026-10-01,17.231497,,1.2162064,2.83,0.086219996,0.22284001,,160.52,2274.285,725925036032,Financial Services,Banks - Regional
2181.T,パーソルホールディングス,2026-10-01,14.715702,15.803922,2.8419738,4.59,0.20683001,0.02753,34.607,19.17,99.262,629266776064,Industrials,Staffing & Employment Services
4203.T,住友ベークライト,2026-10-01,26.581566,30.633879,2.0736203,1.43,,0.09336001,8.326,319.62,4097.182,745400107008,Basic Materials,Specialty Chemicals
7189.T,西日本フィナンシャルホールディングス,2026-10-01,17.157833,20.63883,1.0754539,2.76,0.07813,0.22153999,,288.09,4596.199,688473243648,Financial Services,Banks - Regional
3291.T,飯田グループホールディングス,2026-10-01,9.3154335,10.535792,0.5847435,4.24,0.06901,0.04508,82.629,232.41,3702.478,598254682112,Consumer Cyclical,Residential Construction
6473.T,ジェイテクト,2026-10-01,57.664627,17.217226,0.8507499,3.27,0.02722,0.00983,26.205,37.51,2542.463,688551755776,Consumer Cyclical,Auto Parts
7180.T,九州フィナンシャルグループ,2026-10-01,19.619602,22.869507,0.92483205,2.15,0.04895,0.16680999,,87.54,1857.094,722638995456,Financial Services,Banks - Regional
4506.T,住友ファーマ,2026-10-01,6.0776153,95.44659,1.7952296,,0.38529,0.23728001,39.323,269.02,910.747,733450207232,Healthcare,Drug Manufacturers - Specialty & Generic
7731.T,ニコン,2026-10-01,,18.509775,1.0881895,1.03,-0.15223,-0.13798,36.892,-261.5,1801.157,645656870912,Consumer Cyclical,Leisure
9009.T,京成電鉄,2026-10-01,13.329319,4.029371,1.1381956,1.65,0.094160005,0.15107,71.229,99.63,1166.759,640413728768,Industrials,Railroads
8418.T,山口フィナンシャルグループ,2026-10-01,22.261776,32.246777,1.0341393,2.72,0.056999996,0.15958,,157.31,3386.391,708564287488,Financial Services,Banks - Regional
6134.T,ＦＵＪＩ,2026-10-01,44.66741,42.84489,2.8930802,2.49,,0.113520004,,178.9,2762.108,702513348608,Industrials,Specialty Industrial Machinery
2809.T,キユーピー,2026-10-01,24.178429,24.50542,1.8378979,1.48,0.08178,0.047620002,7.205,181.36,2385.878,593160241152,Consumer Defensive,Packaged Foods
7282.T,豊田合成,2026-10-01,10.566018,2.9658368,0.21044722,9.92,0.12039,0.055970002,21.634,98.76,4958.488,611811459072,Consumer Cyclical,Auto Parts
8366.T,滋賀銀行,2026-10-01,33.062332,58.095238,1.0858653,1.63,0.04443,0.17525999,,92.25,2808.82,701132111872,Financial Services,Banks - Regional
2579.T,コカ・コーラ　ボトラーズジャパンホールディングス,2026-10-01,35.283447,41.58204,1.7298961,1.89,0.05369,0.02214,47.463,110.25,2248.69,632858738688,Consumer Defensive,Beverages - Non-Alcoholic
5393.T,ニチアス,2026-10-01,21.368141,7.56574,2.7410152,1.72,,0.0,4.505,165.48,1290.033,663756800000,Industrials,Conglomerates
3038.T,神戸物産,2026-10-01,19.683495,29.320086,3.715155,1.06,0.16625999,0.05066,14.318,152.92,810.195,667694858240,Consumer Defensive,Grocery Stores
3132.T,マクニカホールディングス,2026-10-01,27.013638,15.367443,2.6147447,1.89,0.12819,0.025339998,33.573,155.44,1605.893,749786300416,Technology,Electronics & Computer Distribution
4403.T,日油,2026-10-01,14.459505,15.403904,1.9538419,2.76,0.13812,0.14583999,1.465,176.32,1304.865,570428948480,Basic Materials,Specialty Chemicals
4733.T,オービックビジネスコンサルタント,2026-10-01,33.749325,33.729748,3.627548,1.62,0.11522,0.35673,,241.19,2243.94,611938402304,Technology,Information Technology Services
1721.T,コムシスホールディングス,2026-10-01,17.541988,21.47744,1.5755565,2.47,0.10163,0.06086,0.687,309.6,3447.036,621595066368,Industrials,Engineering & Construction
9064.T,ヤマトホールディングス,2026-10-01,47.641396,18.30667,1.1168346,2.27,0.02331,0.0070499997,36.069,41.55,1772.42,626861277184,Industrials,Trucking
5832.T,ちゅうぎんフィナンシャルグループ,2026-10-01,16.793139,25.151312,0.98766893,2.69,0.07051,0.20126,,222.71,3786.694,664845680640,Financial Services,Banks - Regional
5714.T,ＤＯＷＡホールディングス,2026-10-01,8.461319,18.37385,1.1407027,3.76,0.18461001,0.094799995,24.034,1049.6,7785.552,525295845376,Basic Materials,Other Industrial Metals & Mining
6460.T,セガサミーホールディングス,2026-10-01,,13.618897,1.9236064,1.65,-0.00054000004,-0.0004,39.964,-27.46,1750.358,683515052032,Communication Services,Electronic Gaming & Multimedia
6368.T,オルガノ,2026-10-01,4.182848,5.7019963,0.8377397,5.17,0.21583,0.15515,26.333,618.0,3085.684,594321866752,Industrials,Pollution & Treatment Controls
9412.T,スカパーＪＳＡＴ,2026-10-01,24.340425,28.661417,1.853141,2.4,0.08826,0.19851999,8.492,82.25,1080.328,567544840192,Communication Services,Broadcasting
9007.T,小田急電鉄,2026-10-01,15.867739,15.4080715,1.1567801,3.49,0.07117,0.08303001,133.921,108.27,1485.157,587831836672,Industrials,Railroads
5110.T,住友ゴム工業,2026-10-01,8.589999,10.84066,0.70464844,4.14,0.09020001,0.049310002,44.89,235.39,2869.516,531475431424,Consumer Cyclical,Auto Parts
4536.T,参天製薬,2026-10-01,14.886233,15.682554,1.8126,2.49,0.13425,0.13255,,113.83,934.845,544297648128,Healthcare,Drug Manufacturers - General
7459.T,メディパルホールディングス,2026-10-01,14.287096,17.120827,0.93035275,2.98,0.07293,0.01207,,206.69,3174.065,604475097088,Healthcare,Medical Distribution
5105.T,ＴＯＹＯ　ＴＩＲＥ,2026-10-01,10.111635,10.078894,1.098541,3.62,0.11622,0.10025,11.166,387.87,3570.19,604035416064,Consumer Cyclical,Auto Parts
2282.T,日本ハム,2026-10-01,16.680511,5.837379,1.0598559,9.06,0.067379996,0.02313,45.995,120.38,1894.597,551494549504,Consumer Defensive,Packaged Foods
4676.T,フジ・メディア・ホールディングス,2026-10-01,119.69466,23.784966,1.0354851,5.07,0.023629999,0.02675,117.067,32.75,3785.665,558741520384,Communication Services,Broadcasting
9001.T,東武鉄道,2026-10-01,9.886906,12.268123,0.87213737,2.66,0.09385,0.084180005,126.825,282.95,3207.637,546998943744,Industrials,Railroads
3774.T,インターネットイニシアティブ,2026-10-01,24.731415,24.136726,3.8030727,1.27,0.16308,0.067729995,47.228,139.62,907.95,612320477184,Communication Services,Telecom Services
1959.T,クラフティア,2026-10-01,14.615244,16.171497,1.6347004,2.73,0.12303001,0.08592,8.336,549.7,4914.662,568283561984,Industrials,Engineering & Construction
2331.T,ＡＬＳＯＫ,2026-10-01,17.399645,21.079922,1.4855621,2.83,,0.0,6.948,67.76,793.639,573067362304,Industrials,Security & Protection Services
2002.T,日清製粉グループ本社,2026-10-01,17.452124,15.515889,1.0719743,3.29,0.060960002,0.03496,16.757,113.31,1844.727,553208905728,Consumer Defensive,Packaged Foods
7951.T,ヤマハ,2026-10-01,23.165876,16.017826,1.0900874,2.13,0.06838,0.06704,4.743,52.75,1121.011,537554092032,Consumer Cyclical,Leisure
3635.T,コーエーテクモホールディングス,2026-10-01,12.556957,14.550335,1.9731622,2.92,0.20599002,0.52886003,3.572,131.68,837.995,552661614592,Communication Services,Electronic Gaming & Multimedia
4088.T,エア・ウォーター,2026-10-01,16.63527,13.434763,1.7117263,2.57,-0.15251,-0.05994,125.475,175.17,1702.375,668074967040,Basic Materials,Specialty Chemicals
8368.T,百五銀行,2026-10-01,23.437641,,1.1908921,1.62,0.06419,0.20865999,,110.25,2169.802,623750676480,Financial Services,Banks - Regional
1969.T,高砂熱学工業,2026-10-01,16.406525,13.984428,2.964685,2.61,0.18063,0.08422,19.125,285.74,1581.281,613484920832,Industrials,Building Products & Equipment
5631.T,日本製鋼所,2026-10-01,27.768204,26.039795,2.496339,1.26,0.10228,0.07831,39.917,261.09,2904.253,533678129152,Industrials,Specialty Industrial Machinery
1963.T,日揮ホールディングス,2026-10-01,13.033805,18.518063,1.282763,2.28,0.11851,0.06696,8.387,173.05,1758.314,546002337792,Industrials,Engineering & Construction
6324.T,ハーモニック・ドライブ・システムズ,2026-10-01,396.04553,87.329895,7.6887283,0.31,0.03708,0.04654,20.752,16.69,859.7,625747492864,Industrials,Specialty Industrial Machinery
9706.T,日本空港ビルデング,2026-10-01,17.224348,25.042858,2.3412344,1.74,0.18511,0.10609,94.268,313.8,2308.611,501714223104,Industrials,Airports & Air Services
9142.T,九州旅客鉄道,2026-10-01,11.542498,10.065232,1.0510858,3.56,0.093389995,0.08801,101.196,295.43,3244.264,524573507584,Industrials,Conglomerates
6471.T,日本精工,2026-10-01,23.690424,18.973522,0.7874038,3.1,0.04887,0.03241,49.416,46.58,1401.441,539965718528,Consumer Cyclical,Auto Parts
9468.T,ＫＡＤＯＫＡＷＡ,2026-10-01,488.5457,29.20674,2.333969,0.81,,-0.021370001,0.39,7.77,1626.414,557881753600,Communication Services,Publishing
6268.T,ナブテスコ,2026-10-01,29.401335,46.116055,2.0462463,1.67,0.06902,0.07006,19.435,169.21,2431.281,578351529984,Industrials,Specialty Industrial Machinery
6674.T,ジーエス・ユアサ　コーポレーション,2026-10-01,13.172075,19.412678,1.4010465,1.8,0.11978,0.0,30.93,417.55,3925.637,551756365824,Consumer Cyclical,Auto Parts
3405.T,クラレ,2026-10-01,66.21173,9.53418,0.7156458,2.99,0.00816,0.00912,41.476,27.11,2508.224,540827877376,Basic Materials,Chemicals
2871.T,ニチレイ,2026-10-01,19.380272,8.971693,1.8393837,3.47,0.1027,0.036930002,49.471,109.08,1149.298,529912856576,Consumer Defensive,Packaged Foods
6952.T,カシオ計算機,2026-10-01,27.427608,41.6272,2.0649352,2.08,0.10542,0.08276,17.974,80.12,1064.198,481922416640,Technology,Consumer Electronics
6508.T,明電舎,2026-10-01,22.73033,39.137196,3.0265555,1.44,0.17820999,0.08270001,21.484,520.45,3908.734,536655560704,Industrials,Specialty Industrial Machinery
1951.T,エクシオグループ,2026-10-01,16.914362,21.437622,1.5037986,3.13,0.10306,0.042579997,34.938,150.05,1687.726,515986882560,Industrials,Engineering & Construction
8252.T,丸井グループ,2026-10-01,17.516426,17.53748,2.100842,4.8,0.12443,0.10498,340.718,158.28,1319.709,482527903744,Financial Services,Credit Services
4812.T,電通総研,2026-10-01,31.768232,10.075336,5.2999606,1.57,0.17538999,0.10139,2.348,90.09,540.004,558605533184,Technology,Information Technology Services
4626.T,太陽ホールディングス,2026-10-01,29.354897,17.783998,4.253336,3.29,0.23756,0.18709,42.48,164.47,1135.109,537243811840,Basic Materials,Specialty Chemicals
3110.T,日東紡績,2026-10-01,14.530324,11.2513075,3.4250267,0.87,0.28395,0.35814,26.786,229.52,973.715,607055380480,Consumer Cyclical,Textile Manufacturing
6871.T,日本マイクロニクス,2026-10-01,30.947216,68.398705,6.3597975,5.1,0.26163998,0.21736999,7.056,484.05,2355.421,580789469184,Technology,Semiconductor Equipment & Materials
3349.T,コスモス薬品,2026-10-01,15.364255,17.01504,1.7351668,1.37,0.11843,0.029140001,27.662,404.25,3579.483,492266618880,Healthcare,Pharmaceutical Retailers
4912.T,ライオン,2026-10-01,16.701862,25.213736,1.4468652,1.96,0.09651,0.06558,8.876,104.18,1202.6,481458782208,Consumer Defensive,Household & Personal Products
9301.T,三菱倉庫,2026-10-01,9.415917,11.612443,1.3163006,2.97,0.11228,0.15348,36.719,155.8,1114.487,496783097856,Industrials,Integrated Freight & Logistics
4613.T,関西ペイント,2026-10-01,18.947403,15.497962,1.6594003,4.11,0.09264,0.04916,63.93,148.49,1695.492,498732072960,Basic Materials,Specialty Chemicals
5938.T,ＬＩＸＩＬ,2026-10-01,59.63983,21.004848,0.74352324,5.31,0.00889,0.00364,107.898,28.32,2271.617,485744672768,Industrials,Building Products & Equipment
7649.T,スギホールディングス,2026-10-01,10.036202,8.045792,1.536277,2.0,0.10896,0.02962,31.598,124.3,812.028,464206790656,Healthcare,Pharmaceutical Retailers
4980.T,デクセリアルズ,2026-10-01,20.881525,21.831491,5.021628,2.01,,0.24971001,18.22,159.95,665.123,559483912192,Technology,Electronic Components
7211.T,三菱自動車工業,2026-10-01,46.55496,3.8056102,0.5073754,2.85,0.022669999,0.00368,43.011,7.48,684.503,464809852928,Consumer Cyclical,Auto Manufacturers
8088.T,岩谷産業,2026-10-01,9.741262,2.9351444,0.97601366,2.31,0.17326,0.07979,44.169,207.16,2067.594,464493674496,Industrials,Conglomerates
8358.T,スルガ銀行,2026-10-01,14.97784,33.965282,1.5310743,2.72,0.1371,0.44891998,,198.56,1942.427,500663943168,Financial Services,Banks - Regional
5947.T,リンナイ,2026-10-01,13.070388,14.897253,1.0720668,3.12,0.09177,0.07538,2.055,260.13,3171.444,469436694528,Consumer Cyclical,"Furnishings, Fixtures & Appliances"
7173.T,東京きらぼしフィナンシャルグループ,2026-10-01,13.333854,,1.237631,1.73,0.11545999,0.25077,,128.17,1380.864,489210085376,Financial Services,Banks - Regional
2433.T,博報堂ＤＹホールディングス,2026-10-01,28.354649,23.298897,1.2233766,2.46,0.04452,0.0194,31.327,46.13,1069.172,469613903872,Communication Services,Advertising Agencies
7240.T,ＮＯＫ,2026-10-01,10.638148,16.427137,0.7613112,4.62,0.08446,0.06644,9.712,284.73,3978.662,476054749184,Consumer Cyclical,Auto Parts
4631.T,ＤＩＣ,2026-10-01,8.349274,15.178599,0.92404056,3.23,0.12255,0.05031,81.88,595.98,5385.045,469172617216,Basic Materials,Specialty Chemicals
9364.T,上組,2026-10-01,15.023578,18.728054,1.203085,4.4,0.07864,0.0,15.449,315.97,3945.69,462714732544,Industrials,Integrated Freight & Logistics
6787.T,メイコー,2026-10-01,33.317085,40.0983,4.5727186,0.49,0.15284,0.07667,107.323,759.07,5530.627,649111142400,Technology,Electronic Components
7988.T,ニフコ,2026-10-01,13.424491,7.0182037,0.7560674,3.5,0.11878,0.09257,8.369,180.64,3207.386,452379312128,Consumer Cyclical,Auto Parts
8524.T,北洋銀行,2026-10-01,20.067629,43.610226,1.2939457,2.3,0.070310004,0.12051,,68.02,1054.913,510669815808,Financial Services,Banks - Regional
8012.T,長瀬産業,2026-10-01,14.742046,3.8112404,1.061386,2.41,0.096470006,0.03966,46.863,78.89,1095.737,474309263360,Basic Materials,Specialty Chemicals
9831.T,ヤマダホールディングス,2026-10-01,32.75735,15.485553,0.7465868,2.38,0.02606,0.0091699995,44.656,21.76,954.745,473994461184,Consumer Cyclical,Specialty Retail
8304.T,あおぞら銀行,2026-10-01,18.826511,18.793066,0.9676107,2.69,0.06564,0.2193,,185.43,3607.856,483349561344,Financial Services,Banks - Regional
1662.T,石油資源開発,2026-10-01,8.34571,11.553256,0.75403124,2.53,0.07475,0.12694,9.263,208.73,2310.249,445950787584,Energy,Oil & Gas E&P
4205.T,日本ゼオン,2026-10-01,13.0542,20.32724,1.1793002,3.25,,0.0,9.338,186.53,2064.784,465926291456,Basic Materials,Specialty Chemicals
5471.T,大同特殊鋼,2026-10-01,15.411742,16.937511,1.0282557,2.08,0.07555,0.058819998,39.527,161.63,2422.549,497835835392,Basic Materials,Steel
5233.T,太平洋セメント,2026-10-01,17.943317,6.99911,0.6611658,2.92,0.0419,0.02961,73.659,227.94,6186.043,445659414528,Basic Materials,Building Materials
9008.T,京王電鉄,2026-10-01,10.319309,2.752696,0.9586287,2.9,0.097559996,0.08425,105.769,72.97,785.497,435899006976,Industrials,Conglomerates
7380.T,十六フィナンシャルグループ,2026-10-01,18.306368,,0.9610646,1.95,0.061,0.19016,,153.28,2919.679,496956997632,Financial Services,Banks - Regional
9076.T,セイノーホールディングス,2026-10-01,17.906546,15.59952,0.92039573,4.62,0.062470004,0.03215,19.26,145.31,2827.045,423116898304,Industrials,Trucking
1860.T,戸田建設,2026-10-01,11.666259,15.66886,0.8788487,4.16,0.10799,0.067540005,42.99,122.49,1625.991,423040876544,Industrials,Engineering & Construction
7389.T,あいちフィナンシャルグループ,2026-10-01,23.06049,,1.0795487,1.44,0.07832,0.28855,,88.94,1899.868,499896745984,Financial Services,Banks - Regional
8056.T,ＢＩＰＲＯＧＹ,2026-10-01,14.598882,16.311365,2.5537322,3.02,0.17351,0.06973,40.829,320.23,1830.654,451679027200,Technology,Information Technology Services
4401.T,ＡＤＥＫＡ,2026-10-01,16.60486,16.821068,1.3910773,2.87,0.09681,0.072519995,12.725,277.75,3315.416,447253610496,Basic Materials,Specialty Chemicals
6923.T,スタンレー電気,2026-10-01,14.514989,13.802784,0.9310557,3.19,0.0718,0.0584,35.997,240.51,3749.507,429778075648,Consumer Cyclical,Auto Parts
9989.T,サンドラッグ,2026-10-01,13.318175,13.020187,1.4600796,3.69,0.113120005,0.03701,16.755,268.28,2447.127,417979891712,Healthcare,Pharmaceutical Retailers
5741.T,ＵＡＣＪ,2026-10-01,Infinity,3.8433273,1.0191015,3.23,0.23305,0.05663,99.322,0.0,2103.814,388212359168,Basic Materials,Aluminum
6754.T,アンリツ,2026-10-01,37.82747,49.49799,3.3151357,1.46,0.11332,0.11374,2.676,91.23,1040.983,441700057088,Technology,Scientific & Technical Instruments
9533.T,東邦瓦斯,2026-10-01,14.690783,5.536558,0.8899564,1.82,0.05143,0.03824,33.697,83.76,1382.652,435166150656,Utilities,Utilities - Regulated Gas
7003.T,三井Ｅ＆Ｓ,2026-10-01,11.110236,32.10008,1.9080986,1.44,0.19448,0.10832,35.226,381.09,2218.963,427286298624,Industrials,Aerospace & Defense
5805.T,ＳＷＣＣ,2026-10-01,4.327603,6.3935,0.80681473,2.53,0.23683001,0.07339,41.418,636.38,3413.423,407981621248,Industrials,Electrical Equipment & Parts
7164.T,全国保証,2026-10-01,12.542052,6.490308,1.6716391,4.02,0.14051,0.56055,12.347,243.74,1828.744,406827139072,Financial Services,Credit Services
6770.T,アルプスアルパイン,2026-10-01,16.843472,21.217644,0.9961641,2.88,0.06243,0.02564,22.353,134.8,2279.243,438726197248,Technology,Electronic Components
6141.T,ＤＭＧ森精機,2026-10-01,59.84026,10.271011,1.1690534,3.61,0.027090002,0.04595,34.802,48.83,2499.458,456124727296,Industrials,Specialty Industrial Machinery
4967.T,小林製薬,2026-10-01,324.6168,29.60061,2.477753,1.53,0.0078100003,0.0097,0.345,21.53,2820.701,519552630784,Consumer Defensive,Household & Personal Products
9065.T,山九,2026-10-01,12.961153,3.1736693,1.3036801,9.73,0.114209995,0.05391,34.293,122.79,1220.775,399027666944,Industrials,Integrated Freight & Logistics
2222.T,寿スピリッツ,2026-10-01,30.295202,26.76592,8.39998,1.45,0.31389,0.16136,,81.3,293.215,380368584704,Consumer Defensive,Confectioners
6592.T,マブチモーター,2026-10-01,14.18654,13.220184,1.2172313,4.05,0.09277,0.14169,5.22,122.44,1427.009,409743425536,Consumer Cyclical,Auto Parts
9006.T,京浜急行電鉄,2026-10-01,15.221063,19.397314,1.0803378,3.0,0.07074,0.08762,141.312,100.65,1418.075,403691929600,Industrials,Conglomerates
6753.T,シャープ,2026-10-01,8.837623,11.863628,1.421922,,0.09599,0.012560001,152.005,73.04,453.963,419127328768,Technology,Consumer Electronics
2531.T,宝ホールディングス,2026-10-01,43.22314,27.938034,1.9448164,1.17,0.02772,0.029660001,22.88,60.5,1344.6,500626980864,Consumer Defensive,Beverages - Brewers
2784.T,アルフレッサ　ホールディングス,2026-10-01,9.886785,14.140249,0.8201162,3.16,0.08169,0.012510001,6.169,229.65,2768.51,398268497920,Healthcare,Medical Distribution
4681.T,リゾートトラスト,2026-10-01,17.859318,10.174638,2.2937276,2.05,0.14783,0.08592,23.894,98.52,767.092,373629288448,Consumer Cyclical,Resorts & Casinos
8424.T,芙蓉総合リース,2026-10-01,18.307383,5.6982803,0.7719777,3.87,0.04656,0.02728,516.379,238.92,5665.967,394541268992,Industrials,Rental & Leasing Services
3116.T,トヨタ紡織,2026-10-01,16.788181,7.892838,0.79429257,3.92,0.055760004,0.01018,33.826,130.3,2754.023,390818070528,Consumer Cyclical,Auto Parts
8283.T,ＰＡＬＴＡＣ,2026-10-01,18.484444,,1.3398305,,,0.01847,,358.68,4948.387,401983012864,Consumer Defensive,Household & Personal Products
9507.T,四国電力,2026-10-01,8.640003,14.203564,0.89327717,2.52,0.118319996,0.0719,160.914,247.28,2391.755,436774109184,Utilities,Utilities - Regulated Electric
8410.T,セブン銀行,2026-10-01,28.146624,19.525715,1.4218187,3.19,0.06197,0.07405,,12.14,240.326,399104868352,Financial Services,Banks - Regional
1332.T,ニッスイ,2026-10-01,12.401596,12.591467,1.1099522,2.86,0.102589995,0.02954,95.197,90.19,1007.701,339209551872,Consumer Defensive,Packaged Foods
6417.T,ＳＡＮＫＹＯ,2026-10-01,9.199163,1377.6666,1.6383046,4.87,0.14407,0.23718001,,224.64,1261.365,408162107392,Consumer Cyclical,Gambling
2607.T,不二製油,2026-10-01,32.79549,22.822758,1.4755692,1.45,0.06018,0.01763,114.175,129.53,2878.889,365253623808,Consumer Defensive,Packaged Foods
1893.T,五洋建設,2026-10-01,11.725593,21.226755,2.0766022,3.53,0.19128,0.0435,127.205,125.58,709.091,398060388352,Industrials,Engineering & Construction
4114.T,日本触媒,2026-10-01,22.791363,26.170715,0.939573,5.52,0.05899,0.05407,16.291,112.06,2718.256,377418907648,Basic Materials,Chemicals
5463.T,丸一鋼管,2026-10-01,14.197321,6.0666423,1.0526687,3.11,0.08189,0.11225,1.202,117.98,1591.194,369793040384,Basic Materials,Steel
8425.T,みずほリース,2026-10-01,7.711765,2.2895565,0.81465507,3.89,0.13148,0.06101,768.988,170.0,1609.27,367324921856,Financial Services,Credit Services
9449.T,ＧＭＯインターネットグループ,2026-10-01,22.15849,25.970888,2.4882467,1.81,0.16381,0.058769997,194.158,179.57,1599.118,373192785920,Communication Services,Telecom Services
8381.T,山陰合同銀行,2026-10-01,17.244831,,1.1918758,2.61,0.08111,0.19398001,,149.9,2168.85,385965096960,Financial Services,Banks - Regional
3923.T,ラクス,2026-10-01,27.583403,17.02662,9.390322,0.8,0.81297,0.40366,,36.87,108.303,360129200128,Technology,Information Technology Services
9605.T,東映,2026-10-01,15.822953,28.556269,1.2526765,0.2,0.10115,0.12550999,5.729,374.14,4725.881,369922637824,Communication Services,Entertainment
9336.T,大栄環境,2026-10-01,22.784098,23.06962,3.2817616,1.53,0.16145,0.17926,95.069,159.98,1110.684,364048842752,Industrials,Waste Management
3941.T,レンゴー,2026-10-01,17.911154,9.634572,0.736732,3.29,0.05741,0.02569,92.044,84.64,2057.736,364270747648,Consumer Cyclical,Packaging & Containers
7984.T,コクヨ,2026-10-01,16.682665,4.0750294,1.4365916,2.82,0.08604,0.05935,1.413,52.09,604.904,360148402176,Industrials,Business Equipment & Supplies
2264.T,森永乳業,2026-10-01,15.374021,4.275003,0.30912843,2.33,0.08248,0.03891,47.077,68.98,3430.613,342324346880,Consumer Defensive,Packaged Foods
3397.T,トリドールホールディングス,2026-10-01,194.5845,38.46438,3.8339305,0.29,,0.0,172.517,21.42,1087.135,366497071104,Consumer Cyclical,Restaurants
9069.T,センコーグループホールディングス,2026-10-01,20.210981,17.720589,1.6592948,2.39,0.088999994,0.02226,143.165,113.28,1379.803,383304892416,Industrials,Integrated Freight & Logistics
6005.T,三浦工業,2026-10-01,12.380323,12.641159,1.4131877,1.43,0.12908,0.10541,9.537,242.32,2122.86,347248066560,Industrials,Specialty Industrial Machinery
2229.T,カルビー,2026-10-01,21.43775,18.175766,1.7594391,2.3,0.08454,0.05184,16.774,140.08,1706.794,365128318976,Consumer Defensive,Packaged Foods
7419.T,ノジマ,2026-10-01,9.895376,4.184397,1.4053371,1.63,0.21113001,0.04935,31.717,125.21,881.639,362811457536,Consumer Cyclical,Specialty Retail
1961.T,三機工業,2026-10-01,51.95771,11.574357,3.418962,2.47,0.23706,0.10163999,5.375,51.08,776.259,405871591424,Industrials,Engineering & Construction
8388.T,阿波銀行,2026-10-01,28.114775,,0.20958939,1.97,0.04662,0.18059999,,79.46,10658.937,434250711040,Financial Services,Banks - Regional
4202.T,ダイセル,2026-10-01,37.032738,6.5840135,0.997316,4.89,0.02908,0.01674,81.07,38.79,1440.366,367042985984,Basic Materials,Specialty Chemicals
8570.T,イオンフィナンシャルサービス,2026-10-01,15.543722,11.3733425,0.6872554,3.4,0.06048,0.04129,,97.66,2208.786,327712178176,Financial Services,Credit Services
9048.T,名古屋鉄道,2026-10-01,17.770185,13.002606,0.7290371,3.23,0.049439996,0.04235,133.827,103.91,2532.793,362154557440,Industrials,Conglomerates
6728.T,アルバック,2026-10-01,23.89039,12.659193,1.6937624,1.92,0.07804,0.06351,19.525,347.42,4900.333,408142577664,Industrials,Specialty Industrial Machinery
6407.T,ＣＫＤ,2026-10-01,27.768204,22.363205,2.3490124,1.48,0.11288,0.09832,20.716,203.11,2401.009,376949473280,Industrials,Specialty Industrial Machinery
4194.T,ビジョナル,2026-10-01,19.507465,20.239553,4.103998,,0.24232,0.18697001,0.18,448.7,2132.798,354380283904,Communication Services,Internet Content & Information
4118.T,カネカ,2026-10-01,12.111447,13.827381,0.7207148,3.46,0.07355,0.04265,43.026,499.61,8395.831,363230658560,Basic Materials,Specialty Chemicals
8020.T,兼松,2026-10-01,11.535896,6.368272,1.7556944,3.12,0.18011999,0.03421,83.248,194.87,1280.405,374091415552,Industrials,Conglomerates
6135.T,牧野フライス製作所,2026-10-01,17.96157,5.873782,1.4061455,2.33,0.103199996,0.0922,19.934,179.55,2293.504,375543496704,Industrials,Specialty Industrial Machinery
8078.T,阪和興業,2026-10-01,9.655029,4.497961,0.8253675,3.49,0.09421,0.01451,82.79,193.06,2258.388,358222430208,Industrials,Conglomerates
7581.T,サイゼリヤ,2026-10-01,26.559454,23.54466,2.4469235,0.54,0.09854999,0.04171,22.327,246.24,2672.744,321300987904,Consumer Cyclical,Restaurants
1980.T,ダイダン,2026-10-01,14.2001915,10.064494,2.9453135,2.91,0.21871,0.10268,2.518,208.8,1006.684,383605964800,Industrials,Specialty Industrial Machinery
4680.T,ラウンドワン,2026-10-01,20.17225,17.697214,3.9112768,1.46,0.21531999,0.0,236.902,63.28,326.364,335556968448,Consumer Cyclical,Leisure
9504.T,中国電力,2026-10-01,5.317698,5.3981357,0.47010615,2.92,0.050819997,0.02606,430.981,190.59,2155.896,364430622720,Utilities,Utilities - Renewable
6526.T,ソシオネクスト,2026-10-01,44.262627,15.334546,2.9902608,2.38,0.059959996,0.03746,,49.5,732.712,384058490880,Industrials,Electrical Equipment & Parts
3387.T,クリエイト・レストランツ・ホールディングス,2026-10-01,70.287254,20.605263,7.2537613,0.65,,0.0,133.997,11.14,107.944,353133789184,Consumer Cyclical,Restaurants
6951.T,日本電子,2026-10-01,18.104883,14.294059,2.708118,1.73,0.112959996,0.0,10.14,432.48,2891.307,381330718720,Technology,Scientific & Technical Instruments
6432.T,竹内製作所,2026-10-01,11.965868,13.580453,1.8145496,3.01,0.16285999,0.12218001,,611.74,4034.059,338132140032,Industrials,Farm & Heavy Construction Machinery
5214.T,日本電気硝子,2026-10-01,14.878335,26.781002,0.75336474,3.22,0.05456,0.082600005,15.702,341.1,6736.445,370170298368,Technology,Electronic Components
5857.T,ＡＲＥホールディングス,2026-10-01,12.334495,19.798656,1.3526747,3.74,0.16078,0.046690002,112.971,287.0,2617.037,304243605504,Industrials,Waste Management
2593.T,伊藤園,2026-10-01,103.24289,18.3551,1.9939989,1.69,0.025799999,0.008590001,40.812,30.22,1564.695,359518601216,Consumer Defensive,Beverages - Non-Alcoholic
6507.T,シンフォニアテクノロジー,2026-10-01,26.95654,38.28082,3.8361356,1.19,0.16547,0.11378,16.723,513.79,3610.404,390787170304,Industrials,Specialty Industrial Machinery
8522.T,名古屋銀行,2026-10-01,17.532358,,1.1278181,2.7,0.07297,0.20255,,411.81,6401.741,355201777664,Financial Services,Banks - Regional
4666.T,パーク２４,2026-10-01,8.428917,13.0105095,2.6727467,3.49,0.40388,0.102139995,146.116,218.83,690.114,314913652736,Industrials,Infrastructure Operations
8242.T,エイチ・ツー・オー　リテイリング,2026-10-01,11.082297,13.932755,1.0229691,1.76,0.117010005,0.053200003,44.838,246.79,2673.59,308195524608,Consumer Defensive,Grocery Stores
9987.T,スズケン,2026-10-01,9.588237,8.430317,0.8509583,2.31,0.09227,0.01496,,272.73,3073.006,348758310912,Healthcare,Medical Distribution
4208.T,ＵＢＥ,2026-10-01,13.770238,9.856735,0.74879956,4.71,0.05565,0.049000002,72.836,245.82,4520.569,328834613248,Basic Materials,Specialty Chemicals
3994.T,マネーフォワード,2026-10-01,76.35531,842.69666,7.4675255,,0.08583,0.0773,82.127,78.58,803.479,332790235136,Technology,Software - Application
8386.T,百十四銀行,2026-10-01,19.45666,,0.93930244,2.15,0.05574,0.20327,,166.01,3438.722,365276168192,Financial Services,Banks - Regional
4922.T,コーセーホールディングス,2026-10-01,23.380558,16.814486,1.0931964,2.54,0.047059998,0.040949997,3.541,234.34,5011.908,310935715840,Consumer Defensive,Household & Personal Products
9934.T,因幡電機産業,2026-10-01,15.244524,,1.6979011,2.74,0.1402,0.060599998,0.117,205.91,1848.753,352364199936,Industrials,Industrial Distribution
2810.T,ハウス食品グループ本社,2026-10-01,50.75919,25.689062,1.2594408,2.47,0.03835,0.033800002,5.919,79.69,3211.743,360861990912,Consumer Defensive,Packaged Foods
7966.T,リンテック,2026-10-01,22.049528,21.551882,1.4908285,2.04,0.07636,0.05824,2.594,268.94,3977.654,356001677312,Basic Materials,Specialty Chemicals
8361.T,大垣共立銀行,2026-10-01,19.215054,,0.8780917,1.67,0.05629,0.12885,,93.0,2035.095,367079292928,Financial Services,Banks - Regional
3401.T,帝人,2026-10-01,,4.623988,0.7723267,2.96,-0.09887,-0.04948,77.463,-456.3,2151.939,320626229248,Industrials,Conglomerates
3105.T,日清紡ホールディングス,2026-10-01,17.253933,24.292906,1.3034358,1.36,0.080520004,0.04617,36.52,153.82,2036.157,414633394176,Industrials,Conglomerates
5301.T,東海カーボン,2026-10-01,25.988985,26.422533,1.4554918,1.71,0.06807,0.05545,60.975,88.98,1588.81,467901480960,Basic Materials,Specialty Chemicals
9044.T,ＮＡＮＫＡＩ,2026-10-01,13.249572,14.469392,0.94851506,1.82,0.0757,0.093109995,131.234,227.63,3179.707,326330220544,Real Estate,Real Estate - Development
8876.T,リログループ,2026-10-01,17.532766,15.868887,4.4334917,3.3,0.29438,0.13921,100.666,130.47,515.959,347022721024,Industrials,Specialty Business Services
4902.T,コニカミノルタ,2026-10-01,10.380293,13.999169,0.60562617,2.68,0.065349996,0.02809,70.469,64.95,1113.228,333178634240,Industrials,Business Equipment & Supplies
9045.T,京阪ホールディングス,2026-10-01,9.413144,13.139452,0.92357594,2.75,,0.0,122.577,332.62,3390.084,315919237120,Industrials,Conglomerates
8544.T,京葉銀行,2026-10-01,22.183418,,1.0630642,2.21,0.05613,0.16764,,131.72,2748.658,339269550080,Financial Services,Banks - Regional
6454.T,マックス,2026-10-01,24.450836,7.5312123,2.970744,2.17,0.13488,0.14097,1.088,76.48,629.472,330104569856,Industrials,Tools & Accessories
8370.T,紀陽銀行,2026-10-01,15.536723,,1.3714333,5.83,0.09363,0.23029,,113.28,1283.329,340102053888,Financial Services,Banks - Regional
4368.T,扶桑化学工業,2026-10-01,24.770777,11.650553,2.881351,0.87,0.15665,0.22067,12.926,135.24,1162.649,354417868800,Basic Materials,Chemicals
2206.T,江崎グリコ,2026-10-01,50.401363,30.005976,1.1395773,1.91,0.023510002,0.01661,6.369,99.66,4407.775,300378783744,Consumer Defensive,Packaged Foods
7867.T,タカラトミー,2026-10-01,31.988735,19.517065,3.3234308,1.65,0.117189996,0.044889998,5.321,131.39,1264.657,361287352320,Consumer Cyclical,Leisure
9418.T,Ｕ－ＮＥＸＴ　ＨＯＬＤＩＮＧＳ,2026-10-01,17.006607,5.7414412,2.9956784,0.96,0.16728,0.0404,80.974,104.43,592.854,320345833472,Industrials,Conglomerates
3107.T,ダイワボウホールディングス,2026-10-01,10.325603,12.396253,1.8835485,2.96,0.18885,0.0223,21.659,358.72,1966.501,316890710016,Technology,Electronics & Computer Distribution
1417.T,ミライト・ワン,2026-10-01,13.189458,15.872213,1.1011664,2.73,0.099580005,0.04329,31.618,261.8,3135.766,300704628736,Industrials,Engineering & Construction
9409.T,テレビ朝日ホールディングス,2026-10-01,10.146454,16.866245,0.6298433,3.4,0.061079998,0.08292,,294.29,4740.862,300210388992,Communication Services,Broadcasting
8174.T,日本瓦斯,2026-10-01,20.728071,6.834418,1.5669398,3.95,0.22860001,0.06953,76.563,45.6,603.214,301986283520,Utilities,Utilities - Regulated Gas
9303.T,住友倉庫,2026-10-01,17.683773,25.338467,0.9847818,2.5,0.07165,0.10304,22.787,230.72,4143.05,308207484928,Industrials,Integrated Freight & Logistics
6925.T,ウシオ電機,2026-10-01,44.240314,38.589058,1.4879594,1.74,0.06687,0.07296,33.438,94.71,2815.937,332468191232,Industrials,Specialty Industrial Machinery
9616.T,共立メンテナンス,2026-10-01,15.921801,17.365936,2.0280318,1.43,0.14646,0.06493,88.946,205.63,1614.373,297814163456,Consumer Cyclical,Lodging
6136.T,オーエスジー,2026-10-01,16.414017,19.059807,1.5643039,4.23,0.11033,0.11608,21.644,219.05,2332.667,299845713920,Industrials,Tools & Accessories
3048.T,ビックカメラ,2026-10-01,14.596845,21.308853,1.5648813,2.56,0.11875,0.02153,43.249,114.1,1064.298,285221421056,Consumer Cyclical,Specialty Retail
6622.T,ダイヘン,2026-10-01,4.601455,4.1053905,0.4098879,4.77,,0.0,47.641,590.9,6633.521,320934641664,Industrials,Specialty Industrial Machinery
8022.T,美津濃,2026-10-01,17.473623,6.5649285,1.7882994,1.62,0.11745,0.07312,12.697,239.79,2343.008,318682660864,Consumer Cyclical,Specialty Retail
4272.T,日本化薬,2026-10-01,13.214219,21.099554,1.1100341,3.13,,0.0,24.036,161.19,1918.86,307104022528,Basic Materials,Chemicals
4927.T,ポーラ・オルビスホールディングス,2026-10-01,26.621227,25.565737,1.8699617,3.82,0.06985,0.06633,0.02,51.35,731.031,302494187520,Consumer Defensive,Household & Personal Products
1515.T,日鉄鉱業,2026-10-01,18.069252,,1.5803059,1.89,0.11096,0.07022,41.877,178.48,2040.744,253749166080,Basic Materials,Copper
8367.T,南都銀行,2026-10-01,18.788893,,1.0391796,2.72,0.061,0.18426001,,107.67,1946.728,317736845312,Financial Services,Banks - Regional
1719.T,安藤・間,2026-10-01,9.519165,18.768192,1.3128885,4.59,0.15935001,0.06836,12.671,189.67,1375.212,283252391936,Industrials,Engineering & Construction
8282.T,ケーズホールディングス,2026-10-01,18.978775,17.78646,1.064855,2.71,0.07513,0.02419,23.315,92.34,1645.764,270779580416,Consumer Cyclical,Specialty Retail
8714.T,池田泉州ホールディングス,2026-10-01,18.199389,,1.2521123,2.38,0.07966,0.18414,,62.09,902.475,314642628608,Financial Services,Banks - Regional
8111.T,ゴールドウイン,2026-10-01,12.045312,3.505575,2.289476,3.3,0.19466999,0.16871999,0.764,175.67,924.229,289488109568,Consumer Cyclical,Apparel Manufacturing
8919.T,カチタス,2026-10-01,21.944948,25.77889,5.1164727,2.58,0.26602,0.082679994,66.311,159.49,684.065,273915543552,Consumer Cyclical,Residential Construction
4061.T,デンカ,2026-10-01,17.781197,17.632956,0.9004762,3.04,0.02616,0.03497,70.616,181.99,3593.654,278942253056,Basic Materials,Chemicals
2296.T,伊藤ハム米久ホールディングス,2026-10-01,13.675166,17.281147,0.9404333,3.19,0.06865,0.01893,36.613,356.12,5178.464,276375273472,Consumer Defensive,Packaged Foods
8628.T,松井証券,2026-10-01,18.86572,23.128834,3.5667431,5.13,0.23193,0.33574,623.573,59.95,317.096,291339730944,Financial Services,Capital Markets
4043.T,トクヤマ,2026-10-01,13.3007,9.752329,1.0285958,3.53,,0.0,54.545,308.48,3988.933,295190986752,Basic Materials,Specialty Chemicals
6103.T,オークマ,2026-10-01,23.25302,17.47822,1.1274313,2.51,0.06465,0.06633,9.472,207.93,4288.51,281497305088,Industrials,Specialty Industrial Machinery
4540.T,ツムラ,2026-10-01,9.962002,8.976416,0.85502243,4.17,0.09317,0.15162,39.086,376.33,4384.68,279470899200,Healthcare,Drug Manufacturers - Specialty & Generic
6278.T,ユニオンツール,2026-10-01,30.931423,41.53786,2.6056778,1.0,0.09521,0.18827,,516.95,6136.599,311537467392,Industrials,Tools & Accessories
6544.T,ジャパンエレベーターサービスホールディングス,2026-10-01,35.895557,18.449768,11.5521145,1.42,0.36243,0.12736,25.618,40.98,127.336,262961725440,Industrials,Specialty Business Services
7381.T,ＣＣＩグループ,2026-10-01,24.020748,,1.1257391,2.19,0.05692,0.10298,,55.91,1192.994,296858419200,Financial Services,Banks - Regional
6371.T,椿本チエイン,2026-10-01,8.971672,13.47345,0.91004324,3.02,0.10655,0.09368,18.586,295.82,2916.345,268068519936,Industrials,Specialty Industrial Machinery
6436.T,アマノ,2026-10-01,13.217366,15.036757,2.0014355,6.58,0.15394,0.111169994,10.577,286.29,1890.643,262082658304,Technology,Scientific & Technical Instruments
1941.T,中電工,2026-10-01,14.917515,,1.0673618,2.74,0.077649996,0.0796,,341.88,4778.136,270006763520,Industrials,Engineering & Construction
6995.T,東海理化電機製作所,2026-10-01,8.878303,11.906145,0.750004,3.88,0.0871,0.04384,2.676,346.35,4099.978,266628890624,Consumer Cyclical,Auto Parts
2730.T,エディオン,2026-10-01,16.656397,19.589373,1.0726128,2.04,0.08602,0.024419999,24.884,146.07,2268.293,257264713728,Consumer Cyclical,Specialty Retail
8336.T,武蔵野銀行,2026-10-01,18.578321,,1.0212872,2.81,0.05801,0.15843001,,155.45,2827.804,280263131136,Financial Services,Banks - Regional
5384.T,フジミインコーポレーテッド,2026-10-01,29.431026,7.343329,3.1327913,2.19,0.13062,0.14571,19.731,122.15,1147.539,266688806912,Technology,Semiconductor Equipment & Materials
3186.T,ネクステージ,2026-10-01,12.57771,14.700153,2.5812345,1.59,0.22462,0.023729999,137.051,221.98,1081.653,218870579200,Consumer Cyclical,Auto & Truck Dealerships
4686.T,ジャストシステム,2026-10-01,18.847054,,2.3307042,0.68,0.13365,0.29949,,235.05,1900.713,284511338496,Technology,Software - Infrastructure
4373.T,シンプレクス・ホールディングス,2026-10-01,24.706924,7.313081,5.029651,2.17,0.21843,0.17322999,44.158,45.21,222.083,250048086016,Technology,Information Technology Services
4443.T,Ｓａｎｓａｎ,2026-10-01,38.613674,57.92597,12.307582,0.25,0.36492002,0.12607999,12.967,53.09,166.564,256987381760,Technology,Software - Application
4206.T,アイカ工業,2026-10-01,15.284729,16.045387,1.3770598,3.41,0.103520006,0.071339995,20.281,275.7,3060.143,266643636224,Industrials,Conglomerates
2726.T,パルグループホールディングス,2026-10-01,14.005685,7.356499,3.0316145,2.8,0.22837,0.0754,15.721,102.03,471.366,247269179392,Consumer Cyclical,Apparel Retail
9744.T,メイテックグループホールディングス,2026-10-01,16.792288,18.86738,5.7308745,5.48,0.3487,0.11066,,195.03,571.466,252851978240,Industrials,Staffing & Employment Services
6590.T,芝浦メカトロニクス,2026-10-01,24.975056,5.717549,5.2102213,1.6,0.20497999,0.11829001,16.155,170.37,816.664,279293820928,Technology,Semiconductor Equipment & Materials
6457.T,グローリー,2026-10-01,15.973757,23.02508,1.0761269,3.55,0.080129996,0.0498,46.587,275.89,4095.242,225249378304,Industrials,Business Equipment & Supplies
8129.T,東邦ホールディングス,2026-10-01,14.350859,17.91009,0.9197406,4.55,0.0626,0.010369999,2.216,260.96,4071.8,242307579904,Healthcare,Medical Distribution
1414.T,ショーボンドホールディングス,2026-10-01,16.544022,4.0473204,2.3612816,3.69,0.14444,0.17308001,,76.1,533.185,252470493184,Industrials,Engineering & Construction
8086.T,ニプロ,2026-10-01,18.399181,12.773101,0.7925939,2.34,0.051939998,0.02104,193.497,73.4,1703.899,220260843520,Healthcare,Medical Instruments & Supplies
7956.T,ピジョン,2026-10-01,26.544577,28.45466,2.8472006,3.72,0.111990005,0.08012,,76.72,715.264,243264716800,Consumer Defensive,Household & Personal Products
6101.T,ツガミ,2026-10-01,37.267082,49.15405,2.945546,1.85,0.26708,0.13579,7.632,148.12,1874.016,255535841280,Industrials,Tools & Accessories
8133.T,伊藤忠エネクス,2026-10-01,15.928892,,1.3680271,3.01,0.11738,0.02467,25.175,142.32,1657.131,255975718912,Industrials,Conglomerates
9003.T,相鉄ホールディングス,2026-10-01,9.604224,11.31495,1.1378309,2.79,0.13103,0.08234,218.029,258.48,2181.783,238243217408,Industrials,Conglomerates
4046.T,大阪ソーダ,2026-10-01,16.663975,19.162567,1.9192679,1.51,0.13996,0.16624,5.903,123.86,1075.41,248836734976,Basic Materials,Specialty Chemicals
6744.T,能美防災,2026-10-01,17.186356,23.987238,1.736028,2.95,0.10836001,0.09869,0.013,231.87,2295.47,234568597504,Industrials,Security & Protection Services
9302.T,三井倉庫ホールディングス,2026-10-01,22.278864,7.390311,1.774842,1.55,0.10531,0.03776,55.977,145.16,1822.134,241917067264,Industrials,Integrated Freight & Logistics
1979.T,大氣社,2026-10-01,15.632733,9.930044,1.3681421,3.65,0.096219994,0.05217,1.983,242.44,2770.18,238205353984,Industrials,Building Products & Equipment
9861.T,吉野家ホールディングス,2026-10-01,51.158276,53.643635,3.439448,0.6,0.08603,0.02471,45.081,72.09,1072.265,236287688704,Consumer Cyclical,Restaurants
2811.T,カゴメ,2026-10-01,18.163475,11.893139,1.2446929,22.28,0.07195,0.04443,30.977,146.2,2133.458,240079896576,Consumer Defensive,Packaged Foods
9110.T,ＮＳユナイテッド海運,2026-10-01,10.278327,,1.3097336,2.95,0.13713999,0.1001,34.052,1022.54,8024.532,247673274368,Industrials,Marine Shipping
6849.T,日本光電工業,2026-10-01,18.0417,14.653132,1.4531131,2.06,0.07677,0.058579996,13.738,89.21,1107.622,257475575808,Healthcare,Medical Devices
6814.T,古野電気,2026-10-01,14.94325,34.855877,2.7051342,2.1,0.21969,0.122659996,15.265,525.99,2905.586,248445353984,Technology,Scientific & Technical Instruments
4516.T,日本新薬,2026-10-01,7.804584,8.517013,0.797875,3.6,0.11535,0.17513001,0.865,448.07,4382.892,235701043200,Healthcare,Drug Manufacturers - Specialty & Generic
8346.T,東邦銀行,2026-10-01,22.1863,,1.2150924,2.29,0.0657,0.17457001,,49.49,903.635,274376359936,Financial Services,Banks - Regional
2001.T,ニップン,2026-10-01,10.947769,12.191425,0.8273448,2.4,0.07795,0.05076,27.091,257.13,3402.451,232700674048,Consumer Defensive,Packaged Foods
6703.T,沖電気工業,2026-10-01,10.990075,20.897583,1.3754734,2.44,0.16402,0.06058,51.073,247.86,1980.409,236295602176,Technology,Communication Equipment
8609.T,岡三証券グループ,2026-10-01,11.651488,,1.0570258,3.23,0.12672,0.26577,229.193,106.51,1174.049,249188663296,Financial Services,Capital Markets
2121.T,ＭＩＸＩ,2026-10-01,14.404325,19.26454,1.2870226,5.17,0.109239995,0.11587,22.649,258.95,2898.162,243603849216,Communication Services,Electronic Gaming & Multimedia
4634.T,ａｒｔｉｅｎｃｅ,2026-10-01,12.961927,13.588043,0.8531219,2.36,0.06555,0.05015,21.138,393.46,5978.044,239178235904,Basic Materials,Specialty Chemicals
2432.T,ディー・エヌ・エー,2026-10-01,14.954665,26.83426,1.0967654,2.63,0.16242,0.28841,7.139,170.95,2330.945,236506005504,Industrials,Conglomerates
3697.T,ＳＨＩＦＴ,2026-10-01,26.799376,1.172947,5.725145,0.96,0.17231001,0.04417,89.776,32.15,150.494,220229353472,Technology,Software - Application
8154.T,加賀電子,2026-10-01,8.666837,13.849288,1.3568809,2.53,0.18695,0.048260003,29.389,627.68,4009.195,259265134592,Technology,Electronic Components
6376.T,日機装,2026-10-01,13.659624,29.026981,1.349283,1.68,0.108830005,0.07264,65.071,259.89,2631.027,232003796992,Industrials,Specialty Industrial Machinery
8194.T,ライフコーポレーション,2026-10-01,12.105892,6.724534,1.4459403,2.65,0.12257,0.02063,17.682,217.58,1821.652,227887480832,Consumer Defensive,Grocery Stores
9031.T,西日本鉄道,2026-10-01,6.754519,14.365502,0.7402364,3.1,0.12501,0.06954,121.186,422.68,3856.876,215668621312,Industrials,Railroads
1950.T,日本電設工業,2026-10-01,12.863607,22.346994,1.1126484,3.16,0.09199,0.08084,0.045,309.4,3577.051,232320974848,Industrials,Infrastructure Operations
6490.T,ＰＩＬＬＡＲ,2026-10-01,28.605297,22.694746,3.0316288,1.47,0.13545999,0.16547,13.679,388.04,3661.398,253759471616,Industrials,Specialty Industrial Machinery
8098.T,稲畑産業,2026-10-01,11.492909,13.316281,0.9783381,3.22,0.09486,0.02404,39.736,385.02,4522.976,236214960128,Basic Materials,Specialty Chemicals
8273.T,イズミ,2026-10-01,12.071572,3.0316455,0.6813443,3.14,0.05751,0.03336,37.547,79.36,1406.044,201375842304,Consumer Cyclical,Department Stores
2737.T,トーメンデバイス,2026-10-01,27.737274,,3.94477,8.56,0.39269,0.0251,200.077,1474.55,10368.158,278154477568,Technology,Semiconductors
4483.T,ＪＭＤＣ,2026-10-01,36.282063,29.330599,2.9309893,0.51,0.08642,0.13239999,61.328,102.53,1269.196,243447922688,Healthcare,Health Information Services
7947.T,エフピコ,2026-10-01,15.119884,16.564417,1.3717042,2.62,0.09427,0.06092,51.573,183.93,2027.405,224918306816,Consumer Cyclical,Packaging & Containers
7994.T,オカムラ,2026-10-01,9.461058,10.0169935,1.0381064,4.65,0.10667,0.06322,14.728,236.76,2157.775,212067467264,Industrials,Business Equipment & Supplies
9509.T,北海道電力,2026-10-01,5.4126606,8.173041,0.48334405,2.92,0.06367,0.03226,337.444,204.89,2294.432,227733340160,Utilities,Utilities - Renewable
8850.T,スターツコーポレーション,2026-10-01,8.809904,9.219153,1.1525623,3.22,0.13918,0.10106,36.906,526.68,4025.813,219951513600,Real Estate,Real Estate - Diversified
8360.T,山梨中央銀行,2026-10-01,23.151274,,0.96540964,2.13,0.04987,0.14854999,,65.18,1563.067,231514931200,Financial Services,Banks - Regional
2270.T,雪印メグミルク,2026-10-01,6.7085953,16.291016,0.86722386,2.85,0.15935001,0.062179998,16.788,524.7,4058.929,209704501248,Consumer Defensive,Packaged Foods
7616.T,コロワイド,2026-10-01,127.39158,,2.5198562,0.25,0.01936,0.00818,231.952,15.68,792.704,212345815040,Consumer Cyclical,Restaurants
6013.T,タクマ,2026-10-01,16.231836,24.097836,1.9705796,3.63,0.14181,0.08708,0.209,185.13,1524.932,215910891520,Industrials,Pollution & Treatment Controls
9075.T,福山通運,2026-10-01,15.85412,21.61245,0.7267396,1.66,0.05506,0.047399998,39.053,369.62,8063.411,206402764800,Industrials,Trucking
6412.T,平和,2026-10-01,17.500423,9.131393,0.8086189,3.81,0.045700002,0.04303,237.865,118.34,2561.157,204256362496,Consumer Cyclical,Leisure
7278.T,エクセディ,2026-10-01,18.92869,19.239119,1.0928267,6.03,0.0832,0.04674,26.631,304.3,5270.735,206170947584,Consumer Cyclical,Auto Parts
3050.T,ＤＣＭホールディングス,2026-10-01,12.582562,10.438356,0.71520287,3.12,0.05843,0.02961,85.307,121.12,2130.864,208225878016,Consumer Cyclical,Home Improvement Retail
1861.T,熊谷組,2026-10-01,10.750941,3.3495884,1.1613212,3.96,0.11295,0.04217,31.467,116.92,1082.388,213613477888,Industrials,Engineering & Construction
6472.T,ＮＴＮ,2026-10-01,16.350428,16.11626,0.7584242,3.4,0.05257,0.016210001,96.01,23.4,504.467,227458121728,Industrials,Tools & Accessories
8616.T,東海東京フィナンシャル・ホールディングス,2026-10-01,13.748839,17.709164,1.1471426,5.13,0.12919,0.23346001,309.22,64.66,774.969,225642971136,Financial Services,Capital Markets
4665.T,ダスキン,2026-10-01,23.87616,22.577675,1.4034982,3.23,0.0668,0.051680002,0.002,195.09,3318.85,219292745728,Industrials,Conglomerates
3148.T,クリエイトＳＤホールディングス,2026-10-01,12.334652,,1.3584391,2.95,0.1144,0.03418,0.881,263.08,2388.771,209634344960,Healthcare,Pharmaceutical Retailers
1820.T,西松建設,2026-10-01,8.75849,12.188663,1.096531,4.6,0.14175999,0.06511,111.804,609.58,4868.991,210807390208,Industrials,Engineering & Construction
7826.T,フルヤ金属,2026-10-01,18.192173,29.607735,3.707492,2.99,0.22424999,0.16012,18.171,649.73,3188.139,290763767808,Technology,Electronic Components
9627.T,アインホールディングス,2026-10-01,12.154709,17.55565,1.1838378,1.86,0.115439996,0.025009999,105.466,440.57,4523.424,188391145472,Healthcare,Pharmaceutical Retailers
7740.T,タムロン,2026-10-01,19.997086,4.157834,2.4800582,3.76,0.13171,0.12785,1.286,68.66,553.616,219445493760,Consumer Cyclical,Leisure
9759.T,ＮＳＤ,2026-10-01,17.373974,19.436066,3.2801,3.29,0.20256001,0.11076,,170.6,903.631,224175210496,Technology,Software - Application
2127.T,日本Ｍ＆Ａセンターホールディングス,2026-10-01,15.879065,16.099949,4.171283,4.01,0.28751,0.25821,5.866,39.36,149.834,198327468032,Financial Services,Capital Markets
3097.T,物語コーポレーション,2026-10-01,24.154165,26.94214,4.4710336,0.84,0.19886999,0.05764,36.905,227.29,1227.904,210818220032,Consumer Cyclical,Restaurants
3360.T,シップヘルスケアホールディングス,2026-10-01,17.008808,13.299892,1.5308712,2.66,0.092259996,0.0184,17.914,144.19,1602.029,222443798528,Healthcare,Medical Instruments & Supplies
4722.T,フューチャー,2026-10-01,17.489725,18.08693,3.2402139,1.94,0.19635001,0.15642999,20.427,138.71,748.716,215127883776,Technology,Information Technology Services
2201.T,森永製菓,2026-10-01,11.251422,12.055747,1.3806195,2.93,0.12764,0.07156,28.033,211.04,1719.88,199384907776,Consumer Defensive,Confectioners
7313.T,テイ・エス　テック,2026-10-01,29.39083,17.159563,0.66550475,5.17,0.03079,0.018,,60.41,2667.9,207364653056,Consumer Cyclical,Auto Parts
8392.T,大分銀行,2026-10-01,23.464533,,0.93428946,1.52,0.04694,0.12758,,138.72,3483.931,246457139200,Financial Services,Banks - Regional
7744.T,ノーリツ鋼機,2026-10-01,10.5575075,6.3004694,0.9174291,3.74,0.09224,0.14246,35.668,190.67,2194.175,210549555200,Technology,Consumer Electronics
7846.T,パイロットコーポレーション,2026-10-01,15.5526905,5.4534883,1.526538,2.29,0.10199001,0.11003,4.34,135.7,1382.54,221622812672,Industrials,Business Equipment & Supplies
7322.T,三十三フィナンシャルグループ,2026-10-01,19.017527,,1.0071204,2.49,0.0538,0.13814999,,118.68,2241.043,234866704384,Financial Services,Banks - Regional
4099.T,四国化成ホールディングス,2026-10-01,18.181818,12.679045,2.022096,1.74,0.11875,0.13831,26.025,131.45,1181.942,206731018240,Basic Materials,Specialty Chemicals
3591.T,ワコールホールディングス,2026-10-01,14.175966,8.466104,0.86230266,2.71,0.0035899999,0.0055299997,11.282,261.64,4301.274,183362125824,Consumer Cyclical,Apparel Manufacturing
4041.T,日本曹達,2026-10-01,11.036511,14.619653,0.9425448,4.33,0.092,0.1193,26.273,336.61,3941.457,199137099776,Basic Materials,Chemicals
1833.T,奥村組,2026-10-01,10.613761,,1.0156904,5.49,,0.0,34.75,511.6,5346.117,194965372928,Industrials,Engineering & Construction
8600.T,トモニホールディングス,2026-10-01,14.356555,,0.75498915,2.49,0.05922,0.21302,,82.68,1572.208,228160569344,Financial Services,Banks - Regional
8566.T,リコーリース,2026-10-01,15.900889,14.65957,0.8449242,2.81,0.05303,0.03679,462.294,415.7,7823.187,203749556224,Financial Services,Credit Services
6055.T,ジャパンマテリアル,2026-10-01,23.223118,22.735903,3.9107723,1.52,0.2027,0.19389,0.214,103.13,612.411,246144139264,Industrials,Engineering & Construction
5482.T,愛知製鋼,2026-10-01,18.430367,7.4311023,0.819821,2.37,0.05441,0.03491,27.275,163.86,3683.731,194025340928,Basic Materials,Steel
8393.T,宮崎銀行,2026-10-01,17.725508,,1.0559059,1.87,0.06989,0.20813,,164.96,2769.186,245364015104,Financial Services,Banks - Regional
7220.T,武蔵精密工業,2026-10-01,159.46931,17.253998,1.6059312,1.31,0.02031,0.0041,78.631,19.22,1908.55,200882765824,Consumer Cyclical,Auto Parts
9505.T,北陸電力,2026-10-01,4.238426,7.4350696,0.49005845,2.2,0.109160006,0.060890004,243.501,260.71,2254.833,230840287232,Utilities,Utilities - Regulated Electric
7184.T,富山第一銀行,2026-10-01,15.225768,,1.148007,2.03,0.10153,0.33032,,238.74,3166.357,221191405568,Financial Services,Banks - Regional
2384.T,ＳＢＳホールディングス,2026-10-01,10.302704,18.333334,1.9637239,4.59,0.17611,0.03583,74.624,501.81,2632.753,205338787840,Industrials,Integrated Freight & Logistics
5451.T,ヨドコウ,2026-10-01,11.633128,,1.0159435,4.43,0.0858,0.091239996,,120.26,1377.045,200406106112,Basic Materials,Steel
5331.T,ノリタケ,2026-10-01,14.478803,7.713239,1.1283917,3.29,0.09417,0.10475001,9.486,254.51,3265.71,202727587840,Industrials,Conglomerates
1946.T,トーエネック,2026-10-01,11.162645,,1.2817659,3.48,0.13851,0.073860005,47.019,191.89,1671.132,200202829824,Industrials,Engineering & Construction
2659.T,サンエー,2026-10-01,18.87448,16.65815,1.3346428,3.37,0.07748,0.04241,,172.72,2442.601,193774731264,Consumer Cyclical,Department Stores
9746.T,ＴＫＣ,2026-10-01,15.17067,17.586206,1.8282806,2.74,0.13196,0.15782,,268.94,2231.605,199932559360,Technology,Information Technology Services
8511.T,日本証券金融,2026-10-01,18.73892,,1.399152,3.83,0.08929,0.09521,9984.34,129.73,1737.481,195917692928,Financial Services,Credit Services
9948.T,アークス,2026-10-01,15.510239,16.149347,0.9763089,2.27,0.06576,0.01985,13.686,231.46,3677.115,191276466176,Consumer Cyclical,Department Stores
4544.T,Ｈ．Ｕ．グループホールディングス,2026-10-01,29.059055,34.59994,1.4450436,3.56,0.07112,0.038599998,44.764,121.58,2444.909,192887570432,Healthcare,Diagnostics & Research
9869.T,加藤産業,2026-10-01,13.5229845,33.139683,1.1460147,2.42,0.09995,0.01334,7.942,485.1,5724.185,197994659840,Consumer Defensive,Food Distribution
3569.T,セーレン,2026-10-01,12.509478,12.578616,1.1708397,2.31,0.105629995,0.08967,5.364,263.8,2818.49,192586153984,Consumer Cyclical,Textile Manufacturing
7004.T,カナデビア,2026-10-01,17.729746,8.749161,1.0048926,3.24,0.07754,0.02247,68.028,66.16,1167.289,197357895680,Industrials,Pollution & Treatment Controls
8848.T,レオパレス２１,2026-10-01,24.343674,18.345324,6.729608,0.97,0.28447,0.04769,60.941,41.9,151.569,324097867776,Real Estate,Real Estate Services
1333.T,Ｕｍｉｏｓ,2026-10-01,8.394086,4.6969123,0.75133264,3.64,0.08652,0.0,114.996,146.77,1639.753,186257817600,Consumer Defensive,Packaged Foods
7981.T,タカラスタンダード,2026-10-01,13.110795,,0.9819854,4.09,0.07519,0.05751,2.217,231.87,3095.769,192077479936,Consumer Cyclical,"Furnishings, Fixtures & Appliances"
2175.T,エス・エム・エス,2026-10-01,,25.07907,7.833202,1.14,-0.40273997,-0.21922001,19.986,-173.61,344.176,221288890368,Healthcare,Health Information Services
4045.T,東亞合成,2026-10-01,14.943802,15.43644,0.87738186,3.96,0.061079998,0.07951,9.306,121.89,2076.063,192544620544,Basic Materials,Specialty Chemicals
7458.T,第一興商,2026-10-01,11.70622,12.572649,1.5019674,3.77,0.13007,0.09481,43.844,153.38,1195.432,185613221888,Consumer Cyclical,Leisure
6740.T,ジャパンディスプレイ,2026-10-01,,-10.272536,91.41791,,,-0.024300002,1405.733,-3.2,0.536,209016258560,Technology,Electronic Components
7296.T,エフ・シー・シー,2026-10-01,10.583649,14.827138,0.9557936,4.4,0.10193,0.07316,2.328,387.39,4289.629,194531655680,Consumer Cyclical,Auto Parts
4553.T,東和薬品,2026-10-01,33.43636,12.111548,0.9631099,2.34,0.046550002,0.02953,126.005,106.77,3706.742,175743483904,Healthcare,Drug Manufacturers - Specialty & Generic
6516.T,山洋電気,2026-10-01,22.727274,9.050956,1.4743241,3.28,0.086169995,0.09186,3.976,243.76,3757.654,196753326080,Industrials,Electrical Equipment & Parts
9956.T,バローホールディングス,2026-10-01,10.431448,6.199901,0.9080873,2.46,0.10284001,0.0199,66.429,156.45,1797.184,189547888640,Consumer Cyclical,Department Stores
6523.T,ＰＨＣホールディングス,2026-10-01,436.26944,18.628319,1.2642273,2.94,0.05878,0.02471,136.087,3.86,1332.039,213051916288,Healthcare,Medical Devices
3498.T,霞ヶ関キャピタル,2026-10-01,12.441705,5.0834904,2.4689193,2.13,0.20135,0.07998,130.708,606.83,3058.018,185267732480,Industrials,Conglomerates
5703.T,日本軽金属ホールディングス,2026-10-01,11.394054,11.792106,0.7014462,3.78,0.08585,0.0,63.837,253.29,4114.357,177752064000,Basic Materials,Aluminum
7242.T,カヤバ,2026-10-01,7.3829646,2.4953463,0.8196851,6.93,0.112679996,0.05104,57.228,210.62,1897.07,187676016640,Consumer Cyclical,Auto Parts
5186.T,ニッタ,2026-10-01,13.722372,17.729189,1.0957052,2.54,0.09319,0.15798001,,490.44,6142.163,184625233920,Industrials,Specialty Industrial Machinery
3480.T,ジェイ・エス・ビー,2026-10-01,28.40891,33.24656,4.087145,0.0235,0.15158,0.083409995,69.232,314.69,2187.346,188578775040,Real Estate,Real Estate - Diversified
2602.T,日清オイリオグループ,2026-10-01,7.894013,3.8174179,0.86649877,2.98,0.05148,0.01878,54.791,254.37,2317.372,183737581568,Consumer Defensive,Packaged Foods
8130.T,サンゲツ,2026-10-01,12.641972,11.479592,1.523622,4.92,0.14123,0.07876,11.71,249.17,2067.442,185193185280,Consumer Cyclical,"Furnishings, Fixtures & Appliances"
1377.T,サカタのタネ,2026-10-01,15.126493,20.40768,1.0194154,2.33,0.07157,0.116639994,3.119,284.6,4223.009,181415772160,Consumer Defensive,Farm Products
4887.T,サワイグループホールディングス,2026-10-01,16.140862,9.3854065,1.0443258,3.42,,0.0,66.966,99.53,1538.313,185527664640,Healthcare,Drug Manufacturers - Specialty & Generic
9678.T,カナモト,2026-10-01,14.601518,20.736794,1.186465,2.06,,0.0635,42.401,367.77,4526.05,182184165376,Industrials,Rental & Leasing Services
8698.T,マネックスグループ,2026-10-01,16.294077,13.838325,1.3640511,4.39,0.08312,0.12156,93.114,43.39,518.309,177714118656,Financial Services,Capital Markets
4095.T,日本パーカライジング,2026-10-01,15.193441,,0.9258912,2.83,0.06945,0.09861,0.112,117.09,1921.392,186888830976,Basic Materials,Specialty Chemicals
8278.T,フジ,2026-10-01,21.304348,,0.7730688,1.49,0.03205,0.00874,16.975,94.3,2598.734,174072643584,Consumer Cyclical,Department Stores
9793.T,ダイセキ,2026-10-01,18.341019,24.324883,2.0197122,2.43,0.114779994,0.13274,9.293,193.01,1752.725,167390756864,Industrials,Waste Management
7456.T,松田産業,2026-10-01,10.389811,19.168327,1.3873866,1.75,0.18932,0.02849,36.227,647.75,4850.847,173916028928,Basic Materials,Other Precious Metals & Mining
8218.T,コメリ,2026-10-01,12.069188,11.386471,0.66824186,1.56,0.058280002,0.03993,12.825,309.88,5596.776,173370048512,Consumer Cyclical,Home Improvement Retail
9119.T,飯野海運,2026-10-01,11.5519495,,1.0597303,3.06,0.1492,0.17318001,85.543,145.43,1585.309,177748705280,Industrials,Marine Shipping
7970.T,信越ポリマー,2026-10-01,20.055618,18.519638,1.5102074,2.75,0.07303,0.07819,,122.26,1623.618,197071454208,Basic Materials,Specialty Chemicals
5232.T,住友大阪セメント,2026-10-01,16.120031,3.939858,0.30521286,2.14,0.06181,0.05228,44.56,116.47,6151.445,178501042176,Basic Materials,Building Materials
4617.T,中国塗料,2026-10-01,16.559587,20.619719,1.8764737,2.78,0.15097,0.08492,15.466,221.02,1950.467,181738455040,Basic Materials,Specialty Chemicals
8923.T,トーセイ,2026-10-01,10.385952,6.718356,1.5118972,3.14,0.15536,0.14255,158.767,166.86,1146.242,168111570944,Real Estate,Real Estate - Diversified
6996.T,ニチコン,2026-10-01,28.47119,29.782028,1.4392154,1.56,0.06695,0.04343,18.266,94.06,1860.736,179850838016,Technology,Electronic Components
5032.T,ＡＮＹＣＯＬＯＲ,2026-10-01,13.432125,16.16267,6.4240446,2.02,0.50450003,0.24007,,230.79,482.562,185847775232,Communication Services,Entertainment
7476.T,アズワン,2026-10-01,19.433184,19.60283,2.4263031,2.67,0.13856,0.084759995,12.486,128.26,1027.283,177769250816,Healthcare,Medical Distribution
5423.T,東京製鐵,2026-10-01,14.872068,8.944219,0.7851631,2.38,0.045500003,0.03635,,112.56,2132.041,170071949312,Basic Materials,Steel
9682.T,ＤＴＳ,2026-10-01,15.264455,4.5856833,2.9124868,3.37,0.19131,0.08443,,72.98,382.491,173110165504,Technology,Information Technology Services
7864.T,フジシールインターナショナル,2026-10-01,8.689029,17.462378,1.0909206,2.66,0.13804,0.09533,7.045,387.27,3084.551,179502104576,Consumer Cyclical,Packaging & Containers
1934.T,ユアテック,2026-10-01,17.171106,23.726767,1.1340739,3.04,0.077410005,0.045739997,5.805,148.68,2251.176,175357427712,Industrials,Engineering & Construction
6395.T,タダノ,2026-10-01,6.7664638,14.409499,0.7850149,2.53,0.12208,0.06736,62.686,199.07,1715.891,170267885568,Industrials,Farm & Heavy Construction Machinery
8584.T,ジャックス,2026-10-01,9.271209,6.8475833,0.5257499,5.61,0.04902,0.07768,953.336,379.67,6695.198,157618782208,Financial Services,Credit Services
4784.T,ＧＭＯインターネット,2026-10-01,23.856503,30.056496,4.748431,2.7,0.26126,0.07675,44.737,22.3,112.037,161859420160,Technology,Software - Infrastructure
6315.T,ＴＯＷＡ,2026-10-01,39.53869,12.511647,2.4011762,1.04,0.09986,0.10852,27.262,61.13,1006.59,181351530496,Technology,Semiconductor Equipment & Materials
2154.T,オープンアップグループ,2026-10-01,14.482212,13.136065,2.1294847,4.96,0.14886,0.07063,12.433,138.86,944.36,170854907904,Industrials,Staffing & Employment Services
2815.T,アリアケジャパン,2026-10-01,17.06956,18.143429,1.2249978,4.74,0.07158,0.13611001,0.006,297.02,4138.783,158889836544,Consumer Defensive,Packaged Foods
8051.T,山善,2026-10-01,20.262157,,1.2489908,2.9,0.07256,0.0,34.992,99.94,1621.309,174840676352,Industrials,Specialty Industrial Machinery
6498.T,キッツ,2026-10-01,14.9733,15.867553,1.4548203,3.22,0.10453,0.06389,41.636,138.58,1426.293,180540325888,Industrials,Specialty Industrial Machinery
6966.T,三井ハイテック,2026-10-01,19.027094,14.340965,1.3600891,2.11,0.07602,0.037,76.444,48.72,681.573,169408610304,Technology,Semiconductors
4547.T,キッセイ薬品工業,2026-10-01,11.5559845,17.391699,0.6931794,3.47,0.06475,0.14181,0.542,331.43,5525.265,160267452416,Healthcare,Drug Manufacturers - Specialty & Generic
6250.T,やまびこ,2026-10-01,9.555477,13.161899,1.3437494,2.56,0.15441,0.099259995,15.279,452.62,3218.606,177014816768,Industrials,Tools & Accessories
4023.T,クレハ,2026-10-01,,21.43275,0.9102887,5.37,-0.04833,-0.05061,72.059,-267.26,4427.167,154030850048,Basic Materials,Specialty Chemicals
8345.T,岩手銀行,2026-10-01,21.777882,,0.9741723,2.03,0.05218,0.19910999,,129.03,2884.5,193981497344,Financial Services,Banks - Regional
4928.T,ノエビアホールディングス,2026-10-01,18.867924,18.108328,2.9994464,5.13,0.16138001,0.12589,1.328,237.44,1493.609,153019809792,Consumer Defensive,Household & Personal Products
3106.T,倉敷紡績,2026-10-01,15.229205,,1.3903676,2.81,0.08919,0.07892,5.396,156.47,1713.216,187118698496,Industrials,Conglomerates
6651.T,日東工業,2026-10-01,14.548998,16.064915,1.3564034,3.55,0.10231,0.060749996,18.876,302.77,3247.559,167112982528,Industrials,Electrical Equipment & Parts
3167.T,ＴＯＫＡＩホールディングス,2026-10-01,16.284431,18.40878,1.6747012,2.87,0.11331,0.045739997,45.948,82.41,801.337,160448020480,Industrials,Conglomerates
9722.T,藤田観光,2026-10-01,14.211274,4.0628386,4.1772723,0.69,0.3499,0.15446,53.519,211.1,718.172,179814907904,Consumer Cyclical,Lodging
8362.T,福井銀行,2026-10-01,22.255194,,1.1824197,1.84,0.07478,0.16058001,,363.96,6850.36,191614664704,Financial Services,Banks - Regional
3433.T,トーカロ,2026-10-01,17.460411,21.696035,2.630965,3.31,0.15739,0.16827999,16.579,169.24,1123.162,175729999872,Industrials,Specialty Business Services
6807.T,日本航空電子工業,2026-10-01,25.4788,12.480165,1.2511868,1.93,0.04724,0.02791,27.756,104.95,2137.171,180303134720,Technology,Electronic Components
6588.T,東芝テック,2026-10-01,,11.741936,1.6221775,1.38,0.053790003,0.007900001,21.066,-43.17,1795.118,154299908096,Technology,Computer Hardware
6379.T,レイズネクスト,2026-10-01,15.304858,7.304284,0.6047047,7.89,0.12654,0.059860002,6.148,64.62,1635.509,160097386496,Industrials,Engineering & Construction
2685.T,アンドエスティＨＤ,2026-10-01,14.838678,9.992439,1.6854674,2.91,0.11171,0.0294,7.176,204.87,1803.654,140229705728,Consumer Cyclical,Apparel Manufacturing
7350.T,おきなわフィナンシャルグループ,2026-10-01,15.001892,21.152308,1.0259093,2.45,0.07669,0.18836,,528.6,7729.728,169278849024,Financial Services,Banks - Regional
1885.T,東亜建設工業,2026-10-01,8.547731,15.878834,1.4150277,3.65,0.17678,0.055749997,25.509,248.37,1500.324,164172922880,Industrials,Engineering & Construction
7552.T,ハピネット,2026-10-01,22.479324,14.878439,3.743351,1.83,0.16299,0.021240002,,227.32,1365.087,221327327232,Consumer Cyclical,Specialty Retail
2337.T,いちご,2026-10-01,9.797551,11.139528,1.4127094,3.92,0.15226,0.18937999,290.372,40.01,277.481,153658589184,Real Estate,Real Estate Services
9830.T,トラスコ中山,2026-10-01,9.680804,10.075598,0.81827927,2.56,0.0876,0.048060004,54.314,247.81,2931.762,158173790208,Industrials,Industrial Distribution
8803.T,平和不動産,2026-10-01,13.8967705,8.789949,1.2295774,3.79,0.085839994,0.21316,212.241,165.65,1872.188,152093736960,Real Estate,Real Estate - Diversified
1968.T,太平電業,2026-10-01,13.04394,4.785145,1.2413262,3.03,0.11124,0.08821,11.969,188.67,1982.557,155299872768,Industrials,Engineering & Construction
8337.T,千葉興業銀行,2026-10-01,26.310799,,0.9373021,0.71,0.05034,0.13134,,105.47,2960.625,159322980352,Financial Services,Banks - Regional
2492.T,インフォマート,2026-10-01,76.92308,92.66409,6.385073,0.91,0.10783,0.113249995,2.259,9.36,112.763,191942000640,Technology,Software - Application
3863.T,日本製紙,2026-10-01,12.94002,10.9112015,0.29450387,1.14,0.02211,0.00791,153.81,101.7,4468.532,151745986560,Basic Materials,Paper & Paper Products
2317.T,システナ,2026-10-01,13.364929,16.785713,3.810193,4.27,0.31028998,0.1191,3.96,31.65,111.018,151203823616,Technology,Information Technology Services
7730.T,マニー,2026-10-01,25.812721,19.705961,2.514102,2.82,0.10975,0.20431,0.098,56.6,581.122,143912304640,Healthcare,Medical Instruments & Supplies
3076.T,あい　ホールディングス,2026-10-01,13.640278,8.612304,1.3629426,4.71,0.10401,0.14039999,0.673,220.67,2208.457,160539197440,Industrials,Conglomerates
2124.T,ジェイエイシーリクルートメント,2026-10-01,18.559605,7.40949,7.677627,3.65,0.44757,0.18529,1.109,56.79,137.282,167537131520,Industrials,Staffing & Employment Services
2767.T,円谷フィールズホールディングス,2026-10-01,12.101516,9.430167,2.5716941,2.77,0.20091999,0.07526,12.741,209.23,984.565,157623189504,Consumer Cyclical,Gambling
9960.T,東テク,2026-10-01,13.150058,16.438087,2.304507,4.12,0.19061,0.075729996,10.993,319.01,1820.346,172021039104,Technology,Electronic Components
9025.T,鴻池運輸,2026-10-01,10.41465,10.990651,0.9202455,3.87,0.08861,0.03791,35.155,268.66,3040.493,148572733440,Industrials,Integrated Freight & Logistics
9936.T,王将フードサービス,2026-10-01,20.478083,19.851477,2.362861,1.97,0.10147,0.05481,3.895,140.98,1221.824,151657742336,Consumer Cyclical,Restaurants
6750.T,エレコム,2026-10-01,7.7918067,16.195827,1.4827203,2.94,0.22225,0.15481,0.454,258.99,1361.012,162526920704,Technology,Computer Hardware
1926.T,ライト工業,2026-10-01,13.679833,4.683941,0.4798378,5.37,0.15061,0.0928,2.119,72.15,2056.945,162076459008,Industrials,Engineering & Construction
5975.T,東プレ,2026-10-01,8.987233,9.240698,0.6576358,2.98,0.098850004,0.05899,17.169,374.42,5116.814,162764210176,Consumer Cyclical,Auto Parts
8343.T,秋田銀行,2026-10-01,23.373772,,0.19228339,1.96,0.049850002,0.17218,,86.55,10520.93,180024475648,Financial Services,Banks - Regional
9882.T,イエローハット,2026-10-01,12.128496,,1.1372484,4.1,0.09974,0.07047,42.67,137.28,1464.06,139793416192,Consumer Cyclical,Auto & Truck Dealerships
3880.T,大王製紙,2026-10-01,18.024553,18.42906,0.65328896,1.44,0.04205,0.01208,164.53,53.76,1483.264,149442494464,Basic Materials,Paper & Paper Products
7976.T,三菱鉛筆,2026-10-01,24.945454,19.433428,1.24842,1.53,0.05613,0.07792,20.886,137.5,2747.473,171531681792,Industrials,Business Equipment & Supplies
4521.T,科研製薬,2026-10-01,67.75619,39.782158,0.9499179,4.94,0.068670005,0.116969995,2.518,56.6,4037.191,145224990720,Healthcare,Drug Manufacturers - Specialty & Generic
9601.T,松竹,2026-10-01,28.169752,61.476818,1.3985184,0.28,0.034479998,0.03423,59.855,381.26,7679.555,147607175168,Communication Services,Entertainment
1766.T,東建コーポレーション,2026-10-01,10.556583,15.688394,1.2557895,3.06,0.12146,0.039,,1238.09,10407.795,145088888832,Real Estate,Real Estate Services
7630.T,壱番屋,2026-10-01,69.19254,51.574074,5.5954313,1.43,0.07539,0.03548,3.972,16.1,199.091,177800314880,Consumer Cyclical,Restaurants
8585.T,オリエントコーポレーション,2026-10-01,10.646488,48.400726,0.5623832,4.9,0.04626,0.04802,865.062,75.33,1426.074,137291055104,Financial Services,Credit Services
7734.T,理研計器,2026-10-01,16.516378,15.299382,1.8677167,1.7,,0.0,2.265,217.36,1922.133,163186262016,Industrials,Security & Protection Services
6875.T,メガチップス,2026-10-01,19.642056,41.33493,0.47624925,2.31,0.18413,1.0860701,,578.86,23874.053,156916236288,Technology,Semiconductors
8214.T,ＡＯＫＩホールディングス,2026-10-01,15.001335,,1.0134733,7.16,0.06084,0.043709997,18.1,112.39,1663.586,142004125696,Consumer Cyclical,Apparel Retail
3445.T,ＲＳ　Ｔｅｃｈｎｏｌｏｇｉｅｓ,2026-10-01,17.428232,17.636389,1.8708189,0.88,0.08876,0.12163,7.188,362.63,3378.2,168089305088,Technology,Semiconductors
8097.T,三愛オブリ,2026-10-01,16.394665,,1.2915499,4.16,0.09601,0.01792,2.127,147.67,1874.492,149817196544,Energy,Oil & Gas Refining & Marketing
9010.T,富士急行,2026-10-01,3.9488757,22.724548,3.3700902,1.25,0.14837,0.10741,102.157,672.09,787.516,141590921216,Industrials,Conglomerates
6745.T,ホーチキ,2026-10-01,15.748031,8.319327,2.1757166,2.1,0.15351,0.090909995,,125.73,910.045,147718242304,Industrials,Building Products & Equipment
8237.T,松屋,2026-10-01,50.9542,34.340836,4.1493535,0.53,0.08628,0.05017,92.835,41.92,514.779,108381208576,Consumer Cyclical,Department Stores
3865.T,北越コーポレーション,2026-10-01,20.326136,8.858859,0.56270754,2.94,0.026919998,0.02343,42.013,43.54,1572.753,140592480256,Basic Materials,Paper & Paper Products
6330.T,東洋エンジニアリング,2026-10-01,,24.293287,3.4588194,0.92,-0.24174,-0.06948,113.597,-255.0,795.069,161142931456,Industrials,Engineering & Construction
6707.T,サンケン電気,2026-10-01,,2.1803944,1.1863383,,-0.08566,-0.14096,68.051,-473.16,5961.2,141373587456,Technology,Semiconductors
3101.T,東洋紡,2026-10-01,13.145429,13.903967,0.6895444,2.39,0.068280004,0.02954,102.185,126.66,2414.638,146927534080,Basic Materials,Specialty Chemicals
5310.T,東洋炭素,2026-10-01,36.4201,16.879662,1.6637906,1.91,0.04696,0.097849995,5.46,212.52,4652.028,162324398080,Industrials,Electrical Equipment & Parts
6632.T,ＪＶＣケンウッド,2026-10-01,9.076661,9.358264,0.9837571,1.98,0.10248,0.03921,44.019,111.66,1030.234,143256616960,Consumer Cyclical,Auto Parts
4461.T,第一工業製薬,2026-10-01,24.372961,42.919327,2.8539264,1.04,0.18712,0.09088001,45.002,606.82,5182.334,156934569984,Basic Materials,Specialty Chemicals
6941.T,山一電機,2026-10-01,18.904665,28.747686,3.506173,1.89,0.24006,0.0,11.414,493.0,2658.169,172018499584,Technology,Semiconductor Equipment & Materials
8934.T,サンフロンティア不動産,2026-10-01,7.827284,6.695115,0.96024215,3.47,0.13276,0.13438,96.012,290.65,2369.194,130093621248,Real Estate,Real Estate Services
8387.T,四国銀行,2026-10-01,10.997822,,0.9711998,1.8,0.095649995,0.25538,,417.81,4731.261,192457654272,Financial Services,Banks - Regional
3046.T,ジンズホールディングス,2026-10-01,16.685795,23.295944,3.7086554,2.0,,0.076630004,21.778,339.81,1528.856,132368482304,Healthcare,Medical Instruments & Supplies
5715.T,古河機械金属,2026-10-01,10.580772,31.623932,0.8203199,1.93,0.097320005,0.06473,47.203,384.66,4961.479,129304371200,Basic Materials,Other Industrial Metals & Mining
9974.T,ベルク,2026-10-01,10.85582,10.981343,1.1324211,1.99,0.105179995,0.02865,38.728,608.89,5837.051,137692217344,Consumer Defensive,Grocery Stores
6866.T,日置電機,2026-10-01,21.018867,22.809174,3.2628357,2.26,0.16542,0.15845999,,530.0,3414.208,149336621056,Technology,Scientific & Technical Instruments
9068.T,丸全昭和運輸,2026-10-01,11.003534,6.054456,0.9514376,3.32,0.09041,0.0834,17.371,325.35,3762.727,138035658752,Industrials,Integrated Freight & Logistics
6340.T,澁谷工業,2026-10-01,15.091686,13.424757,1.2963991,2.34,0.090059996,0.07538,2.341,369.74,4304.23,154377797632,Industrials,Specialty Industrial Machinery
4471.T,三洋化成工業,2026-10-01,9.350077,5.4898705,0.9008052,7.62,0.07858,0.08416,2.248,176.79,1835.025,145938989056,Basic Materials,Specialty Chemicals
3156.T,レスター,2026-10-01,22.491222,19.757132,1.7657562,2.46,0.13452,0.01854,130.8,273.44,3482.927,172924026880,Technology,Semiconductors
6420.T,ガリレイホールディングス,2026-10-01,11.106,6.4191437,1.2074943,2.59,0.11756,0.08939,,304.34,2799.185,135498964992,Industrials,Specialty Industrial Machinery
3087.T,ドトール・日レスホールディングス,2026-10-01,18.737331,21.085909,1.2738106,1.87,0.07597,0.04856,1.753,172.65,2539.624,135942348800,Consumer Cyclical,Restaurants
4587.T,ペプチドリーム,2026-10-01,,9.9903,3.0000448,,-0.070939995,-0.18881,32.31,-28.06,377.661,145667227648,Healthcare,Biotechnology
9716.T,乃村工藝社,2026-10-01,15.054945,31.959562,2.3595738,3.59,0.1346,0.047810003,,81.9,522.552,137593913344,Industrials,Engineering & Construction
1952.T,新日本空調,2026-10-01,11.680144,,1.7509999,3.82,0.17753,0.083330005,3.022,267.12,1781.839,142117797888,Industrials,Building Products & Equipment
3778.T,さくらインターネット,2026-10-01,736.64825,53.8358,5.204884,0.15,0.04639,0.03585,121.243,5.43,768.509,160098648064,Technology,Information Technology Services
1762.T,高松コンストラクショングループ,2026-10-01,12.392159,14.898295,0.96111107,3.53,0.09809,0.03791,22.59,328.03,4229.48,141537067008,Industrials,Engineering & Construction
7780.T,メニコン,2026-10-01,22.53682,17.337372,1.3703643,1.63,0.07904,0.056020003,84.733,78.76,1295.276,131804340224,Healthcare,Medical Instruments & Supplies
9715.T,トランス・コスモス,2026-10-01,10.618793,10.802997,1.0322502,4.14,0.1028,0.03127,9.065,327.25,3366.432,130217656320,Technology,Information Technology Services
8344.T,山形銀行,2026-10-01,26.757786,,1.106958,1.71,0.05054,0.12809,,207.79,5022.774,171002429440,Financial Services,Banks - Regional
7148.T,ＦＰＧ,2026-10-01,8.869349,5.0903425,2.2808359,5.65,0.29488,0.18240999,82.411,184.23,716.404,136826208256,Real Estate,Real Estate Services
6254.T,野村マイクロ・サイエンス,2026-10-01,36.019104,15.0928135,3.5311823,2.44,0.097770005,0.067729995,145.616,98.42,1003.913,136095326208,Industrials,Pollution & Treatment Controls
2695.T,くら寿司,2026-10-01,38.524776,14.935813,1.9620932,0.87,0.025840001,0.008590001,47.027,43.79,859.796,134093340672,Consumer Cyclical,Restaurants
1835.T,東鉄工業,2026-10-01,10.28481,14.891469,1.0088494,3.94,0.10235,0.07825,,372.88,3801.36,132083859456,Industrials,Engineering & Construction
3191.T,ジョイフル本田,2026-10-01,15.141576,16.842888,1.0782936,3.72,0.07253,0.06435,7.782,149.39,2097.759,136336334848,Consumer Cyclical,Home Improvement Retail
1879.T,新日本建設,2026-10-01,8.563197,,0.96260977,3.48,0.118640006,0.10519,,260.3,2315.58,130373115904,Industrials,Engineering & Construction
6486.T,イーグル工業,2026-10-01,13.8696575,15.025,1.0140585,4.66,0.09814999,0.0584,27.595,216.66,2963.34,137327861760,Industrials,Specialty Industrial Machinery
9037.T,ハマキョウレックス,2026-10-01,12.362733,14.430829,1.3353814,2.54,0.11447,0.07017,23.003,144.79,1340.441,132538974208,Industrials,Integrated Freight & Logistics
4694.T,ビー・エム・エル,2026-10-01,17.921236,24.528936,1.0748693,3.43,0.06158,0.051999997,,203.39,3391.11,136627724288,Healthcare,Diagnostics & Research
9551.T,メタウォーター,2026-10-01,14.649651,19.46279,1.5199482,2.58,0.11184,0.043959998,42.35,209.22,2016.516,134081142784,Industrials,Pollution & Treatment Controls
8037.T,カメイ,2026-10-01,11.816288,15.440187,0.7811671,2.88,0.08125,0.022809999,17.736,388.87,5882.224,140762578944,Energy,Oil & Gas Refining & Marketing
7821.T,前田工繊,2026-10-01,13.680005,15.169414,1.7087986,1.64,0.13236,0.13407,4.61,142.69,1142.323,130171142144,Basic Materials,Building Materials
3543.T,コメダホールディングス,2026-10-01,Infinity,18.338516,2.5584464,2.2,0.13854,0.113409996,82.508,0.0,1106.14,128793878528,Consumer Cyclical,Restaurants
4958.T,長谷川香料,2026-10-01,18.69211,17.447916,1.0073167,2.97,0.06164,0.100559995,,179.22,3325.667,135983906816,Basic Materials,Specialty Chemicals
8179.T,ロイヤルホールディングス,2026-10-01,21.979866,12.166806,2.297637,1.34,0.11201999,0.03477,82.781,59.6,570.151,129081319424,Consumer Cyclical,Restaurants
6080.T,Ｍ＆Ａキャピタルパートナーズ,2026-10-01,23.4217,20.540722,2.8550222,3.42,0.16465001,0.27594,4.678,182.95,1500.864,136171216896,Financial Services,Capital Markets
8276.T,平和堂,2026-10-01,13.544638,14.13451,0.64738643,2.55,0.04384,0.01833,10.562,189.3,3960.54,126802288640,Consumer Cyclical,Department Stores
4975.T,ＪＣＵ,2026-10-01,16.294394,21.041483,2.6162243,3.06,0.17608999,0.30288,0.057,365.77,2278.092,146733547520,Basic Materials,Specialty Chemicals
8032.T,日本紙パルプ商事,2026-10-01,31.677649,1.8617812,1.050091,2.91,0.04559,0.00868,80.497,39.46,1190.373,137258360832,Basic Materials,Paper & Paper Products
4047.T,関東電化工業,2026-10-01,37.136364,27.082872,1.8471376,1.51,0.09019,0.092659995,53.656,66.0,1326.918,140574523392,Basic Materials,Specialty Chemicals
5930.T,文化シヤッター,2026-10-01,10.250684,24.253633,1.1040488,3.98,0.110240005,0.0523,12.298,179.11,1662.97,129141710848,Industrials,Building Products & Equipment
6804.T,ホシデン,2026-10-01,8.10001,9.826332,0.7776917,3.14,0.12652001,0.04309,6.593,300.37,3128.489,119783088128,Industrials,Electrical Equipment & Parts
3964.T,オークネット,2026-10-01,17.759068,7.7545247,4.19804,3.25,0.25857002,0.10114,,77.2,326.581,124377997312,Consumer Cyclical,Internet Retail
3002.T,グンゼ,2026-10-01,258.86075,8.875868,1.1878983,3.63,0.042290002,0.03554,17.669,15.8,3443.056,128200867840,Consumer Cyclical,Apparel Manufacturing
6284.T,日精エー・エス・ビー機械,2026-10-01,15.021836,20.764362,1.9686512,2.84,0.14654,0.19058001,7.684,567.84,4332.916,127873728512,Industrials,Specialty Industrial Machinery
7172.T,ジャパンインベストメントアドバイザー,2026-10-01,10.566691,13.0421505,1.6101261,5.03,0.14881,0.30143,175.26,202.05,1325.983,132584947712,Industrials,Rental & Leasing Services
9672.T,東京都競馬,2026-10-01,11.834172,12.396585,1.2601943,3.07,0.110190004,0.25011998,16.948,401.38,3769.26,123694366720,Consumer Cyclical,Gambling
7283.T,愛三工業,2026-10-01,Infinity,10.730638,0.8664506,3.73,0.10491,0.04143,51.192,0.0,2542.557,126236524544,Consumer Cyclical,Auto Parts
8399.T,琉球銀行,2026-10-01,14.766979,22.59848,0.91462904,2.93,0.06544,0.12408,,221.44,3575.22,134091005952,Financial Services,Banks - Regional
4776.T,サイボウズ,2026-10-01,17.975368,47.948715,7.7483444,1.69,0.4825,0.19067,0.165,166.45,386.147,134817955840,Technology,Software - Application
4633.T,サカタインクス,2026-10-01,10.726911,9.741697,1.0207474,3.79,0.1073,0.044099998,28.82,246.11,2586.34,128371138560,Basic Materials,Specialty Chemicals
7516.T,コーナン商事,2026-10-01,10.142245,8.111358,0.6930366,3.18,0.08394,0.02718,122.189,432.35,6327.227,126661255168,Consumer Cyclical,Home Improvement Retail
4914.T,高砂香料工業,2026-10-01,13.233175,5.4957266,0.79742986,4.02,0.06981,0.04259,40.06,97.18,1612.681,125379919872,Basic Materials,Specialty Chemicals
7972.T,イトーキ,2026-10-01,11.8499775,14.270651,1.9480177,3.66,0.17584999,0.063260004,59.525,205.57,1250.502,120506327040,Consumer Cyclical,"Furnishings, Fixtures & Appliances"
9699.T,ニシオホールディングス,2026-10-01,10.718022,9.194323,0.8442177,2.94,0.077410005,0.05207,73.479,410.99,5217.848,121254567936,Industrials,Rental & Leasing Services
2146.T,ＵＴグループ,2026-10-01,20.497427,0.79600334,4.4509006,5.54,0.2446,0.046680003,28.649,11.66,53.697,136640192512,Industrials,Staffing & Employment Services
8074.T,ＹＵＡＳＡ,2026-10-01,10.959289,,1.0696776,3.74,0.107370004,0.022179998,3.32,569.38,5833.533,131401342976,Industrials,Specialty Industrial Machinery
4180.T,Ａｐｐｉｅｒ　Ｇｒｏｕｐ,2026-10-01,43.096615,30.553156,3.6143346,0.16,0.09305,0.06856,30.891,32.81,391.22,144382099456,Technology,Software - Infrastructure
7224.T,新明和工業,2026-10-01,10.941987,17.208673,1.0145278,3.01,0.10588,0.04302,38.864,174.1,1877.721,126003068928,Industrials,Conglomerates
7599.T,ＩＤＯＭ,2026-10-01,9.774182,7.7307563,1.2980313,3.61,0.14335,0.02122,124.024,118.68,893.661,116472389632,Consumer Cyclical,Auto & Truck Dealerships
3201.T,日本毛織,2026-10-01,12.93788,,0.9327605,3.28,0.07709,0.08349,10.852,149.87,2078.776,126292983808,Consumer Cyclical,Textile Manufacturing
3612.T,ワールド,2026-10-01,9.11902,4.50822,1.1992699,4.29,0.13566,0.045339998,130.39,171.4,1303.293,119101865984,Consumer Cyclical,Department Stores
7384.T,プロクレアホールディングス,2026-10-01,40.40404,,0.8983299,1.82,0.024419999,0.04972,,133.65,6011.155,152902008832,Financial Services,Banks - Regional
3765.T,ガンホー・オンライン・エンターテイメント,2026-10-01,53.692616,11.3597975,1.095729,3.7,0.04171,0.02545,,45.09,2209.488,126780227584,Communication Services,Electronic Gaming & Multimedia
2874.T,横浜冷凍,2026-10-01,36.32287,29.36556,1.3527025,1.4,0.03103,0.01933,124.339,53.52,1437.123,115070476288,Consumer Defensive,Food Distribution
6474.T,不二越,2026-10-01,18.507639,20.784458,0.6947606,1.98,0.03972,0.02765,51.822,306.36,8161.084,123584659456,Industrials,Tools & Accessories
4220.T,リケンテクノス,2026-10-01,15.026682,20.488022,1.5895799,3.69,0.14124,0.06677,15.119,153.66,1452.585,108272115712,Basic Materials,Chemicals
1720.T,東急建設,2026-10-01,9.521922,20.117252,1.1522672,3.65,0.13217,0.04054,18.78,126.13,1042.293,127634112512,Industrials,Engineering & Construction
1982.T,日比谷総合設備,2026-10-01,15.882411,,1.8408868,3.13,0.12591,0.09759,,202.74,1749.157,132873428992,Industrials,Engineering & Construction
6480.T,日本トムソン,2026-10-01,32.528675,29.078667,1.5220481,1.71,0.0709,0.08535,29.129,58.41,1248.318,131213058048,Industrials,Tools & Accessories
5192.T,三ツ星ベルト,2026-10-01,15.839853,16.67333,1.1410205,4.6,0.08127,0.0837,1.716,263.26,3654.623,115979526144,Industrials,Specialty Industrial Machinery
8153.T,モスフードサービス,2026-10-01,25.81101,38.159203,2.0268924,0.89,0.068390004,0.0377,10.013,148.58,1892.059,117926264832,Consumer Cyclical,Restaurants
8595.T,ジャフコ　グループ,2026-10-01,17.96521,6.2277384,0.8727372,5.95,0.04634,0.29382,11.315,123.6,2544.294,116930584576,Financial Services,Asset Management
4028.T,石原産業,2026-10-01,6.542142,11.587826,0.853237,4.57,0.1062,0.085159995,52.461,434.72,3333.189,108825247744,Basic Materials,Specialty Chemicals
4971.T,メック,2026-10-01,21.197008,36.828804,3.608461,1.63,0.19438,0.25561002,,336.84,1978.683,130374746112,Basic Materials,Specialty Chemicals
9832.T,オートバックスセブン,2026-10-01,14.567484,14.743346,0.8981105,3.87,0.05876,0.027509999,29.181,106.47,1726.959,121797165056,Consumer Cyclical,Auto Parts
