ticker,period_end,net_income,eps_annual,equity,shares,bps
1301.T,2022-03-31,,,,,
1301.T,2023-03-31,5782000000.0,539.1,47541000000.0,10716628.0,4436.190189675334
1301.T,2024-03-31,5936000000.0,548.61,58975000000.0,11877508.0,4965.267125056872
1301.T,2025-03-31,6740000000.0,567.48,66514000000.0,11877431.0,5600.032532287495
1301.T,2026-03-31,6841000000.0,576.02,77335000000.0,11877283.0,6511.169263206071
1332.T,2022-03-31,,,,,
1332.T,2023-03-31,21233000000.0,68.22,216841000000.0,311233449.0,696.714960094151
1332.T,2024-03-31,23850000000.0,76.67,249192000000.0,310829551.0,801.6998358048653
1332.T,2025-03-31,25381000000.0,81.66,277039000000.0,310822946.0,891.3080696429664
1332.T,2026-03-31,27517000000.0,90.17,300120000000.0,303271829.0,989.6072476946086
1333.T,2022-03-31,,,,,
1333.T,2023-03-31,18596000000.0,121.226667,178311000000.0,151352502.0,1178.1172933632772
1333.T,2024-03-31,20853000000.0,137.87,207128000000.0,151091307.0,1370.8796628518146
1333.T,2025-03-31,23264000000.0,153.966667,229568000000.0,151107096.0,1519.240367110225
1333.T,2026-03-31,22182000000.0,146.75,247236000000.0,151183299.0,1635.3393637745662
135A.T,2022-02-28,,1.107122,,,
135A.T,2023-02-28,49930000.0,5.04,89211000.0,10110000.0,8.824035608308606
135A.T,2024-02-29,330161000.0,33.33,997040000.0,10110000.0,98.61918892185955
135A.T,2025-02-28,425000000.0,,1420000000.0,10110000.0,140.4549950544016
135A.T,2026-02-28,652000000.0,63.95,2084000000.0,10256000.0,203.198127925117
1375.T,2022-03-31,,74.92,,,
1375.T,2023-03-31,1181000000.0,29.63,10409000000.0,39883389.0,260.9858455107714
1375.T,2024-03-31,1350000000.0,33.87,11454000000.0,39894033.0,287.1106062402866
1375.T,2025-03-31,1502000000.0,,12366000000.0,39904034.0,309.89348094480874
1375.T,2026-03-31,2958000000.0,74.18,14770000000.0,39882822.0,370.3348775069126
1377.T,2023-05-31,9489000000.0,213.98,137679000000.0,44349750.0,3104.391794767727
1377.T,2024-05-31,16162000000.0,365.22,160080000000.0,43849214.0,3650.692575698164
1377.T,2025-05-31,9711000000.0,222.58,161304000000.0,43249523.0,3729.613387874821
1377.T,2026-05-31,12163000000.0,284.46,178462000000.0,42259675.0,4222.985624002077
1379.T,2022-03-31,,,,,
1379.T,2023-03-31,-2037000000.0,-64.43,50955000000.0,31660224.0,1609.4327064773768
1379.T,2024-03-31,3525000000.0,111.19,54825000000.0,31724068.0,1728.1831573428728
1379.T,2025-03-31,4441000000.0,140.63,56807000000.0,31258443.0,1817.3330002393272
1379.T,2026-03-31,7006000000.0,223.84,64923000000.0,31346374.0,2071.148643859095
1407.T,2022-08-31,4257000000.0,104.71,27536000000.0,40664516.0,677.1505653725228
1407.T,2023-08-31,6016000000.0,147.97,31385000000.0,40660366.0,771.8818861591162
1407.T,2024-08-31,6757000000.0,147.97,33228000000.0,39659675.0,837.8283483160162
1407.T,2025-08-31,5357000000.0,,36222000000.0,39659270.0,913.3299730428724
1414.T,2022-06-30,12366000000.0,57.765,94153000000.0,212967952.0,442.0993821643174
1414.T,2023-06-30,12887000000.0,60.8825,98016000000.0,210515664.0,465.59955747521
1414.T,2024-06-30,14321000000.0,68.4325,103094000000.0,208153180.0,495.2794860016071
1414.T,2025-06-30,15061000000.0,73.0075,105101000000.0,204274792.0,514.5079281245823
1417.T,2022-03-31,,,,,
1417.T,2023-03-31,14781000000.0,151.2,246816000000.0,95907577.0,2573.4775887415026
1417.T,2024-03-31,12535000000.0,133.34,251977000000.0,92100912.0,2735.8795317900867
1417.T,2025-03-31,17179000000.0,189.4,261500000000.0,89710676.0,2914.9262012026306
1417.T,2026-03-31,23282000000.0,261.74,279439000000.0,88665755.0,3151.6000737827135
1419.T,2022-05-31,,282.25,,,
1419.T,2023-05-31,8715000000.0,298.41,34875000000.0,28988354.0,1203.0693429506207
1419.T,2024-05-31,8752000000.0,301.94,38296000000.0,28988208.0,1321.088906220074
1419.T,2025-05-31,1478000000.0,,34246000000.0,28988208.0,1181.3769240237273
1419.T,2026-05-31,1213000000.0,41.86,29669000000.0,28988158.0,1023.4869010994075
141A.T,2022-06-30,7135000000.0,73.315214,57958000000.0,118519500.0,489.0165753314855
141A.T,2023-06-30,8084000000.0,82.9,65883000000.0,118519500.0,555.8832090921748
141A.T,2024-06-30,11439000000.0,109.77,115680000000.0,121947400.0,948.6057103308476
141A.T,2025-06-30,11752000000.0,96.23,126123000000.0,122298131.0,1031.2749587317896
147A.T,2022-03-31,,7.80071,,,
147A.T,2023-03-31,70874000.0,1.841504,3962087000.0,43220809.0,91.67081995156546
147A.T,2024-03-31,485565000.0,12.59,8404438000.0,43220809.0,194.4535096508721
147A.T,2025-03-31,352716000.0,7.84,10316268000.0,45153485.0,228.47113572739735
147A.T,2026-03-31,631411000.0,,11332042000.0,45579475.0,248.6215999635801
1514.T,2022-03-31,,41.02,,,
1514.T,2023-03-31,3667000000.0,68.31,20361000000.0,53218729.0,382.59087322434925
1514.T,2024-03-31,7530000000.0,68.31,26989000000.0,51438875.0,524.6809927316646
1514.T,2025-03-31,4195000000.0,,28024000000.0,59785424.0,468.74301669249684
1514.T,2026-03-31,2638000000.0,44.11,29150000000.0,59823149.0,487.2695685076692
1515.T,2023-03-31,9780000000.0,117.578,132343000000.0,83183310.0,1590.9802098521927
1515.T,2024-03-31,6602000000.0,79.376,140754000000.0,83179835.0,1692.164933965065
1515.T,2025-03-31,9019000000.0,109.348,141487000000.0,78676655.0,1798.335224089026
1515.T,2026-03-31,14033000000.0,178.37,157306000000.0,78682023.0,1999.2622711289464
1518.T,2022-03-31,,,,,
1518.T,2023-03-31,22977000000.0,353.598,55777000000.0,12993663.0,4292.63095402736
1518.T,2024-03-31,15117000000.0,241.848,63447000000.0,11920861.0,5322.350457739588
1518.T,2025-03-31,8645000000.0,150.03,65335000000.0,11215699.0,5825.316817079346
1518.T,2026-03-31,6716000000.0,148.3,55651000000.0,38295660.0,1453.1933905826404
1605.T,2021-12-31,,,,,
1605.T,2022-12-31,461069000000.0,337.37,3760850000000.0,1306904668.0,2877.677379296039
1605.T,2023-12-31,321708000000.0,248.55,4209101000000.0,1258244461.0,3345.217189873248
1605.T,2024-12-31,427344000000.0,345.31,4821805000000.0,1197599828.0,4026.223858141703
1605.T,2025-12-31,393836000000.0,330.82,4747158000000.0,1165393699.0,4073.4371603977584
1662.T,2022-03-31,,,,,
1662.T,2023-03-31,67394000000.0,247.33,425631000000.0,271131730.0,1569.8310190400807
1662.T,2024-03-31,53661000000.0,198.886,503900000000.0,264308950.0,1906.481032897297
1662.T,2025-03-31,81153000000.0,314.91,527742000000.0,255912400.0,2062.1978458253684
1662.T,2026-03-31,53427000000.0,208.74,627535000000.0,255999402.0,2451.314319867044
1663.T,2022-12-31,4766000000.0,89.635,84275000000.0,53198416.0,1584.1637089344915
1663.T,2023-12-31,6464000000.0,121.405,90361000000.0,53263414.0,1696.4928308951432
1663.T,2024-12-31,6167000000.0,115.69,96446000000.0,53325840.0,1808.6166106337942
1663.T,2025-12-31,8379000000.0,156.995,105441000000.0,53388614.0,1974.9716671798224
166A.T,2024-09-30,2217276000.0,53.39,21301079000.0,51528919.0,413.3810569556097
166A.T,2025-09-30,4933967000.0,90.99,31925761000.0,61622040.0,518.0899723540474
167A.T,2022-01-31,,,,,
167A.T,2023-01-31,3056000000.0,151.45,44724000000.0,20191464.0,2214.9954059794773
167A.T,2024-01-31,7022000000.0,347.58,51287000000.0,20210773.0,2537.6070474889802
167A.T,2025-03-31,9387000000.0,234.38,131448000000.0,40066149.0,3280.774501188023
167A.T,2026-03-31,7440000000.0,185.59,136894000000.0,40100944.0,3413.7350981064187
1719.T,2022-03-31,,,,,
1719.T,2023-03-31,15187000000.0,94.02,140484000000.0,156471197.0,897.8265821025195
1719.T,2024-03-31,13878000000.0,88.64,153567000000.0,156624998.0,980.475670939833
1719.T,2025-03-31,26444000000.0,88.64,171206000000.0,156765788.0,1092.1132868607785
1719.T,2026-03-31,29746000000.0,189.68,208261000000.0,156883072.0,1327.4918532956826
1720.T,2022-03-31,,,,,
1720.T,2023-03-31,5245000000.0,49.99,95247000000.0,105131813.0,905.9769567561818
1720.T,2024-03-31,7266000000.0,68.99,99964000000.0,105517232.0,947.3713260408499
1720.T,2025-03-31,6631000000.0,62.72,101633000000.0,105949057.0,959.2629031138994
1720.T,2026-03-31,13390000000.0,126.18,111445000000.0,106273199.0,1048.6651483973867
1721.T,2022-03-31,,,,,
1721.T,2023-03-31,19338000000.0,158.83,342033000000.0,120778829.0,2831.8953150307493
1721.T,2024-03-31,27453000000.0,228.47,362974000000.0,119377803.0,3040.548501298855
1721.T,2025-03-31,30076000000.0,253.54,375099000000.0,117698160.0,3186.9572132648464
1721.T,2026-03-31,36307000000.0,311.6,400931000000.0,115702057.0,3465.2020058727217
1723.T,2022-03-31,,,,,
1723.T,2023-03-31,3167000000.0,49.435,31076000000.0,64083224.0,484.93190667186155
1723.T,2024-03-31,4672000000.0,73.2275,34458000000.0,63675136.0,541.1531433556734
1723.T,2025-03-31,6414000000.0,100.71,39494000000.0,63700464.0,619.9954838633514
1723.T,2026-03-31,8442000000.0,132.49,46856000000.0,63732812.0,735.1942983466664
1736.T,2023-03-31,1246207000.0,79.586667,18046471000.0,15335700.0,1176.7621301929485
1736.T,2024-03-31,1386590000.0,90.41,19783965000.0,15336342.0,1290.0054654493229
1736.T,2025-03-31,2874139000.0,186.1,22378262000.0,15494382.0,1444.2823211664718
1736.T,2026-03-31,3626615000.0,234.06,26528253000.0,15494352.0,1712.1240694673775
1762.T,2022-03-31,,,,,
1762.T,2023-03-31,7534000000.0,216.38,127722000000.0,34818578.0,3668.2141355686613
1762.T,2024-03-31,9165000000.0,263.25,134023000000.0,34818542.0,3849.1847246217258
1762.T,2025-03-31,6452000000.0,263.25,137704000000.0,34818542.0,3954.904257622275
1762.T,2026-03-31,11426000000.0,328.18,146866000000.0,34818467.0,4218.049002559475
1766.T,2022-04-30,,,,,
1766.T,2023-04-30,5239000000.0,389.7,115289000000.0,13444069.0,8575.454350911172
1766.T,2024-04-30,8943000000.0,665.21,121610000000.0,13443899.0,9045.738888695905
1766.T,2025-04-30,15778000000.0,1173.64,133751000000.0,13443703.0,9948.97016097425
1766.T,2026-04-30,16161000000.0,1238.21,116349000000.0,11100980.0,10480.966545296002
1786.T,2022-03-31,,,,,
1786.T,2023-03-31,3922000000.0,33.76,41616000000.0,116177190.0,358.21145269566256
1786.T,2024-03-31,4632000000.0,35.7,49962000000.0,132486367.0,377.1104992259317
1786.T,2025-03-31,3746000000.0,28.3,51298000000.0,131229911.0,390.90173580930036
1786.T,2026-03-31,3381000000.0,26.18,53127000000.0,128632331.0,413.0143610629275
1793.T,2022-03-31,,,,,
1793.T,2023-03-31,516000000.0,17.545,65622000000.0,28589766.0,2295.2968555251555
1793.T,2024-03-31,1021000000.0,35.75,67259000000.0,28589436.0,2352.5822615038646
1793.T,2025-03-31,1788000000.0,63.47,64863000000.0,28608128.0,2267.292707862605
1793.T,2026-03-31,1813000000.0,71.33,68698000000.0,25434086.0,2701.0209842020663
1799.T,2022-03-31,,,,,
1799.T,2023-03-31,2643496000.0,132.54,66511892000.0,19587502.0,3395.629110848336
1799.T,2024-03-31,2791939000.0,143.2,69339200000.0,19462768.0,3562.658713292991
1799.T,2025-03-31,5242713000.0,278.0,71657142000.0,18761968.0,3819.276421322113
1799.T,2026-03-31,5223898000.0,293.11,74702664000.0,17701427.0,4220.149256893244
1801.T,2022-03-31,,,,,
1801.T,2023-03-31,47124000000.0,241.24,829186000000.0,188366572.0,4401.980623186157
1801.T,2024-03-31,40272000000.0,215.75,929334000000.0,184292912.0,5042.700719819328
1801.T,2025-03-31,123824000000.0,682.78,866188000000.0,171814200.0,5041.42265307524
1801.T,2026-03-31,170004000000.0,1025.53,948075000000.0,163009119.0,5816.085663281206
1802.T,2022-03-31,,,,,
1802.T,2023-03-31,77671000000.0,108.34,997108000000.0,716947869.0,1390.767785377154
1802.T,2024-03-31,75059000000.0,104.69,1151629000000.0,716998990.0,1606.1793894577174
1802.T,2025-03-31,145355000000.0,203.88,1158244000000.0,711070380.0,1628.8739238442192
1802.T,2026-03-31,173759000000.0,249.42,1258423000000.0,687421514.0,1830.64244334954
1803.T,2022-03-31,,,,,
1803.T,2023-03-31,49057000000.0,66.29,852558000000.0,740903613.0,1150.7002868401453
1803.T,2024-03-31,17163000000.0,23.57,888538000000.0,714326372.0,1243.8823972188443
1803.T,2025-03-31,66015000000.0,94.8,860076000000.0,682343403.0,1260.4738262560736
1803.T,2026-03-31,126617000000.0,186.68,977976000000.0,679201277.0,1439.891285716767
1808.T,2022-03-31,,,,,
1808.T,2023-03-31,59326000000.0,216.1,454084000000.0,272511397.0,1666.2936119328617
1808.T,2024-03-31,56038000000.0,205.45,511246000000.0,272784787.0,1874.1734303533576
1808.T,2025-03-31,34450000000.0,126.2,532033000000.0,272752643.0,1950.6062128241228
1808.T,2026-03-31,54839000000.0,204.54,562735000000.0,264644418.0,2126.381520731716
1810.T,2022-03-31,,,,,
1810.T,2023-03-31,1702000000.0,57.5,44171000000.0,29466561.0,1499.0212125534433
1810.T,2024-03-31,1161000000.0,39.85,47618000000.0,28994561.0,1642.3080177002853
1810.T,2025-03-31,2726000000.0,94.32,50616000000.0,28749061.0,1760.6140249241532
1810.T,2026-03-31,4350000000.0,151.87,57027000000.0,28520861.0,1999.4838164247567
1811.T,2022-03-31,,,,,
1811.T,2023-03-31,2245000000.0,313.55,79221000000.0,7161954.0,11061.366772252377
1811.T,2024-03-31,2737000000.0,382.28,92926000000.0,7161815.0,12975.202515004925
1811.T,2025-03-31,3504000000.0,489.39,96865000000.0,7161734.0,13525.355730888637
1811.T,2026-03-31,4254000000.0,594.01,115242000000.0,7161528.0,16091.817276983347
1812.T,2022-03-31,,208.0,,,
1812.T,2023-03-31,111789000000.0,227.98,1052430000000.0,486086011.0,2165.1106515797264
1812.T,2024-03-31,115033000000.0,238.76,1210138000000.0,481174415.0,2514.9674676697014
1812.T,2025-03-31,125817000000.0,,1258127000000.0,470742800.0,2672.6420457200834
1812.T,2026-03-31,177334000000.0,379.81,1415015000000.0,465943062.0,3036.8839358316272
1813.T,2022-03-31,,,,,
1813.T,2023-03-31,2166000000.0,142.34,31419000000.0,15219559.0,2064.383074437308
1813.T,2024-03-31,2009000000.0,131.99,32821000000.0,15222432.0,2156.0943744074534
1813.T,2025-03-31,2202000000.0,145.26,34221000000.0,15121589.0,2263.0558203903042
1813.T,2026-03-31,4461000000.0,294.62,38077000000.0,15149354.0,2513.4405071001706
1814.T,2022-03-31,,,,,
1814.T,2023-03-31,1321000000.0,126.24,21535000000.0,10477225.0,2055.410664560511
1814.T,2024-03-31,1235000000.0,119.2,22549000000.0,10293247.0,2190.6595654413036
1814.T,2025-03-31,2060000000.0,197.48,22993000000.0,10447021.0,2200.9144999325645
1814.T,2026-03-31,3800000000.0,365.6,25210000000.0,10295287.0,2448.693271008375
1815.T,2023-03-31,2360000000.0,154.84,65076000000.0,15537047.0,4188.440699188205
1815.T,2024-03-31,4260000000.0,282.09,71827000000.0,14798730.0,4853.592166354815
1815.T,2025-03-31,3429000000.0,242.75,69808000000.0,13930272.0,5011.244575841735
1815.T,2026-03-31,5029000000.0,242.75,78419000000.0,13930927.0,5629.130064352502
1820.T,2022-03-31,,312.34,,,
1820.T,2023-03-31,9648000000.0,244.43,148839000000.0,39472502.0,3770.700929979052
1820.T,2024-03-31,12388000000.0,313.86,168817000000.0,39470859.0,4277.003447024043
1820.T,2025-03-31,17543000000.0,,172142000000.0,39470857.0,4361.243030522494
1820.T,2026-03-31,24066000000.0,609.56,194899000000.0,39484430.0,4936.09759593845
1822.T,2023-03-31,2914000000.0,33.104,72150000000.0,88146390.0,818.5247291465935
1822.T,2024-03-31,-2072000000.0,-23.54,67659000000.0,87961580.0,769.1880932561694
1822.T,2025-03-31,3691000000.0,209.55,71536000000.0,88167880.0,811.3612349531371
1822.T,2026-03-31,4557000000.0,51.64,75493000000.0,88315885.0,854.8065843421033
1827.T,2022-03-31,,,,,
1827.T,2023-03-31,1914000000.0,55.72,36554000000.0,34367022.0,1063.6359472752688
1827.T,2024-03-31,2645000000.0,76.98,40656000000.0,34365736.0,1183.0388268128463
1827.T,2025-03-31,2904000000.0,84.51,42834000000.0,34364773.0,1246.4508349873283
1827.T,2026-03-31,4385000000.0,127.6,49744000000.0,34363945.0,1447.5637183099902
1833.T,2022-03-31,,,,,
1833.T,2023-03-31,11261000000.0,306.07,172012000000.0,36804916.0,4673.614796458169
1833.T,2024-03-31,12493000000.0,339.3,188689000000.0,36827817.0,5123.54560684387
1833.T,2025-03-31,2722000000.0,74.0,177283000000.0,36224497.0,4894.008604177444
1833.T,2026-03-31,18360000000.0,511.8,196905000000.0,35870669.0,5489.303809750523
1835.T,2022-03-31,,,,,
1835.T,2023-03-31,7905728000.0,229.65,102384619000.0,34425278.0,2974.1116106600502
1835.T,2024-03-31,8296515000.0,241.0,110429627000.0,34426412.0,3207.70073279783
1835.T,2025-03-31,11564447000.0,335.87,119615091000.0,34433011.0,3473.849295375301
1835.T,2026-03-31,12845281000.0,372.956569,132665134000.0,34441761.0,3851.868491857893
1847.T,2022-03-31,,,,,
1847.T,2023-03-31,1708000000.0,117.675,27528000000.0,14518818.0,1896.0221141968996
1847.T,2024-03-31,2938000000.0,202.395,30078000000.0,14518338.0,2071.7247387407565
1847.T,2025-03-31,4679000000.0,322.34,34067000000.0,14517772.0,2346.572187522989
1847.T,2026-03-31,6408000000.0,441.4,40019000000.0,14516944.0,2756.7096766371765
1852.T,2023-03-31,4200000000.0,52.098,43998000000.0,80630380.0,545.6752157189387
1852.T,2024-03-31,4670000000.0,57.96,47622000000.0,80684860.0,590.2222548319475
1852.T,2025-03-31,4692000000.0,58.207149,45707000000.0,80608655.0,567.0234790544514
1852.T,2026-03-31,5181000000.0,64.24,49758000000.0,80726816.0,616.3751088609763
1860.T,2022-03-31,,,,,
1860.T,2023-03-31,10995000000.0,35.64,317252000000.0,309926300.0,1023.6369098072671
1860.T,2024-03-31,16101000000.0,52.19,348516000000.0,304480490.0,1144.6250628406437
1860.T,2025-03-31,25185000000.0,83.59,342225000000.0,300076854.0,1140.4578375111864
1860.T,2026-03-31,36981000000.0,123.34,390814000000.0,296040040.0,1320.138992009324
1861.T,2022-03-31,,,,,
1861.T,2023-03-31,7973000000.0,44.91,169860000000.0,174481440.0,973.5132859976396
1861.T,2024-03-31,8316000000.0,48.09,180012000000.0,172034272.0,1046.3728994650555
1861.T,2025-03-31,9354000000.0,54.4325,181829000000.0,171687040.0,1059.0723679550886
1861.T,2026-03-31,20068000000.0,116.94,187865000000.0,169917537.0,1105.6245477475347
186A.T,2023-04-30,-9264266000.0,-102.362187,14890596000.0,113028400.0,131.74207544298602
186A.T,2024-04-30,-9181329000.0,-101.445804,5401357000.0,113028400.0,47.7876091318642
186A.T,2025-04-30,-21551603000.0,-188.91,6126355000.0,117517800.0,52.13129415288577
186A.T,2026-04-30,-6697239000.0,-49.78,7657749000.0,135905600.0,56.34608875572456
1870.T,2022-03-31,,,,,
1870.T,2023-03-31,4508000000.0,104.83,60432000000.0,43009457.0,1405.0863278743557
1870.T,2024-03-31,6462000000.0,150.23,66531000000.0,43023284.0,1546.3952031183858
1870.T,2025-03-31,5643000000.0,150.23,68827000000.0,43029005.0,1599.548955408102
1870.T,2026-03-31,8468000000.0,196.72,76002000000.0,43181716.0,1760.0504806247163
1871.T,2022-03-31,,,,,
1871.T,2023-03-31,3790000000.0,81.4,47870000000.0,46431753.0,1030.9755050600825
1871.T,2024-03-31,5054000000.0,108.56,52169000000.0,46641626.0,1118.507317905255
1871.T,2025-03-31,8217000000.0,175.92,57878000000.0,46755349.0,1237.8904497108983
1871.T,2026-03-31,9328000000.0,199.33,65483000000.0,46819446.0,1398.6282537388417
1878.T,2022-03-31,,,,,
1878.T,2023-03-31,70361000000.0,206.212,401528000000.0,340951075.0,1177.6704326273205
1878.T,2024-03-31,74685000000.0,222.118,402669000000.0,325123565.0,1238.5106567098574
1878.T,2025-03-31,93858000000.0,285.66,466444000000.0,331370285.0,1407.6216882271142
1878.T,2026-03-31,99030000000.0,299.01,496349000000.0,324357711.0,1530.2518890941365
1879.T,2022-03-31,,,,,
1879.T,2023-03-31,12013000000.0,205.49,102428000000.0,58489917.0,1751.2078192896051
1879.T,2024-03-31,12286000000.0,210.06,113095000000.0,58489749.0,1933.5866871304236
1879.T,2025-03-31,12816000000.0,219.13,122313000000.0,58489648.0,2091.190564183255
1879.T,2026-03-31,15224000000.0,260.3,134547000000.0,58489508.0,2300.361288728912
1882.T,2023-03-31,3160000000.0,66.73,51342000000.0,47521150.0,1080.403146809368
1882.T,2024-03-31,3793000000.0,79.94,54783000000.0,47000915.0,1165.5730532054536
1882.T,2025-03-31,4127000000.0,89.22,55410000000.0,46278131.0,1197.3257952011934
1882.T,2026-03-31,3426000000.0,89.22,53638000000.0,46207588.0,1160.8050175655133
1885.T,2022-03-31,,,,,
1885.T,2023-03-31,4835000000.0,56.14,88627000000.0,87065848.0,1017.9307045857981
1885.T,2024-03-31,10517000000.0,127.73,95632000000.0,79281532.0,1206.2329976166454
1885.T,2025-03-31,14908000000.0,187.94,106543000000.0,79352476.0,1342.655016839046
1885.T,2026-03-31,19361000000.0,248.4,116534000000.0,77316780.0,1507.2277971224357
1887.T,2022-05-31,,,,,
1887.T,2023-05-31,3291000000.0,38.95,77882000000.0,83288154.0,935.0909614349239
1887.T,2024-05-31,-7191000000.0,-86.21,68441000000.0,83519854.0,819.4578501059161
1887.T,2025-05-31,1332000000.0,16.62,66220000000.0,79652654.0,831.359617973307
1887.T,2026-05-31,5450000000.0,68.36,71194000000.0,79797254.0,892.1860895113007
1888.T,2022-03-31,,,,,
1888.T,2023-03-31,5442000000.0,426.78,41322000000.0,12751665.0,3240.518002943145
1888.T,2024-03-31,5092000000.0,399.25,45930000000.0,12756390.0,3600.5484310216293
1888.T,2025-03-31,3690000000.0,290.394528,48321000000.0,12706851.0,3802.751759660989
1888.T,2026-03-31,4367000000.0,343.44,53994000000.0,12727355.0,4242.358290469622
1893.T,2022-03-31,,,,,
1893.T,2023-03-31,684000000.0,2.4,156843000000.0,285157910.0,550.0215652443237
1893.T,2024-03-31,17875000000.0,62.73,173006000000.0,284856749.0,607.3438688300132
1893.T,2025-03-31,12460000000.0,44.12,172059000000.0,281809849.0,610.5499882653144
1893.T,2026-03-31,34692000000.0,125.58,198263000000.0,273083661.0,726.0156073563112
1898.T,2022-03-31,,,,,
1898.T,2023-03-31,1127000000.0,30.73,39660000000.0,36448029.0,1088.124682956107
1898.T,2024-03-31,2740000000.0,75.16,40534000000.0,36468721.0,1111.4730346589342
1898.T,2025-03-31,3887000000.0,106.46,41692000000.0,36609067.0,1138.8435547947727
1898.T,2026-03-31,4666000000.0,127.43,44215000000.0,36632189.0,1206.9985771257077
1899.T,2021-12-31,,,,,
1899.T,2022-12-31,3650000000.0,214.12,77833000000.0,17054804.0,4563.699471421659
1899.T,2023-12-31,3386000000.0,204.636559,79622000000.0,16546408.0,4812.041380824165
1899.T,2024-12-31,5309000000.0,320.775,84659000000.0,16554644.0,5113.912446561822
1899.T,2025-12-31,5548000000.0,335.05,89804000000.0,16561508.0,5422.453076132922
1904.T,2022-03-31,,,,,
1904.T,2023-03-31,1469043000.0,246.01,25256207000.0,5857679.0,4311.640668599286
1904.T,2024-03-31,1962905000.0,335.66,25714575000.0,5897322.0,4360.38171224159
1904.T,2025-03-31,2487400000.0,408.47,27628953000.0,6050786.0,4566.175865416493
1904.T,2026-03-31,3549061000.0,573.67,30731703000.0,6216664.0,4943.439600403046
1911.T,2021-12-31,,,,,
1911.T,2022-12-31,108672000000.0,181.266667,627606000000.0,599483181.0,1046.9117731594874
1911.T,2023-12-31,102170000000.0,168.003333,754154000000.0,613927083.0,1228.4097263062101
1911.T,2024-12-31,116528000000.0,82.94,920416000000.0,613951239.0,1499.1679168188796
1911.T,2025-12-31,106666000000.0,174.13,1004024000000.0,611433861.0,1642.0811211827865
1921.T,2023-03-31,3175138000.0,80.2,41924346000.0,39630046.0,1057.8929431472272
1921.T,2024-03-31,2782159000.0,69.32,51395150000.0,40351218.0,1273.6951335644937
1921.T,2025-03-31,14849605000.0,372.25,62373232000.0,36896907.0,1690.4731879016308
1921.T,2026-03-31,6227471000.0,372.25,72514831000.0,33564195.0,2160.4817574203703
1925.T,2023-03-31,308399000000.0,469.12,2284210000000.0,658871951.0,3466.849661050452
1925.T,2024-03-31,298752000000.0,457.16,2437861000000.0,639822767.0,3810.21296167787
1925.T,2025-03-31,325058000000.0,514.0,2614236000000.0,618583915.0,4226.16226611712
1925.T,2026-03-31,350568000000.0,566.47,2896742000000.0,619347095.0,4677.08983118747
1926.T,2022-03-31,,174.12,,,
1926.T,2023-03-31,9489000000.0,190.59,84502000000.0,49091340.0,1721.321927655672
1926.T,2024-03-31,8181000000.0,168.16,90188000000.0,48038178.0,1877.4234110211257
1926.T,2025-03-31,9919000000.0,,87832000000.0,44524685.0,1972.6585376179528
1926.T,2026-03-31,12487000000.0,1972.7,90004000000.0,42036678.0,2141.0826041011137
1928.T,2023-01-31,184520000000.0,276.58,1632964000000.0,662299105.0,2465.5989834079573
1928.T,2024-01-31,202325000000.0,309.29,1754685000000.0,647950993.0,2708.0520270149505
1928.T,2025-01-31,217705000000.0,335.95,1962285000000.0,648094654.0,3027.7753224608455
1928.T,2026-01-31,232095000000.0,358.07,2139611000000.0,648237426.0,3300.6594716424165
1929.T,2022-03-31,,,,,
1929.T,2023-03-31,3526000000.0,84.56,31847000000.0,41705550.0,763.6153941142126
1929.T,2024-03-31,3066000000.0,73.49,33857000000.0,41728219.0,811.3693996860973
1929.T,2025-03-31,2408000000.0,57.7,34370000000.0,41749027.0,823.2527191591795
1929.T,2026-03-31,4165000000.0,99.75,37693000000.0,41769277.0,902.4096825999645
1930.T,2022-03-31,,80.25,,,
1930.T,2023-03-31,1628000000.0,58.17,40716000000.0,27990991.0,1454.6108781929156
1930.T,2024-03-31,2209000000.0,78.92,41863000000.0,27989760.0,1495.6541249371198
1930.T,2025-03-31,3187000000.0,,43892000000.0,27989385.0,1568.1659314772369
1930.T,2026-03-31,3870000000.0,139.72,46084000000.0,27502538.0,1675.6271730267222
1934.T,2022-03-31,,,,,
1934.T,2023-03-31,6561000000.0,91.67,134431000000.0,71594462.0,1877.6731641617755
1934.T,2024-03-31,7510000000.0,104.83,142344000000.0,71658398.0,1986.424536032748
1934.T,2025-03-31,11982000000.0,169.92,147647000000.0,68661439.0,2150.3627385380023
1934.T,2026-03-31,10325000000.0,150.34,155288000000.0,68686811.0,2260.812486985311
1938.T,2022-03-31,,,,,
1938.T,2023-03-31,2137106000.0,85.07,56783621000.0,24951252.0,2275.782433683087
1938.T,2024-03-31,2770289000.0,111.37,59775898000.0,24751252.0,2415.0656298113727
1938.T,2025-03-31,4733323000.0,191.24,63728896000.0,24751179.0,2574.782235626028
1938.T,2026-03-31,5551331000.0,224.12,69269612000.0,24780549.0,2795.321927694177
1939.T,2022-03-31,,80.176667,,,
1939.T,2023-03-31,3764000000.0,79.746667,55852000000.0,47234565.0,1182.4391735162587
1939.T,2024-03-31,4571000000.0,96.71,61740000000.0,47231703.0,1307.1728537927163
1939.T,2025-03-31,5173000000.0,,64812000000.0,47278541.0,1370.854485547682
1939.T,2026-03-31,7500000000.0,,71091000000.0,47334679.0,1501.8798374020873
1941.T,2022-03-31,,120.98,,,
1941.T,2023-03-31,-6913000000.0,-125.62,199436000000.0,54793117.0,3639.800232573007
1941.T,2024-03-31,7937000000.0,146.41692,211096000000.0,54208216.0,3894.169843183919
1941.T,2025-03-31,19895000000.0,,226570000000.0,54142991.0,4184.6598389808205
1941.T,2026-03-31,18482000000.0,,244270000000.0,52942503.0,4613.873280604054
1942.T,2022-03-31,,99.45,,,
1942.T,2023-03-31,21167000000.0,103.59,298396000000.0,204349559.0,1460.2233616760582
1942.T,2024-03-31,27345000000.0,133.8,333940000000.0,204377116.0,1633.9402695162798
1942.T,2025-03-31,42380000000.0,207.35,367859000000.0,204397016.0,1799.7278394710029
1942.T,2026-03-31,63516000000.0,,390269000000.0,199013920.0,1961.013581361545
1944.T,2022-03-31,,128.65,,,
1944.T,2023-03-31,28722000000.0,140.15,531896000000.0,204676080.0,2598.7208666493907
1944.T,2024-03-31,33553000000.0,165.34,573295000000.0,201290242.0,2848.1013004097836
1944.T,2025-03-31,47250000000.0,,599043000000.0,198749570.0,3014.059351172433
1944.T,2026-03-31,69447000000.0,350.53,661365000000.0,197987702.0,3340.4347508412416
1945.T,2022-03-31,,,,,
1945.T,2023-03-31,2120000000.0,61.91,66258000000.0,34252517.0,1934.3979889127563
1945.T,2024-03-31,2960000000.0,86.7,68547000000.0,33482945.0,2047.2213540356142
1945.T,2025-03-31,2900000000.0,86.65,68426000000.0,33309340.0,2054.2586553801425
1945.T,2026-03-31,4287000000.0,128.96,72451000000.0,33134863.0,2186.5489529864662
1946.T,2022-03-31,,,,,
1946.T,2023-03-31,-5548000000.0,-59.366,117158000000.0,93474950.0,1253.362531886885
1946.T,2024-03-31,9345000000.0,99.96,131095000000.0,93496950.0,1402.1312994701966
1946.T,2025-03-31,10765000000.0,115.66,136629000000.0,92813640.0,1472.0788884047647
1946.T,2026-03-31,17810000000.0,191.87,153116000000.0,92832858.0,1649.3728976867221
1948.T,2022-03-31,,35.088,,,
1948.T,2023-03-31,556000000.0,62.75,18626000000.0,8859745.0,2102.317843233637
1948.T,2024-03-31,899000000.0,101.51,20352000000.0,8850785.0,2299.4570538093512
1948.T,2025-03-31,2737000000.0,309.66,21808000000.0,8733580.0,2497.0287098761332
1948.T,2026-03-31,2832000000.0,,25015000000.0,8733600.0,2864.2255198314556
1950.T,2022-03-31,,,,,
1950.T,2023-03-31,7171000000.0,116.66,177233000000.0,61472219.0,2883.1397805893425
1950.T,2024-03-31,10042000000.0,164.39,185792000000.0,58971829.0,3150.5212429480525
1950.T,2025-03-31,13192000000.0,223.84,195716000000.0,58672134.0,3335.757311980505
1950.T,2026-03-31,18060000000.0,309.26,215747000000.0,58372105.0,3696.06338507066
1951.T,2022-03-31,,,,,
1951.T,2023-03-31,22233000000.0,102.49,303358000000.0,214106838.0,1416.8533935380428
1951.T,2024-03-31,20058000000.0,94.76,313362000000.0,210154510.0,1491.102903287681
1951.T,2025-03-31,26855000000.0,128.97,321143000000.0,206896114.0,1552.194450592726
1951.T,2026-03-31,31031000000.0,151.13,342124000000.0,204075863.0,1676.454995562116
1952.T,2022-03-31,,115.94,,,
1952.T,2023-03-31,5597000000.0,119.865,58210000000.0,46724450.0,1245.8145574747268
1952.T,2024-03-31,7168000000.0,155.19,65593000000.0,45691544.0,1435.5610307237594
1952.T,2025-03-31,9656000000.0,211.62,69294000000.0,45319526.0,1529.0098135624808
1952.T,2026-03-31,12154000000.0,,82668000000.0,45448458.0,1818.9395996669457
1959.T,2022-03-31,,,,,
1959.T,2023-03-31,26349000000.0,371.93,260840000000.0,70845218.0,3681.8293085074565
1959.T,2024-03-31,28017000000.0,395.87,288779000000.0,70728679.0,4082.912392581233
1959.T,2025-03-31,28883000000.0,408.352902,310103000000.0,70730488.0,4384.2904067055215
1959.T,2026-03-31,40053000000.0,566.25,347695000000.0,70734825.0,4915.4712689258795
1961.T,2022-03-31,,,,,
1961.T,2023-03-31,4750000000.0,28.6,90910000000.0,163316094.0,556.6505895003833
1961.T,2024-03-31,8951000000.0,55.193333,104618000000.0,159272283.0,656.8500057225901
1961.T,2025-03-31,17203000000.0,108.77,106380000000.0,155313024.0,684.939339021562
1961.T,2026-03-31,23688000000.0,153.51,121434000000.0,152752368.0,794.9729460167845
1963.T,2023-03-31,30665000000.0,122.28,397343000000.0,240589317.0,1651.540496288952
1963.T,2024-03-31,-7830000000.0,-32.48,386154000000.0,241541322.0,1598.7078186149863
1963.T,2025-03-31,-398000000.0,-1.65,390655000000.0,241678076.0,1616.427135078649
1963.T,2026-03-31,41842000000.0,173.06,429417000000.0,241850699.0,1775.5458296194547
1965.T,2022-03-31,,,,,
1965.T,2023-03-31,2339000000.0,107.43,43373000000.0,21771379.0,1992.2026987817353
1965.T,2024-03-31,4506000000.0,209.44,49182000000.0,21039446.0,2337.609079630709
1965.T,2025-03-31,7256000000.0,344.9,52943000000.0,21040001.0,2516.302161772711
1965.T,2026-03-31,11797000000.0,570.86,66304000000.0,20503530.0,3233.784621477375
1967.T,2022-03-31,,,,,
1967.T,2023-03-31,1866760000.0,72.86,34338237000.0,25315455.0,1356.413977153482
1967.T,2024-03-31,1479470000.0,58.65,37275537000.0,25176627.0,1480.5611967004158
1967.T,2025-03-31,3932952000.0,158.26,41151907000.0,24804391.0,1659.0573419036975
1967.T,2026-03-31,4589297000.0,197.52,42731637000.0,22386289.0,1908.8307579697555
1968.T,2022-03-31,,,,,
1968.T,2023-03-31,10619000000.0,186.136667,88225000000.0,57078588.0,1545.6759371833095
1968.T,2024-03-31,8395000000.0,147.013333,99230000000.0,58127925.0,1707.0968901779997
1968.T,2025-03-31,9753000000.0,160.936667,113659000000.0,62534913.0,1817.5287139201744
1968.T,2026-03-31,11902000000.0,188.77,126416000000.0,63104386.0,2003.2838921846098
1969.T,2023-03-31,12227000000.0,92.345,142469000000.0,132467984.0,1075.497608539132
1969.T,2024-03-31,19612000000.0,147.84,164354000000.0,132738538.0,1238.178470822091
1969.T,2025-03-31,27631000000.0,208.075,180666000000.0,132812542.0,1360.3082757048653
1969.T,2026-03-31,37470000000.0,258.75,209888000000.0,130862824.0,1603.8779661365095
1975.T,2022-03-31,,,,,
1975.T,2023-03-31,2480000000.0,96.58,35380000000.0,25699652.0,1376.6723378199829
1975.T,2024-03-31,3712000000.0,144.35,38756000000.0,25726452.0,1506.4650189618062
1975.T,2025-03-31,6229000000.0,241.95,42027000000.0,25755509.0,1631.7674016848202
1975.T,2026-03-31,9240000000.0,358.13,50857000000.0,25875683.0,1965.4360427896725
1976.T,2022-03-31,,74.63,,,
1976.T,2023-03-31,4680000000.0,94.0,59053000000.0,49799347.0,1185.8187618403913
1976.T,2024-03-31,6243000000.0,126.06,63387000000.0,48792418.0,1299.115776553644
1976.T,2025-03-31,8454000000.0,,68569000000.0,47595353.0,1440.6658566015888
1976.T,2026-03-31,5494000000.0,116.92,69003000000.0,45902096.0,1503.264687521023
1979.T,2022-03-31,,,,,
1979.T,2023-03-31,7917000000.0,117.31,125790000000.0,66402640.0,1894.352393218101
1979.T,2024-03-31,15602000000.0,235.97,144029000000.0,65645770.0,2194.033217981905
1979.T,2025-03-31,11026000000.0,169.44,148052000000.0,62541458.0,2367.2617290118183
1979.T,2026-03-31,15594000000.0,245.14,160975000000.0,62999595.0,2555.175156284735
197A.T,2022-06-30,4480753000.0,44.809553,7356305000.0,100000000.0,73.56305
197A.T,2023-06-30,3034863000.0,30.35,8489871000.0,100000000.0,84.89871
197A.T,2024-06-30,5774086000.0,57.74,13666758000.0,100000000.0,136.66758
197A.T,2025-06-30,6315407000.0,62.07,17417667000.0,102992370.0,169.11609083274809
1980.T,2023-03-31,6626000000.0,51.593333,82241000000.0,128459406.0,640.210028684081
1980.T,2024-03-31,9087000000.0,70.7,93754000000.0,128556924.0,729.2800502911846
1980.T,2025-03-31,17443000000.0,135.61,107018000000.0,128658951.0,831.7959937354067
1980.T,2026-03-31,26772000000.0,207.33,130472000000.0,129378062.0,1008.4553593019502
1982.T,2022-03-31,,,,,
1982.T,2023-03-31,4644000000.0,100.24,63750000000.0,45894698.0,1389.0493407321255
1982.T,2024-03-31,4800000000.0,105.53,68916000000.0,44996422.0,1531.5884449656908
1982.T,2025-03-31,5906000000.0,132.53,70677000000.0,44035094.0,1605.0153089261034
1982.T,2026-03-31,8681000000.0,200.27,79584000000.0,43069038.0,1847.823951860731
2001.T,2022-03-31,,,,,
2001.T,2023-03-31,10260000000.0,132.16,188911000000.0,77964009.0,2423.0539504452627
2001.T,2024-03-31,26367000000.0,338.2,224335000000.0,77975977.0,2876.9758152565373
2001.T,2025-03-31,24757000000.0,317.27,242254000000.0,78052736.0,3103.7220783650687
2001.T,2026-03-31,21803000000.0,262.51,282426000000.0,82661080.0,3416.6744494506966
2002.T,2022-03-31,,,,,
2002.T,2023-03-31,-10381000000.0,-34.91,423876000000.0,297378891.0,1425.373531304211
2002.T,2024-03-31,31743000000.0,106.74,500301000000.0,297426146.0,1682.1016132186307
2002.T,2025-03-31,34684000000.0,117.33,485004000000.0,289721152.0,1674.0372480639592
2002.T,2026-03-31,32589000000.0,113.33,518841000000.0,280703797.0,1848.357612348222
2003.T,2022-03-31,,,,,
2003.T,2023-03-31,3963000000.0,108.825,45498000000.0,36422980.0,1249.1564391491306
2003.T,2024-03-31,4238000000.0,116.38,49617000000.0,36421120.0,1362.3139541013566
2003.T,2025-03-31,3550000000.0,97.49,49351000000.0,36420360.0,1355.0387750148543
2003.T,2026-03-31,3319000000.0,91.15,50033000000.0,36419148.0,1373.81028243714
2004.T,2022-03-31,,,,,
2004.T,2023-03-31,7776000000.0,232.59,112996000000.0,33446130.0,3378.447670926352
2004.T,2024-03-31,12358000000.0,369.44,129609000000.0,33442909.0,3875.530086213493
2004.T,2025-03-31,11599000000.0,356.01,134978000000.0,32472326.0,4156.708700202135
2004.T,2026-03-31,10611000000.0,326.6,149289000000.0,32496840.0,4593.954366024512
2053.T,2022-03-31,,,,,
2053.T,2023-03-31,827000000.0,28.0,61179000000.0,29547478.0,2070.53204337778
2053.T,2024-03-31,3327000000.0,112.57,65568000000.0,29561371.0,2218.0297388778076
2053.T,2025-03-31,3503000000.0,118.49,67419000000.0,29571518.0,2279.862670560233
2053.T,2026-03-31,5551000000.0,190.59,72722000000.0,28696273.0,2534.1966881901353
2060.T,2023-03-31,1030000000.0,27.01,44768000000.0,38179609.0,1172.5630820368015
2060.T,2024-03-31,5084000000.0,132.97,50279000000.0,38264292.0,1313.9926906265507
2060.T,2025-03-31,5387000000.0,140.84,54624000000.0,38224110.0,1429.045699167358
2060.T,2026-03-31,6377000000.0,166.72,61686000000.0,38269144.0,1611.8991321049668
2108.T,2022-03-31,,141.76,,,
2108.T,2023-03-31,1260000000.0,93.59,68134000000.0,13353924.0,5102.170717760562
2108.T,2024-03-31,1811000000.0,138.47,72533000000.0,12843598.0,5647.40503400994
2108.T,2025-03-31,2703000000.0,215.15,73828000000.0,12452824.0,5928.615067554155
2108.T,2026-03-31,5032000000.0,,77515000000.0,12088264.0,6412.417862482156
2109.T,2022-03-31,,,,,
2109.T,2023-03-31,7911000000.0,245.16,107172000000.0,32423796.0,3305.350181699885
2109.T,2024-03-31,8445000000.0,261.72,112163000000.0,32271146.0,3475.6435361793474
2109.T,2025-03-31,6295000000.0,195.06,114613000000.0,32279612.0,3550.631277724156
2109.T,2026-03-31,3961000000.0,126.75,112007000000.0,31116649.0,3599.584261145858
2114.T,2022-03-31,,,,,
2114.T,2023-03-31,1672947000.0,31.15,21450426000.0,53703712.0,399.4216638134809
2114.T,2024-03-31,2370133000.0,44.135,23825317000.0,53703614.0,443.6445748325243
2114.T,2025-03-31,2845000000.0,53.7,23827000000.0,51302432.0,464.4419196345312
2114.T,2026-03-31,3220000000.0,62.77,27899000000.0,51300172.0,543.8383325498402
2117.T,2023-03-31,1062000000.0,43.26,68264000000.0,32760953.0,2083.700068187882
2117.T,2024-03-31,5524000000.0,168.61,71107000000.0,32764909.0,2170.2181440516133
2117.T,2025-03-31,5746000000.0,175.61,73074000000.0,32508950.0,2247.811756454761
2117.T,2026-03-31,6472000000.0,197.88,77197000000.0,32738556.0,2357.9842678461446
2121.T,2022-03-31,,,,,
2121.T,2023-03-31,5161000000.0,70.87,182135000000.0,72973025.0,2495.9222945739198
2121.T,2024-03-31,7082000000.0,99.71,174519000000.0,70310015.0,2482.13572419235
2121.T,2025-03-31,17601000000.0,255.43,180061000000.0,67763246.0,2657.207418900801
2121.T,2026-03-31,17270000000.0,260.72,182387000000.0,65106446.0,2801.3662425990815
2124.T,2021-12-31,,,,,
2124.T,2022-12-31,5029000000.0,31.14,15584000000.0,161533716.0,96.47521511855767
2124.T,2023-12-31,5978000000.0,37.42,17216000000.0,159556216.0,107.89927482361452
2124.T,2024-12-31,5611000000.0,35.22,18094000000.0,158133472.0,114.42232799391137
2124.T,2025-12-31,8400000000.0,52.98,22344000000.0,158402535.0,141.05834859271664
2127.T,2022-03-31,,,,,
2127.T,2023-03-31,9842935000.0,29.76,54445563000.0,330929701.0,164.52304775146186
2127.T,2024-03-31,10727734000.0,33.04,43909642000.0,317162899.0,138.44507708324358
2127.T,2025-03-31,10955000000.0,34.54,47173000000.0,317225147.0,148.70510880400033
2127.T,2026-03-31,12487000000.0,34.54,50184000000.0,317057300.0,158.2805379343103
212A.T,2022-10-31,36806000.0,2.323611,351665000.0,15840000.0,22.201073232323232
212A.T,2023-10-31,722443000.0,45.608775,1074108000.0,15840000.0,67.80984848484849
212A.T,2024-10-31,1082123000.0,71.24,2975952000.0,15840000.0,187.87575757575758
212A.T,2025-10-31,1528819000.0,96.11,5880261000.0,16520250.0,355.9426158805103
2146.T,2022-03-31,,,,,
2146.T,2023-03-31,3831000000.0,6.328,28912000000.0,605441400.0,47.75358936471804
2146.T,2024-03-31,6361000000.0,10.694,33226000000.0,595489575.0,55.796106925969276
2146.T,2025-03-31,8965000000.0,15.02,34989000000.0,591943980.0,59.10863389471416
2146.T,2026-03-31,7117000000.0,12.37,30790000000.0,570041820.0,54.01358096849807
2153.T,2022-05-31,,197.46,,,
2153.T,2023-05-31,3051000000.0,195.32,29860000000.0,15629518.0,1910.487578695645
2153.T,2024-05-31,3032000000.0,193.62,32583000000.0,15680051.0,2077.990690208852
2153.T,2025-05-31,3203000000.0,,34045000000.0,15706028.0,2167.639074627907
2153.T,2026-05-31,3371000000.0,,40267000000.0,17976132.0,2240.025829805878
2154.T,2022-06-30,,78.3,,,
2154.T,2023-06-30,9533000000.0,109.13,64956000000.0,86805135.0,748.2967453480719
2154.T,2024-06-30,11768000000.0,,73198000000.0,86815151.0,843.1477588514475
2154.T,2025-06-30,12559000000.0,144.56,78835000000.0,86916882.0,907.0159695788443
2154.T,2026-06-30,11829000000.0,138.91,80233000000.0,84960173.0,944.3601297751595
2157.T,2022-08-31,3643212000.0,44.68,19508647000.0,81532704.0,239.27388695461394
2157.T,2023-08-31,7104945000.0,87.14,25394514000.0,81532704.0,311.46414572488607
2157.T,2024-08-31,6735312000.0,82.7,30354639000.0,80942481.0,375.0149318996041
2157.T,2025-08-31,5258817000.0,64.01,35105556000.0,82423572.0,425.91645991755854
215A.T,2022-10-31,256751000.0,2.701533,,,
215A.T,2023-10-31,1802769000.0,19.01,6201963000.0,95139000.0,65.1884400718948
215A.T,2024-10-31,2797078000.0,29.31,9095989000.0,97122000.0,93.65528922386277
215A.T,2025-10-31,5310231000.0,53.53,14540646000.0,100314000.0,144.95131287756445
215A.T,2026-04-30,,,15991111000.0,99918997.0,160.04074780694606
2160.T,2021-12-31,,22.72,,,
2160.T,2022-12-31,388825000.0,8.19,20969692000.0,47486452.0,441.59315166355236
2160.T,2023-12-31,8094202000.0,169.5,33794414000.0,49843717.0,678.0075009253424
2160.T,2024-12-31,1098000000.0,,36446000000.0,50154693.0,726.6717792490525
2160.T,2025-12-31,-4244000000.0,-80.9,50152000000.0,55668426.0,900.9056588019931
2168.T,2022-05-31,,,,,
2168.T,2023-05-31,6099000000.0,155.7,53998000000.0,39174206.0,1378.4070058752436
2168.T,2024-05-31,95891000000.0,2447.56,148503000000.0,39184940.0,3789.797815181036
2168.T,2025-05-31,-8658000000.0,-221.8,134934000000.0,38366529.0,3516.971785485208
2168.T,2026-05-31,-3388000000.0,-90.07,126889000000.0,37352427.0,3397.075108399248
2170.T,2021-12-31,,,,,
2170.T,2022-12-31,2058000000.0,18.45,9057000000.0,111561532.0,81.18389768975206
2170.T,2023-12-31,2842000000.0,25.51,10165000000.0,109450832.0,92.87275221443726
2170.T,2024-12-31,3691000000.0,34.38,11285000000.0,106478983.0,105.983356358691
2170.T,2025-12-31,1621000000.0,14.97,13590000000.0,110936752.0,122.5022344263333
2175.T,2022-03-31,,,,,
2175.T,2023-03-31,6406000000.0,73.51,38419000000.0,87152859.0,440.8231748312468
2175.T,2024-03-31,7227000000.0,82.97,44283000000.0,86748768.0,510.47410840462885
2175.T,2025-03-31,6054000000.0,70.96,47317000000.0,84962449.0,556.9166208944848
2175.T,2026-03-31,-14317000000.0,-173.66,26723000000.0,82080449.0,325.570831124474
2181.T,2022-03-31,,,,,
2181.T,2023-03-31,22761000000.0,9.94,169670000000.0,2275275520.0,74.57118863565148
2181.T,2024-03-31,29971000000.0,13.22,192349000000.0,2285777971.0,84.15034287684978
2181.T,2025-03-31,35871000000.0,16.17,189633000000.0,2218555658.0,85.4758812636469
2181.T,2026-03-31,42688000000.0,19.42,219499000000.0,2230672808.0,98.40035670529409
219A.T,2022-10-31,-1412728000.0,-64.223959,4727553000.0,21996900.0,214.9190567761821
219A.T,2023-10-31,-1473500000.0,-106.805848,5269559000.0,21996900.0,239.55916515509003
219A.T,2024-10-31,-812725000.0,-49.43,6623248000.0,22225400.0,298.0035454929945
219A.T,2025-10-31,190608000.0,,7194911000.0,22811000.0,315.4140984612687
2201.T,2022-03-31,,,,,
2201.T,2023-03-31,10059000000.0,104.38,124563000000.0,94180650.0,1322.5965206228668
2201.T,2024-03-31,15154000000.0,167.245909,131200000000.0,90609092.0,1447.9783110507276
2201.T,2025-03-31,17710000000.0,200.85,130864000000.0,85920982.0,1523.0738401011292
2201.T,2026-03-31,17765000000.0,211.07,141954000000.0,83969462.0,1690.5431643708757
2206.T,2021-12-31,,,,,
2206.T,2022-12-31,8099000000.0,126.59,244290000000.0,63590822.0,3841.592108999629
2206.T,2023-12-31,14133000000.0,222.25,262542000000.0,63590071.0,4128.663419797093
2206.T,2024-12-31,8113000000.0,127.53,272004000000.0,63664903.0,4272.432489216233
2206.T,2025-12-31,5036000000.0,79.12,277902000000.0,63661452.0,4365.31042364538
2207.T,2022-03-31,,,,,
2207.T,2023-03-31,700000000.0,41.47,44636000000.0,16904770.0,2640.438172184537
2207.T,2024-03-31,-703000000.0,-41.59,51068000000.0,16916809.0,3018.772630228313
2207.T,2025-03-31,4719000000.0,278.83,54911000000.0,16927783.0,3243.8388417431865
2207.T,2026-03-31,3067000000.0,183.21,62163000000.0,16302551.0,3813.0842222177375
2208.T,2022-03-31,,,,,
2208.T,2023-03-31,1096000000.0,45.64,53540000000.0,24024387.0,2228.568828832136
2208.T,2024-03-31,3071000000.0,127.85,56433000000.0,24024341.0,2348.992632097588
2208.T,2025-03-31,5566000000.0,231.17,61491000000.0,24175206.0,2543.5564023735724
2208.T,2026-03-31,5913000000.0,244.61,67206000000.0,24172056.0,2780.3179009679607
2211.T,2021-12-31,,,,,
2211.T,2022-12-31,3376000000.0,130.99,54917000000.0,25776057.0,2130.543085003265
2211.T,2023-12-31,969000000.0,37.62,55935000000.0,25775880.0,2170.052002104293
2211.T,2024-12-31,1672000000.0,64.9,57912000000.0,25775659.0,2246.770877904615
2211.T,2025-12-31,2031000000.0,51.67,60634000000.0,25775606.0,2352.3792224322488
2212.T,2022-12-31,12368000000.0,59.1,363737000000.0,208635106.0,1743.4122520109343
2212.T,2023-12-31,30168000000.0,146.19,400137000000.0,205954365.0,1942.843017675299
2212.T,2024-12-31,36015000000.0,178.58,412150000000.0,198881338.0,2072.3412470203716
2212.T,2025-12-31,40893000000.0,206.78,459880000000.0,197554710.0,2327.8614820168045
2216.T,2021-12-31,,,,,
2216.T,2022-12-31,1346355000.0,32.026667,12555020000.0,13869428.0,905.2298335591057
2216.T,2023-12-31,2462532000.0,177.09,14533897000.0,13922101.0,1043.944229394687
2216.T,2024-12-31,3260024000.0,77.52,16831176000.0,14046438.0,1198.2522544149626
2216.T,2025-12-31,3378807000.0,80.18,18984916000.0,42138332.0,450.5379092841169
2220.T,2022-03-31,,,,,
2220.T,2023-03-31,1892000000.0,29.926667,64855000000.0,63251007.0,1025.359169380497
2220.T,2024-03-31,2257000000.0,35.686667,69936000000.0,63250230.0,1105.7034891414623
2220.T,2025-03-31,5417000000.0,85.66,75593000000.0,63249990.0,1195.1464340152465
2220.T,2026-03-31,24647000000.0,389.69,102927000000.0,63249150.0,1627.3262170321657
2221.T,2022-03-31,,,,,
2221.T,2023-03-31,3970659000.0,354.26,62061796000.0,11208432.0,5537.063168157687
2221.T,2024-03-31,1957520000.0,188.211639,63806453000.0,10400632.0,6134.863054475921
2221.T,2025-03-31,2909027000.0,279.63,67952167000.0,10404352.0,6531.129185171743
2221.T,2026-03-31,2032337000.0,197.62,69852135000.0,10258687.0,6809.071667748514
2222.T,2022-03-31,,,,,
2222.T,2023-03-31,7018156000.0,45.1,26517538000.0,155595850.0,170.4257407893591
2222.T,2024-03-31,10831000000.0,69.61,35222000000.0,155595530.0,226.36897088238973
2222.T,2025-03-31,12122000000.0,78.0,40081000000.0,154362605.0,259.6548561745249
2222.T,2026-03-31,12557000000.0,81.32,47930000000.0,154433036.0,310.361055130717
2226.T,2022-03-31,,,,,
2226.T,2023-03-31,1164000000.0,109.2,15046000000.0,10668042.0,1410.3806490450638
2226.T,2024-03-31,2208000000.0,207.02,17104000000.0,10667778.0,1603.3329527479855
2226.T,2025-03-31,2590000000.0,242.81,19072000000.0,10667778.0,1787.8137321567808
2226.T,2026-03-31,2594000000.0,243.24,21288000000.0,10667778.0,1995.5420894585545
2229.T,2022-03-31,,,,,
2229.T,2023-03-31,14772000000.0,115.16,174112000000.0,124924559.0,1393.7371594003387
2229.T,2024-03-31,19886000000.0,159.22,191751000000.0,124879300.0,1535.49066979075
2229.T,2025-03-31,20874000000.0,167.11,205179000000.0,124936984.0,1642.259909203507
2229.T,2026-03-31,17329000000.0,139.98,210602000000.0,121587854.0,1732.0973524214023
2264.T,2023-03-31,16875000000.0,46.6425,223025000000.0,361906744.0,616.2499143702058
2264.T,2024-03-31,61307000000.0,174.23,277181000000.0,347165664.0,798.4113313694525
2264.T,2025-03-31,5459000000.0,16.15,266324000000.0,334086520.0,797.1707448717177
2264.T,2026-03-31,22599000000.0,69.005,274753000000.0,322774528.0,851.2226838420162
2267.T,2022-03-31,,,,,
2267.T,2023-03-31,50641000000.0,162.09,498657000000.0,312140646.0,1597.5394630278302
2267.T,2024-03-31,51006000000.0,164.52,549284000000.0,303142435.0,1811.9667079932244
2267.T,2025-03-31,45533000000.0,150.48,574130000000.0,298185267.0,1925.4137059695843
2267.T,2026-03-31,44228000000.0,150.72,606200000000.0,292104288.0,2075.286207369883
2268.T,2021-12-31,,80.83,,,
2268.T,2022-12-31,1232943000.0,127.95,11398348000.0,9635881.0,1182.9066797317234
2268.T,2023-12-31,1201789000.0,124.72,12371826000.0,9635837.0,1283.938904321441
2268.T,2024-12-31,1543640000.0,,13634933000.0,9635837.0,1415.023209711829
2268.T,2025-12-31,1770865000.0,183.78,14981423000.0,9635837.0,1554.7609408502863
2269.T,2022-03-31,,,,,
2269.T,2023-03-31,69424000000.0,247.39,711915000000.0,278781000.0,2553.671161234087
2269.T,2024-03-31,50675000000.0,181.64,746529000000.0,279106362.0,2674.7115137418473
2269.T,2025-03-31,50800000000.0,186.08,748288000000.0,270890628.0,2762.3251698467766
2269.T,2026-03-31,35076000000.0,129.42,772585000000.0,271101956.0,2849.795004798859
2270.T,2023-03-31,9129000000.0,135.18,212878000000.0,67543435.0,3151.7200746453004
2270.T,2024-03-31,19430000000.0,287.67,232085000000.0,67545084.0,3436.0013528149584
2270.T,2025-03-31,13904000000.0,205.93,244680000000.0,67462296.0,3626.914802899682
2270.T,2026-03-31,32897000000.0,524.82,237666000000.0,60577361.0,3923.3468754110963
2281.T,2022-03-31,,193.41,,,
2281.T,2023-03-31,4505000000.0,89.66,113168000000.0,50251033.0,2252.0532065480124
2281.T,2024-03-31,7489000000.0,149.03,119312000000.0,50253758.0,2374.190602820191
2281.T,2025-03-31,7076000000.0,,119381000000.0,50263086.0,2375.1227690237724
2281.T,2026-03-31,4587000000.0,91.28,121930000000.0,50262348.0,2425.871549017169
2282.T,2022-03-31,,,,,
2282.T,2023-03-31,16637000000.0,162.44,492913000000.0,102504445.0,4808.698783745427
2282.T,2024-03-31,28078000000.0,273.7,527503000000.0,102650590.0,5138.8209264067555
2282.T,2025-03-31,26585000000.0,263.05,524293000000.0,98931500.0,5299.55575322319
2282.T,2026-03-31,35066000000.0,361.13,536940000000.0,94133441.0,5704.0303031098165
2288.T,2022-03-31,,,,,
2288.T,2023-03-31,-4987000000.0,-198.77,68331000000.0,25020556.0,2730.994467109364
2288.T,2024-03-31,-9414000000.0,-377.73,62010000000.0,24854896.0,2494.880686686438
2288.T,2025-03-31,5488000000.0,222.06,66201000000.0,24480118.0,2704.2761803680846
2288.T,2026-03-31,9786000000.0,399.89,76119000000.0,24287329.0,3134.1033837026707
2292.T,2023-02-28,10570000000.0,334.3,110092000000.0,31621081.0,3481.601403822975
2292.T,2024-02-29,9073000000.0,286.85,118781000000.0,31635237.0,3754.7055519135197
2292.T,2025-02-28,2667000000.0,84.29,121770000000.0,31650045.0,3847.3878947091544
2292.T,2026-02-28,9236000000.0,291.7,132089000000.0,31673372.0,4170.348518623151
2296.T,2022-03-31,,326.7,,,
2296.T,2023-03-31,16975000000.0,294.07,268684000000.0,56944459.0,4718.351964674913
2296.T,2024-03-31,15553000000.0,273.24,284692000000.0,56714847.0,5019.708507721091
2296.T,2025-03-31,13097000000.0,,285607000000.0,56733763.0,5034.162814125339
2296.T,2026-03-31,20225000000.0,356.43,294808000000.0,56750572.0,5194.802265605358
2305.T,2022-02-28,,,,,
2305.T,2023-02-28,2257664000.0,132.93,29243798000.0,16983944.0,1721.8496481147135
2305.T,2024-02-29,1157440000.0,68.15,29672038000.0,16983944.0,1747.0640506115658
2305.T,2025-02-28,1365115000.0,80.38,29778564000.0,16983820.0,1753.349010999881
2305.T,2026-02-28,1162055000.0,68.42,30229392000.0,16983820.0,1779.893569291243
2317.T,2022-03-31,,,,,
2317.T,2023-03-31,7317000000.0,18.89,34169000000.0,387440812.0,88.1915351757006
2317.T,2024-03-31,7232000000.0,18.67,38097000000.0,387440812.0,98.32985792937065
2317.T,2025-03-31,8480000000.0,23.17,32464000000.0,357455837.0,90.81961081530751
2317.T,2026-03-31,11312000000.0,90.82,39611000000.0,357455827.0,110.8136922328028
2325.T,2021-12-31,,202.4,,,
2325.T,2022-12-31,1726789000.0,181.03,23030399000.0,9541091.0,2413.8119005468034
2325.T,2023-12-31,1997227000.0,209.33,24490916000.0,9541046.0,2566.9005264202688
2325.T,2024-12-31,2115656000.0,,26124427000.0,9515111.0,2745.572489905793
2325.T,2025-12-31,2182473000.0,229.24,28506557000.0,9523112.0,2993.4077221815724
2326.T,2022-03-31,,206.71,,,
2326.T,2023-03-31,3062000000.0,218.12,14151000000.0,14039167.0,1007.965786004255
2326.T,2024-03-31,4377000000.0,315.46,15997000000.0,13753370.0,1163.1331084672338
2326.T,2025-03-31,3183000000.0,,17363000000.0,13602704.0,1276.4373906834994
2326.T,2026-03-31,3427000000.0,253.57,18452000000.0,13443785.0,1372.5301319531666
2327.T,2022-03-31,,,,,
2327.T,2023-03-31,22000000000.0,120.23,200523000000.0,182992310.0,1095.8001459187
2327.T,2024-03-31,24241000000.0,132.48,236829000000.0,182984912.0,1294.2542497711506
2327.T,2025-03-31,27049000000.0,147.84,261173000000.0,182974207.0,1427.3760454116903
2327.T,2026-03-31,30832000000.0,168.5,279203000000.0,182981405.0,1525.8544987125877
2329.T,2022-03-31,,,,,
2329.T,2023-03-31,3133000000.0,23.24,77236000000.0,134845461.0,572.7741922288359
2329.T,2024-03-31,4021000000.0,29.82,81572000000.0,134845215.0,604.9306236042562
2329.T,2025-03-31,8363000000.0,61.96,84866000000.0,134934039.0,628.9443392411903
2329.T,2026-03-31,6965000000.0,50.6,85870000000.0,137594963.0,624.0780776255596
2331.T,2022-03-31,,,,,
2331.T,2023-03-31,23950000000.0,47.32,314891000000.0,506173410.0,622.1010305539361
2331.T,2024-03-31,26630000000.0,54.34,344098000000.0,500627790.0,687.3329984338264
2331.T,2025-03-31,27105000000.0,55.41,338432000000.0,484886885.0,697.9607212927609
2331.T,2026-03-31,33262000000.0,68.49,383633000000.0,485971323.0,789.4148931088265
2337.T,2023-02-28,9409000000.0,20.45,103839000000.0,453388818.0,229.02858623213774
2337.T,2024-02-29,12108000000.0,26.89,105506000000.0,440420018.0,239.55768513682773
2337.T,2025-02-28,15187000000.0,34.86,111712000000.0,426075407.0,262.1883313720569
2337.T,2026-02-28,16628000000.0,41.358052,116654000000.0,402049887.0,290.14807309223295
2353.T,2022-07-31,3125366000.0,,9914242000.0,320847035.0,30.900213866710658
2353.T,2023-07-31,4408623000.0,13.81,11763544000.0,316668380.0,37.14783269488416
2353.T,2024-07-31,5104882000.0,16.1,15858647000.0,317633059.0,49.92757066889565
2353.T,2025-07-31,,15.05,,,
2353.T,2026-07-31,,18.35,,,
2371.T,2022-03-31,,,,,
2371.T,2023-03-31,16152000000.0,79.39,47881000000.0,201103913.0,238.09084212100836
2371.T,2024-03-31,18095000000.0,90.45,51380000000.0,197566973.0,260.0637101424842
2371.T,2025-03-31,20032000000.0,101.33,61811000000.0,197731969.0,312.59993167822046
2371.T,2026-03-31,18803000000.0,95.05,64988000000.0,197836267.0,328.4938650808651
2379.T,2023-02-28,7935516000.0,142.04,38224737000.0,55827100.0,684.6985962014863
2379.T,2024-02-29,9050698000.0,163.44,39691860000.0,54859809.0,723.5143673212569
2379.T,2025-02-28,8951259000.0,168.41,36222600000.0,52316908.0,692.3688991711819
2379.T,2026-02-28,5956060000.0,113.81,37182607000.0,52363455.0,710.0869680963565
2384.T,2022-12-31,11732000000.0,295.39,70380000000.0,39717472.0,1772.0161041468098
2384.T,2023-12-31,10056000000.0,253.2,79575000000.0,39717411.0,2003.5293841282858
2384.T,2024-12-31,9619000000.0,242.19,88217000000.0,39717367.0,2221.1190384297124
2384.T,2025-12-31,11783000000.0,296.69,96719000000.0,39717367.0,2435.1815667941937
2393.T,2022-03-31,,107.81,,,
2393.T,2023-03-31,1514322000.0,97.46,16072636000.0,15537857.0,1034.4178093542757
2393.T,2024-03-31,1578148000.0,101.57,16536597000.0,15537694.0,1064.289012256259
2393.T,2025-03-31,1792234000.0,115.35,17508992000.0,15537775.0,1126.8661053464862
2393.T,2026-03-31,2258159000.0,,18602797000.0,15540723.0,1197.0354918493817
2395.T,2022-03-31,,,,,
2395.T,2023-03-31,6060057000.0,145.56,26211832000.0,41631931.0,629.6088451914469
2395.T,2024-03-31,5531261000.0,132.86,34114417000.0,41631931.0,819.4291300108083
2395.T,2025-03-31,4924848000.0,118.29,40022734000.0,41631836.0,961.3492424403286
2395.T,2026-03-31,4566696000.0,109.69,43120756000.0,41631814.0,1035.7645237365828
2413.T,2022-03-31,,,,,
2413.T,2023-03-31,49028000000.0,72.22,302630000000.0,678918949.0,445.7527668740912
2413.T,2024-03-31,45271000000.0,66.68,351915000000.0,679018449.0,518.2701596963531
2413.T,2025-03-31,40484000000.0,59.62,378436000000.0,679032629.0,557.3163701386727
2413.T,2026-03-31,49100000000.0,72.53,408217000000.0,667425163.0,611.6296217618034
2429.T,2021-12-31,,265.02,,,
2429.T,2022-12-31,5341000000.0,305.5,35484000000.0,17529927.0,2024.1955371519803
2429.T,2023-12-31,6204000000.0,353.61,40317000000.0,17574139.0,2294.109543574226
2429.T,2024-12-31,4981000000.0,,44672000000.0,17892531.0,2496.684230978837
2429.T,2025-12-31,6620000000.0,369.98,49755000000.0,17898731.0,2779.806009710968
2432.T,2022-03-31,,,,,
2432.T,2023-03-31,8857000000.0,76.78,221626000000.0,111339548.0,1990.5415818645142
2432.T,2024-03-31,-28682000000.0,-257.6,209204000000.0,111350607.0,1878.7863455472677
2432.T,2025-03-31,24193000000.0,217.24,241734000000.0,111399457.0,2169.9746705228554
2432.T,2026-03-31,19048000000.0,171.36,232622000000.0,107386632.0,2166.2100362734163
2433.T,2022-03-31,,,,,
2433.T,2023-03-31,31010000000.0,83.16,364121000000.0,369048627.0,986.6477568550878
2433.T,2024-03-31,24923000000.0,67.87,385160000000.0,367105613.0,1049.1803621646068
2433.T,2025-03-31,10768000000.0,29.32,390381000000.0,367385370.0,1062.592666659535
2433.T,2026-03-31,16775000000.0,46.09,389129000000.0,359032040.0,1083.8280616961094
2475.T,2022-03-31,,,,,
2475.T,2023-03-31,3540641000.0,179.75,27607397000.0,19639051.0,1405.739870017141
2475.T,2024-03-31,3548111000.0,180.67,30044716000.0,19639051.0,1529.8456121937868
2475.T,2025-03-31,3051142000.0,155.36,31893929000.0,19638966.0,1624.0126389546172
2475.T,2026-03-31,2755069000.0,141.65,32794101000.0,19182966.0,1709.5427787340082
247A.T,2023-03-31,-264417000.0,-4.65359,303730000.0,56820000.0,5.345476944737769
247A.T,2024-03-31,825117000.0,27.5039,1129177000.0,56820000.0,19.87287926786343
247A.T,2025-03-31,1703320000.0,32.47,3309977000.0,58390000.0,56.68739510190101
247A.T,2026-03-31,2654824000.0,43.43,6049530000.0,64899876.0,93.21327516866134
2492.T,2021-12-31,,,,,
2492.T,2022-12-31,286327000.0,1.25,11337496000.0,228625601.0,49.589792002340104
2492.T,2023-12-31,298425000.0,1.31,10556726000.0,226234151.0,46.662831200935706
2492.T,2024-12-31,655426000.0,2.9,10915003000.0,226299515.0,48.23255144846422
2492.T,2025-12-31,1922566000.0,8.49,12142139000.0,226381664.0,53.63569993018516
2498.T,2022-09-30,2719026000.0,470.05,18719078000.0,5859627.0,3194.585252610789
2498.T,2023-09-30,2831474000.0,474.24,22142632000.0,6062116.0,3652.6242651905704
2498.T,2024-09-30,2597663000.0,,24378882000.0,6012494.0,4054.7037552137267
2498.T,2025-09-30,3819096000.0,318.41,28455746000.0,12032640.0,2364.8796938992605
2501.T,2022-12-31,5450000000.0,13.992,166310000000.0,390132200.0,426.2913955833433
2501.T,2023-12-31,8724000000.0,22.398,182315000000.0,389494235.0,468.0813825139158
2501.T,2024-12-31,7714000000.0,19.8,196030000000.0,389616600.0,503.1356466844585
2501.T,2025-12-31,19498000000.0,50.02,218862000000.0,389842355.0,561.4115480089381
2502.T,2021-12-31,,,,,
2502.T,2022-12-31,151555000000.0,99.7,2060734000000.0,1520020086.0,1355.7281373977844
2502.T,2023-12-31,164073000000.0,107.94,2460548000000.0,1520037777.0,1618.741347900066
2502.T,2024-12-31,192080000000.0,126.66,2668801000000.0,1502852048.0,1775.8241761400586
2502.T,2025-12-31,121574000000.0,81.29,3003052000000.0,1462657552.0,2053.147707673409
2503.T,2021-12-31,,,,,
2503.T,2022-12-31,111007000000.0,135.08,980022000000.0,811794322.0,1207.2294341570919
2503.T,2023-12-31,112697000000.0,139.16,1132581000000.0,809873800.0,1398.4660326090311
2503.T,2024-12-31,58214000000.0,71.87,1181525000000.0,809994362.0,1458.682992660139
2503.T,2025-12-31,147542000000.0,182.13,1286991000000.0,810148119.0,1588.5872840001002
2531.T,2022-03-31,,105.05,,,
2531.T,2023-03-31,21206000000.0,107.26,203950000000.0,197704743.0,1031.588807153706
2531.T,2024-03-31,16176000000.0,82.09,228663000000.0,195256355.0,1171.0912046883186
2531.T,2025-03-31,16202000000.0,82.98,245227000000.0,195255934.0,1255.9259786696164
2531.T,2026-03-31,11696000000.0,,259338000000.0,192873787.0,1344.5995126336168
255A.T,2022-03-31,,,,,
255A.T,2023-03-31,3499060000.0,341.05,29890487000.0,10259776.0,2913.3664321716187
255A.T,2024-03-31,3430655000.0,334.38,33643025000.0,10259740.0,3279.130367826085
255A.T,2025-03-31,4064741000.0,348.9,44406948000.0,13040579.0,3405.2895964205272
255A.T,2026-03-31,5358224000.0,410.41,49515933000.0,13025870.0,3801.3532301489267
256A.T,2022-03-31,,,,,
256A.T,2023-03-31,3038000000.0,158.81,45719000000.0,19132436.0,2389.606843582281
256A.T,2024-03-31,3403000000.0,177.86,48786000000.0,19138916.0,2549.047187416466
256A.T,2025-03-31,3723000000.0,194.46,50361000000.0,19149724.0,2629.8551352489467
256A.T,2026-03-31,4845000000.0,253.01,54328000000.0,19152724.0,2836.567790565979
2573.T,2021-12-31,,,,,
2573.T,2022-12-31,556000000.0,40.88,39835000000.0,13607602.0,2927.4077827967044
2573.T,2023-12-31,1312000000.0,96.48,40852000000.0,13607412.0,3002.1873373129292
2573.T,2024-12-31,1545000000.0,113.57,42117000000.0,13607144.0,3095.2123384598563
2573.T,2025-12-31,1670000000.0,122.77,43368000000.0,13607030.0,3187.1760406201793
2579.T,2021-12-31,,,,,
2579.T,2022-12-31,-8070000000.0,-45.0,476216000000.0,179340193.0,2655.3779832276637
2579.T,2023-12-31,1871000000.0,10.43,469847000000.0,179434394.0,2618.489072947743
2579.T,2024-12-31,7309000000.0,40.76,466203000000.0,177694706.0,2623.61783586282
2579.T,2025-12-31,-50763000000.0,-296.51,379892000000.0,165713902.0,2292.4570323617145
2585.T,2022-03-31,,,,,
2585.T,2023-03-31,2076000000.0,40.6425,8156000000.0,51892160.0,157.17210461079284
2585.T,2024-03-31,3155000000.0,60.68,11341000000.0,52226972.0,217.14833477230883
2585.T,2025-03-31,3392000000.0,64.93,14229000000.0,52264344.0,272.25061889229875
2585.T,2026-03-31,3461000000.0,66.46,16447000000.0,51887981.0,316.97128473740383
2587.T,2022-12-31,82317000000.0,266.4,965220000000.0,309000000.0,3123.6893203883496
2587.T,2023-12-31,82743000000.0,267.637669,1087370000000.0,308999852.0,3518.9984492290305
2587.T,2024-12-31,93495000000.0,302.589263,1209587000000.0,308999728.0,3914.5244813937184
2587.T,2025-12-31,88723000000.0,287.13,1315948000000.0,308999694.0,4258.735608974422
2588.T,2022-03-31,,,,,
2588.T,2023-03-31,6057000000.0,204.35,19623000000.0,29536049.0,664.3745749473804
2588.T,2024-03-31,5777000000.0,195.21,22753000000.0,29787039.0,763.8557159038198
2588.T,2025-03-31,5630000000.0,189.4,25057000000.0,29688805.0,843.9881632150569
2588.T,2026-03-31,8450000000.0,282.8,32061000000.0,21496365.0,1491.4614633683416
2590.T,2022-01-31,,,,,
2590.T,2023-01-31,-507000000.0,-16.2,83592000000.0,31380540.0,2663.816492641618
2590.T,2024-01-31,4423000000.0,140.77,89545000000.0,31485888.0,2843.9725123839607
2590.T,2025-01-31,3804000000.0,120.66,91914000000.0,31601979.0,2908.4887373667325
2590.T,2026-01-31,-30322000000.0,-957.83,64311000000.0,31698877.0,2028.8100427027746
2593.T,2023-04-30,12888000000.0,103.82,170722000000.0,120994342.0,1410.9915982682892
2593.T,2024-04-30,15650000000.0,126.42,181586000000.0,119575809.0,1518.5847498635783
2593.T,2025-04-30,14156000000.0,122.925545,174360000000.0,115159140.0,1514.0786914525413
2593.T,2026-04-30,3466000000.0,26.87,176219000000.0,115230321.0,1529.2763091408901
2594.T,2022-03-31,,,,,
2594.T,2023-03-31,173000000.0,8.08,30249000000.0,21412344.0,1412.6898017330564
2594.T,2024-03-31,180000000.0,8.42,30670000000.0,21413144.0,1432.2978447256507
2594.T,2025-03-31,214000000.0,10.0,30643000000.0,21413153.0,1431.036335471007
2594.T,2026-03-31,988000000.0,46.14,31764000000.0,21423453.0,1482.6741515478386
2602.T,2022-03-31,,,,,
2602.T,2023-03-31,11157000000.0,114.75,162558000000.0,97231740.0,1671.8614723957423
2602.T,2024-03-31,15148000000.0,155.79,182622000000.0,97236651.0,1878.1189821109738
2602.T,2025-03-31,12850000000.0,132.14,187145000000.0,97261455.0,1924.1435366147875
2602.T,2026-03-31,23988000000.0,254.41,210221000000.0,91470969.0,2298.2264460322926
2607.T,2022-03-31,,,,,
2607.T,2023-03-31,6126000000.0,71.27,202820000000.0,85965383.0,2359.3217749056034
2607.T,2024-03-31,6524000000.0,71.27,220477000000.0,85964426.0,2564.746957072685
2607.T,2025-03-31,3863000000.0,25.95,206923000000.0,85973951.0,2406.8104070266586
2607.T,2026-03-31,11142000000.0,129.6,240159000000.0,85982487.0,2793.1153003285426
2612.T,2022-03-31,,,,,
2612.T,2023-03-31,2219000000.0,80.396667,32731000000.0,27609000.0,1185.5192147488137
2612.T,2024-03-31,2255000000.0,81.71,34354000000.0,27609798.0,1244.2684296350158
2612.T,2025-03-31,2357000000.0,85.37,35265000000.0,27609798.0,1277.2639625976258
2612.T,2026-03-31,2724000000.0,98.66,37438000000.0,27612414.0,1355.8394423609614
2613.T,2022-03-31,,59.24,,,
2613.T,2023-03-31,986000000.0,29.82,93849000000.0,33075922.0,2837.381222509837
2613.T,2024-03-31,6792000000.0,205.36,101604000000.0,33074046.0,3072.01604545147
2613.T,2025-03-31,6996000000.0,,105812000000.0,33077104.0,3198.9499443482114
2613.T,2026-03-31,4753000000.0,143.59,110571000000.0,33115266.0,3338.973632281861
262A.T,2022-12-31,1266698000.0,59.136228,4116522000.0,29300000.0,140.4956313993174
262A.T,2023-12-31,2562000000.0,119.607843,6373000000.0,30600000.0,208.26797385620915
262A.T,2024-12-31,3515000000.0,151.31,23057000000.0,30600000.0,753.4967320261438
262A.T,2025-12-31,4119000000.0,134.62,25965000000.0,30600000.0,848.5294117647059
2653.T,2022-02-28,,,,,
2653.T,2023-02-28,4672000000.0,134.78,46289000000.0,34756996.0,1331.7894331259238
2653.T,2024-02-29,7025000000.0,205.2,50176000000.0,33959092.0,1477.54245019272
2653.T,2025-02-28,6035000000.0,177.45,55188000000.0,34043866.0,1621.084984883914
2653.T,2026-02-28,5971000000.0,190.24,60431000000.0,34181024.0,1767.9692685625803
2659.T,2022-02-28,,,,,
2659.T,2023-02-28,7569000000.0,122.475,134007000000.0,61807190.0,2168.1458095732874
2659.T,2024-02-29,10683000000.0,2168.18,142400000000.0,61824190.0,2303.3055507884537
2659.T,2025-02-28,11469000000.0,185.49,150507000000.0,61837452.0,2433.913350763547
2659.T,2026-02-28,10678000000.0,172.67,156414000000.0,61847599.0,2529.0229940858335
2664.T,2022-03-31,,,,,
2664.T,2023-03-31,4177000000.0,187.06,107724000000.0,22334298.0,4823.254350774759
2664.T,2024-03-31,4713000000.0,211.03,111292000000.0,22334247.0,4983.02002301667
2664.T,2025-03-31,4884000000.0,218.72,114408000000.0,22334247.0,5122.536703386508
2664.T,2026-03-31,3200000000.0,143.3,115925000000.0,22334247.0,5190.459297777086
2669.T,2022-02-28,,136.45,,,
2669.T,2023-02-28,1720389000.0,177.86,25912086000.0,9673235.0,2678.7404627304104
2669.T,2024-02-29,1854926000.0,191.73,27507281000.0,9674992.0,2843.1321700317685
2669.T,2025-02-28,1948085000.0,,29083837000.0,9676575.0,3005.5920612406767
2669.T,2026-02-28,1807608000.0,188.95,29885050000.0,9466608.0,3156.891042705053
2670.T,2023-02-28,30256000000.0,122.19,309093000000.0,247617174.0,1248.269637387914
2670.T,2024-02-29,40009000000.0,161.58,339443000000.0,247616751.0,1370.8402142793643
2670.T,2025-02-28,45358000000.0,183.18,367325000000.0,247616690.0,1483.4420086949713
2670.T,2026-02-28,46346000000.0,187.17,398077000000.0,247616620.0,1607.6344148466287
2674.T,2022-03-31,,,,,
2674.T,2023-03-31,1653861000.0,119.13,15277577000.0,13897546.0,1099.300336908401
2674.T,2024-03-31,2093182000.0,150.62,16904650000.0,13897095.0,1216.4160927157798
2674.T,2025-03-31,2314029000.0,166.52,18270332000.0,13896726.0,1314.7220431632602
2674.T,2026-03-31,2519110000.0,181.19,20216691000.0,13913120.0,1453.0666737582944
2676.T,2022-03-31,,,,,
2676.T,2023-03-31,1205328000.0,67.345,16432377000.0,18135220.0,906.1029863437003
2676.T,2024-03-31,1437717000.0,39.615,16835558000.0,18179336.0,926.0821187308492
2676.T,2025-03-31,1458106000.0,79.1,16834558000.0,18598068.0,905.1777851333806
2676.T,2026-03-31,1415475000.0,79.1,17594510000.0,18679534.0,941.9137543795257
2678.T,2022-05-31,,90.83,,,
2678.T,2023-05-31,9787000000.0,100.43,64143000000.0,97456394.0,658.1712842771507
2678.T,2024-05-31,19139000000.0,196.47,78261000000.0,96563825.0,810.4587820542528
2678.T,2025-05-31,9068000000.0,95.45,77787000000.0,93300800.0,833.7227547888122
2678.T,2026-05-31,-22150000000.0,,47803000000.0,89533572.0,533.911458374519
2681.T,2022-03-31,,,,,
2681.T,2023-03-31,5681000000.0,135.93,77210000000.0,39505152.0,1954.428627435733
2681.T,2024-03-31,10902000000.0,275.31,87310000000.0,39702511.0,2199.10524047207
2681.T,2025-03-31,4537000000.0,114.27,90403000000.0,39718011.0,2276.121027309248
2681.T,2026-03-31,8738000000.0,219.77,98066000000.0,39783471.0,2464.993564789759
2685.T,2022-02-28,,,,,
2685.T,2023-02-28,7540000000.0,166.37,59407000000.0,45351000.0,1309.938038852506
2685.T,2024-02-29,13513000000.0,297.75,70142000000.0,45279231.0,1549.0987468404664
2685.T,2025-02-28,9614000000.0,208.93,77102000000.0,46293631.0,1665.4990834484338
2685.T,2026-02-28,9498000000.0,205.86,81443000000.0,46128190.0,1765.5797897121045
268A.T,2021-12-31,,,,,
268A.T,2022-12-31,911000000.0,4.044061,53049000000.0,225249000.0,235.51269927946407
268A.T,2023-12-31,10904000000.0,48.436087,65349000000.0,225248999.0,290.11893633320875
268A.T,2024-12-31,13615000000.0,60.44,81769000000.0,225248999.0,363.01604163843587
268A.T,2025-12-31,11401000000.0,50.19,88396000000.0,226070899.0,391.0100786567846
2695.T,2022-10-31,744000000.0,9.38,51044000000.0,79487486.0,642.1639753457545
2695.T,2023-10-31,863000000.0,10.86,55539000000.0,79491346.0,698.6798286193317
2695.T,2024-10-31,3226000000.0,40.59,58355000000.0,79477206.0,734.2356750688996
2695.T,2025-10-31,3606000000.0,45.37,64970000000.0,79486474.0,817.3717706989996
2698.T,2021-11-30,,,,,
2698.T,2022-11-30,-175000000.0,-10.98,12164000000.0,15963963.0,761.9661859652268
2698.T,2024-02-29,-1166000000.0,-72.98,10679000000.0,15980962.0,668.2326132807274
2698.T,2025-02-28,-163000000.0,-15.83,10419000000.0,15996274.0,651.3391806116849
2698.T,2026-02-28,446000000.0,27.89,10533000000.0,16001234.0,658.2617315639532
2702.T,2022-12-31,19937000000.0,149.96,206723000000.0,132958980.0,1554.7877999665761
2702.T,2023-12-31,25163000000.0,189.26,226672000000.0,132958904.0,1704.8275307684546
2702.T,2024-12-31,31961000000.0,240.39,253044000000.0,132958827.0,1903.1756349655523
2702.T,2025-12-31,33909000000.0,255.04,280468000000.0,132958769.0,2109.4358958753596
2705.T,2022-03-31,,,,,
2705.T,2023-03-31,276000000.0,23.75,3593000000.0,7241881.0,496.141817298572
2705.T,2024-03-31,1402000000.0,179.14,4781000000.0,7246881.0,659.7320971601438
2705.T,2025-03-31,1224000000.0,161.66,4479000000.0,7252381.0,617.5902782824013
2705.T,2026-03-31,1233000000.0,170.0,4108000000.0,7258293.0,565.9732942718074
2726.T,2022-02-28,,,,,
2726.T,2023-02-28,9955000000.0,56.66,55182000000.0,175704000.0,314.06228657287255
2726.T,2024-02-29,12845000000.0,73.65,63444000000.0,173646592.0,365.3627708397525
2726.T,2025-02-28,11848000000.0,68.235,70891000000.0,173646266.0,408.24949267840867
2726.T,2026-02-28,17714000000.0,102.01,83546000000.0,173646306.0,481.12742461679545
2730.T,2022-03-31,,,,,
2730.T,2023-03-31,11393000000.0,112.36,201657000000.0,98450873.0,2048.3007804308654
2730.T,2024-03-31,9021000000.0,85.851739,214607000000.0,105076497.0,2042.3882231247203
2730.T,2025-03-31,14118000000.0,134.33,222517000000.0,104829061.0,2122.6652025434055
2730.T,2026-03-31,15453000000.0,146.36,234430000000.0,105739714.0,2217.04779719756
2733.T,2022-03-31,,,,,
2733.T,2023-03-31,8223000000.0,240.78,102064000000.0,34152946.0,2988.4391232311264
2733.T,2024-03-31,10322000000.0,303.02,109703000000.0,33731476.0,3252.244283647712
2733.T,2025-03-31,10358000000.0,309.55,116524000000.0,33383282.0,3490.489640892708
2733.T,2026-03-31,10130000000.0,302.76,124128000000.0,33476712.0,3707.8910258570195
2734.T,2021-11-30,,83.13,,,
2734.T,2022-11-30,5682000000.0,89.12,72010000000.0,63645114.0,1131.430136176675
2734.T,2023-11-30,6099000000.0,95.46,77178000000.0,63947171.0,1206.9024914331237
2734.T,2024-11-30,5249000000.0,81.9,83984000000.0,64178114.0,1308.6081027560267
2734.T,2025-11-30,5870000000.0,,91713000000.0,64216930.0,1428.1747819461316
2737.T,2022-03-31,,,,,
2737.T,2023-03-31,4906000000.0,721.37,43213000000.0,6801037.0,6353.8839738704555
2737.T,2024-03-31,2096000000.0,308.23,45508000000.0,6800968.0,6691.4004006488485
2737.T,2025-03-31,5588000000.0,821.69,49620000000.0,6800918.0,7296.073853559181
2737.T,2026-03-31,10015000000.0,1472.71,59237000000.0,6800843.0,8710.243715374698
2742.T,2022-02-28,,277.77,,,
2742.T,2023-02-28,6201000000.0,290.27,54803000000.0,21366645.0,2564.885596217843
2742.T,2024-02-29,8589000000.0,402.12,62513000000.0,21359125.0,2926.7584697406846
2742.T,2025-02-28,8913000000.0,,70425000000.0,21382482.0,3293.5839721506604
2742.T,2026-02-28,8987000000.0,420.91,77735000000.0,21346082.0,3641.651896586924
2749.T,2022-03-31,,,,,
2749.T,2023-03-31,2698489000.0,31.18,13584014000.0,85151543.0,159.52751437516523
2749.T,2024-03-31,2929157000.0,34.38,16108120000.0,85357331.0,188.71396060872615
2749.T,2025-03-31,3920895000.0,45.91,19508515000.0,85540918.0,228.0606224029534
2749.T,2026-03-31,4284697000.0,50.07,22931822000.0,85638477.0,267.77475269673465
2751.T,2022-04-30,,,,,
2751.T,2023-04-30,1427000000.0,119.54,13110000000.0,11943635.0,1097.6557806731369
2751.T,2024-04-30,1972000000.0,165.13,13976000000.0,11988693.0,1165.7651088404716
2751.T,2025-04-30,2064000000.0,171.85,16047000000.0,12016048.0,1335.4640394246094
2751.T,2026-04-30,1894000000.0,157.22,17904000000.0,12082276.0,1481.8400109383365
2752.T,2021-12-31,,-11.23,,,
2752.T,2022-12-31,-3402000000.0,-77.21,579000000.0,44134386.0,13.119022432984567
2752.T,2023-12-31,-706000000.0,-15.71,1427000000.0,45337786.0,31.474849698218613
2752.T,2024-12-31,459000000.0,,8572000000.0,51241847.0,167.28514879645147
2752.T,2025-12-31,90000000.0,1.76,8678000000.0,51267463.0,169.26915224964418
2760.T,2022-03-31,,170.243333,,,
2760.T,2023-03-31,8778000000.0,294.83,37847000000.0,29845602.0,1268.093034276876
2760.T,2024-03-31,9986000000.0,333.46,45040000000.0,30006320.0,1501.0171190602514
2760.T,2025-03-31,8874000000.0,,47858000000.0,29468675.0,1624.0295839565233
2760.T,2026-03-31,7842000000.0,265.91,52829000000.0,29449481.0,1793.8856036206546
2767.T,2023-03-31,8221000000.0,126.7,39164000000.0,65398618.0,598.8505750993087
2767.T,2024-03-31,11695000000.0,176.56,47934000000.0,65429150.0,732.6092422108494
2767.T,2025-03-31,11158000000.0,178.77,51350000000.0,62216450.0,825.3444225763444
2767.T,2026-03-31,13050000000.0,209.7,61159000000.0,62252445.0,982.4353083641936
2768.T,2022-03-31,,,,,
2768.T,2023-03-31,111247000000.0,481.94,837713000000.0,230816920.0,3629.339651529879
2768.T,2024-03-31,100765000000.0,450.97,924076000000.0,218003809.0,4238.806671492607
2768.T,2025-03-31,110636000000.0,513.74,968956000000.0,210829285.0,4595.926984242251
2768.T,2026-03-31,103611000000.0,494.95,1090369000000.0,208060241.0,5240.640858432919
277A.T,2024-05-31,260507000.0,9.99,1551997000.0,28728000.0,54.02384433305486
277A.T,2025-05-31,1622909000.0,57.74,5679664000.0,28728000.0,197.70481759955445
277A.T,2026-05-31,3097488000.0,,7633027000.0,28516592.0,267.6696780597064
2780.T,2023-03-31,3706522000.0,338.3,23932771000.0,10956372.0,2184.370063374993
2780.T,2024-03-31,5025116000.0,458.65,28405482000.0,10956285.0,2592.619852440859
2780.T,2025-03-31,4777112000.0,435.94,32774680000.0,10959190.0,2990.611532421648
2780.T,2026-03-31,5488581000.0,499.97,37354709000.0,10989227.0,3399.2117006955996
2782.T,2022-03-31,,188.73,,,
2782.T,2023-03-31,10254000000.0,136.29,97446000000.0,75239602.0,1295.1424171542003
2782.T,2024-03-31,9823000000.0,130.56,102036000000.0,75239559.0,1356.1482995933031
2782.T,2025-03-31,11218000000.0,149.09,108001000000.0,75239484.0,1435.4298336229951
2782.T,2026-03-31,14696000000.0,,92837000000.0,62671538.0,1481.326339876963
2784.T,2022-03-31,,153.57,,,
2784.T,2023-03-31,25786000000.0,127.42,488090000000.0,202369000.0,2411.881266399498
2784.T,2024-03-31,29558000000.0,154.13,479599000000.0,186868869.0,2566.500255320751
2784.T,2025-03-31,27389000000.0,,481787000000.0,181788674.0,2650.2586184219595
2784.T,2026-03-31,41746000000.0,229.64,507355000000.0,181717982.0,2791.9911635382346
278A.T,2023-01-31,-1111632000.0,-136.150991,4499526000.0,9319700.0,482.7973003422857
278A.T,2024-01-31,-353868000.0,-46.6,4541408000.0,9319700.0,487.2912218204449
278A.T,2025-01-31,-474800000.0,-56.73,6773269000.0,9319700.0,726.7689947101302
278A.T,2026-01-31,-2497915000.0,-260.22,4873376000.0,9718000.0,501.47931673183786
2790.T,2022-03-31,,,,,
2790.T,2023-03-31,5639000000.0,197.42,161811000000.0,28562588.0,5665.137906971175
2790.T,2024-03-31,3107000000.0,110.32,159358000000.0,26776510.0,5951.4103966499
2790.T,2025-03-31,183000000.0,6.95,153955000000.0,24582677.0,6262.743475822425
2790.T,2026-03-31,223000000.0,9.09,152840000000.0,24582677.0,6217.3863326601895
2791.T,2022-05-31,,,,,
2791.T,2023-05-31,3116000000.0,223.73,49407000000.0,13928729.0,3547.129102734356
2791.T,2024-05-31,6306000000.0,452.64,55380000000.0,13944329.0,3971.5069832331124
2791.T,2025-05-31,6774000000.0,486.03,60945000000.0,13848893.0,4400.712750109341
2791.T,2026-05-31,3603000000.0,265.32,61090000000.0,13411493.0,4555.048420037948
2792.T,2023-05-31,5336887000.0,191.51,40754924000.0,27865168.0,1462.5759299208244
2792.T,2024-05-31,4876915000.0,175.01,44799721000.0,27864881.0,1607.748513262985
2792.T,2025-05-31,3732755000.0,133.92,44706953000.0,27874777.0,1603.8497097214447
2792.T,2026-05-31,2845786000.0,102.08,49087498000.0,27877777.0,1760.811057495725
2801.T,2022-03-31,,,,,
2801.T,2023-03-31,43733000000.0,9.134,410513000000.0,957391010.0,428.7830110291092
2801.T,2024-03-31,56441000000.0,11.838,491355000000.0,951467115.0,516.4182684337966
2801.T,2025-03-31,61695000000.0,64.99,508539000000.0,942534225.0,539.5443332575005
2801.T,2026-03-31,61615000000.0,65.99,560924000000.0,926539665.0,605.396639980869
2802.T,2022-03-31,,,,,
2802.T,2023-03-31,94065000000.0,87.985,768676000000.0,1058604880.0,726.12172352729
2802.T,2024-03-31,87121000000.0,41.86,815074000000.0,1025133188.0,795.0908326265211
2802.T,2025-03-31,70272000000.0,69.77,746804000000.0,994399768.0,751.0098292782385
2802.T,2026-03-31,134675000000.0,138.36,770819000000.0,958444777.0,804.2393453410201
2805.T,2022-03-31,,,,,
2805.T,2023-03-31,4080000000.0,166.14,62925000000.0,24170468.0,2603.3836001851514
2805.T,2024-03-31,6717000000.0,277.945,72691000000.0,24168710.0,3007.649146354936
2805.T,2025-03-31,7565000000.0,313.04,80266000000.0,24167840.0,3321.190474614198
2805.T,2026-03-31,8409000000.0,347.9,94250000000.0,24175811.0,3898.5248519687716
2809.T,2021-11-30,,,,,
2809.T,2022-11-30,16033000000.0,115.34,267656000000.0,139004106.0,1925.5258546103667
2809.T,2023-11-30,13174000000.0,94.78,281883000000.0,139003042.0,2027.8908716256728
2809.T,2024-11-30,21419000000.0,154.1,302290000000.0,139001679.0,2174.7219326753598
2809.T,2025-11-30,30506000000.0,220.63,324062000000.0,139173442.0,2328.4758596399447
2810.T,2022-03-31,,,,,
2810.T,2023-03-31,13672000000.0,139.63,272286000000.0,97538620.0,2791.5711745767985
2810.T,2024-03-31,17580000000.0,180.53,292209000000.0,96879820.0,3016.2008971527816
2810.T,2025-03-31,12493000000.0,131.86,292823000000.0,94038416.0,3113.8657205795553
2810.T,2026-03-31,7360000000.0,79.72,292809000000.0,90836489.0,3223.4733334970706
2811.T,2021-12-31,,,,,
2811.T,2022-12-31,9116000000.0,105.11,119071000000.0,86075243.0,1383.336205045625
2811.T,2023-12-31,10432000000.0,121.17,132265000000.0,86115799.0,1535.8970309269266
2811.T,2024-12-31,25015000000.0,278.52,185740000000.0,93656968.0,1983.1946727124457
2811.T,2025-12-31,14800000000.0,161.42,190559000000.0,90867678.0,2097.1043190957294
2815.T,2022-03-31,,,,,
2815.T,2023-03-31,6385023000.0,200.48,110763263000.0,31849683.0,3477.688082484212
2815.T,2024-03-31,7353170000.0,230.88,119176039000.0,31848929.0,3741.916690511006
2815.T,2025-03-31,8206402000.0,257.67,127099807000.0,31848669.0,3990.7415597179274
2815.T,2026-03-31,9458109000.0,296.962241,133325972000.0,31849534.0,4186.120022980556
2820.T,2022-06-30,606566000.0,87.06,7685359000.0,6967295.0,1103.062092246704
2820.T,2023-06-30,802500000.0,115.18,8289622000.0,6967260.0,1189.7965627807775
2820.T,2024-06-30,1476234000.0,211.88,9508668000.0,6967180.0,1364.7800114249956
2820.T,2025-06-30,1502590000.0,215.67,10432389000.0,6967126.0,1497.373378922672
2831.T,2022-03-31,,,,,
2831.T,2023-03-31,-1320064000.0,-140.27,33999146000.0,9410561.0,3612.87132616217
2831.T,2024-03-31,1749946000.0,185.96,39258658000.0,9410561.0,4171.765955292145
2831.T,2025-03-31,2459725000.0,261.38,41385778000.0,9410561.0,4397.801363808173
2831.T,2026-03-31,2636706000.0,280.19,49664455000.0,9410561.0,5277.523305996317
285A.T,2024-03-31,-243728000000.0,-470.97,1153019000000.0,539062500.0,2138.9337971014493
285A.T,2025-03-31,272315000000.0,519.96,737565000000.0,539355180.0,1367.494050951731
285A.T,2026-03-31,554490000000.0,1024.07,1398929000000.0,546086129.0,2561.7369233709287
2871.T,2023-03-31,21568000000.0,83.57,224442000000.0,255382706.0,878.8457273218806
2871.T,2024-03-31,24495000000.0,83.57,253403000000.0,255443246.0,992.0129185956242
2871.T,2025-03-31,24731000000.0,97.35,260039000000.0,250564380.0,1037.813116134065
2871.T,2026-03-31,27332000000.0,109.07,286343000000.0,250617484.0,1142.5499746857247
2874.T,2022-09-30,3317000000.0,56.34,83803000000.0,58900684.0,1422.7848355716887
2874.T,2023-09-30,-10731000000.0,-182.52,71880000000.0,58811811.0,1222.2034788216265
2874.T,2024-09-30,3933000000.0,66.79,78247000000.0,58933049.0,1327.7269940674544
2874.T,2025-09-30,1978000000.0,33.56,80717000000.0,58994270.0,1368.2176252032614
2875.T,2022-03-31,,,,,
2875.T,2023-03-31,33126000000.0,324.36,392175000000.0,102128044.0,3840.032420477964
2875.T,2024-03-31,55653000000.0,544.95,462315000000.0,102126867.0,4526.869506336662
2875.T,2025-03-31,63847000000.0,636.18,481192000000.0,99626620.0,4829.954082553438
2875.T,2026-03-31,70188000000.0,713.27,530902000000.0,97342366.0,5453.966467180385
287A.T,2022-03-31,,,,,
287A.T,2023-03-31,2597000000.0,55.767885,34619000000.0,42449980.0,815.5245302824642
287A.T,2024-03-31,378000000.0,8.699455,34144000000.0,42449980.0,804.3348901460024
287A.T,2025-03-31,3914000000.0,92.2,38426000000.0,42449980.0,905.2065513340642
287A.T,2026-03-31,3521000000.0,82.95,41140000000.0,42449980.0,969.1406215032374
2897.T,2023-03-31,44760000000.0,146.94,430427000000.0,304038939.0,1415.696954527262
2897.T,2024-03-31,54170000000.0,178.16,493185000000.0,304076978.0,1621.9083840013695
2897.T,2025-03-31,55019000000.0,184.41,475528000000.0,293835428.0,1618.348077482338
2897.T,2026-03-31,45380000000.0,157.33,517168000000.0,287058295.0,1801.613153175037
2908.T,2022-03-31,,,,,
2908.T,2023-03-31,1406000000.0,49.09,68513000000.0,28463795.0,2407.0226756481347
2908.T,2024-03-31,1110000000.0,39.0,69023000000.0,28466485.0,2424.711024209698
2908.T,2025-03-31,951000000.0,33.44,68596000000.0,28468700.0,2409.5234415340356
2908.T,2026-03-31,1428000000.0,50.18,69620000000.0,28473316.0,2445.096314036623
290A.T,2022-12-31,-6272235000.0,-80.006446,8092159000.0,108249150.0,74.75494264851041
290A.T,2023-12-31,-1520458000.0,-20.601079,7870637000.0,108249150.0,72.7085339700127
290A.T,2024-12-31,-3592954000.0,-42.783047,19872940000.0,108249150.0,183.5851828859626
290A.T,2025-12-31,-371162000.0,-3.205193,38793398000.0,131573900.0,294.841134905935
2910.T,2022-04-30,,,,,
2910.T,2023-04-30,1078000000.0,40.56,29157000000.0,26597847.0,1096.216547151354
2910.T,2024-04-30,1252000000.0,47.2,29138000000.0,26123873.0,1115.378259571236
2910.T,2025-04-30,329000000.0,12.6,28908000000.0,26131064.0,1106.2695342217983
2910.T,2026-04-30,98000000.0,3.79,28612000000.0,26140697.0,1094.5385274156997
2914.T,2022-12-31,442716000000.0,249.45,3540435000000.0,1774854000.0,1994.7753449016088
2914.T,2023-12-31,482289000000.0,271.69,3830156000000.0,1775307972.0,2157.4600353340834
2914.T,2024-12-31,179240000000.0,100.95,3766623000000.0,1775590899.0,2121.3349325688337
2914.T,2025-12-31,510175000000.0,287.36,4086933000000.0,1775388334.0,2301.9938352259105
2918.T,2022-02-28,,186.98,,,
2918.T,2023-02-28,2810000000.0,160.94,50496000000.0,17464337.0,2891.3780122314406
2918.T,2024-02-29,4273000000.0,244.71,53299000000.0,17464185.0,3051.9030805044727
2918.T,2025-02-28,2679000000.0,,56669000000.0,17468205.0,3244.1226788900176
2918.T,2026-02-28,5339000000.0,307.34,59414000000.0,17315882.0,3431.1853129976284
2923.T,2022-04-30,,,,,
2923.T,2023-04-30,1841667000.0,365.14,18260675000.0,5043768.0,3620.443089372866
2923.T,2024-04-30,2295958000.0,455.21,20586489000.0,5043680.0,4081.640587824763
2923.T,2025-04-30,1949451000.0,386.516836,22475846000.0,5043638.0,4456.276600342848
2923.T,2026-04-30,2800711000.0,555.3,24860184000.0,5043611.0,4929.044686435968
2931.T,2022-12-31,-2672000000.0,-23.83,19351000000.0,113084884.0,171.11924525651014
2931.T,2023-12-31,-2652000000.0,-22.76,20213000000.0,117130057.0,172.56885651477143
2931.T,2024-12-31,-650000000.0,-4.7657,31704000000.0,136391304.0,232.44883706075572
2931.T,2025-12-31,-805000000.0,-5.9,30958000000.0,136578438.0,226.66828273435078
2938.T,2022-06-30,2249000000.0,55.652806,7449000000.0,46711260.0,159.46904450875442
2938.T,2023-06-30,2389000000.0,59.136667,9967000000.0,46711260.0,213.37467668395158
2938.T,2024-06-30,1968000000.0,42.03,14150000000.0,48461118.0,291.9866603160084
2938.T,2025-06-30,2020000000.0,41.35,16042000000.0,49212804.0,325.97207832335664
296A.T,2023-03-31,327141000.0,8.72376,2006906000.0,38000000.0,52.813315789473684
296A.T,2024-03-31,574964000.0,15.332373,2343115000.0,38000000.0,61.66092105263158
296A.T,2025-03-31,1014824000.0,,3092260000.0,38000000.0,81.37526315789474
296A.T,2026-03-31,1421215000.0,37.81,2640068000.0,37403000.0,70.58439162634014
2975.T,2021-11-30,,65.0,,,
2975.T,2022-11-30,3709469000.0,107.21,21273773000.0,33460526.0,635.7871660475391
2975.T,2023-11-30,2664239000.0,79.59,23231305000.0,33410942.0,695.3202636429706
2975.T,2024-11-30,3106800000.0,92.98,25499544000.0,33124411.0,769.8112428323631
2975.T,2025-11-30,4184941000.0,,29699792000.0,33934359.0,875.2129957722201
2980.T,2022-03-31,,,,,
2980.T,2023-03-31,1148213000.0,71.12,11094449000.0,16159718.0,686.5496662751169
2980.T,2024-03-31,1388514000.0,85.83,12269871000.0,16146690.0,759.9000785919591
2980.T,2025-03-31,1697053000.0,105.46,13781447000.0,16101239.0,855.924627912175
2980.T,2026-03-31,1840651000.0,114.25,15617694000.0,16115946.0,969.0832917906278
2986.T,2021-12-31,,,,,
2986.T,2022-12-31,3381348000.0,212.75,11417646000.0,17382825.0,656.8348930625488
2986.T,2023-12-31,3293948000.0,183.033333,15212695000.0,18739917.0,811.7802762947135
2986.T,2024-12-31,4713088000.0,253.126667,18131538000.0,18476217.0,981.3447200798735
2986.T,2025-12-31,6135147000.0,291.64,29949217000.0,22889169.0,1308.444924322067
299A.T,2023-03-31,1315467000.0,31.841478,7422484000.0,41313000.0,179.66460920291433
299A.T,2024-03-31,1482540000.0,35.885557,8906944000.0,41313000.0,215.59664028271973
299A.T,2025-03-31,1691530000.0,40.94,10594430000.0,41316100.0,256.42376700608236
299A.T,2026-03-31,2461113000.0,,13246049000.0,42618560.0,310.8047057432255
3001.T,2021-12-31,,,,,
3001.T,2022-12-31,2817000000.0,84.91,69902000000.0,33155234.0,2108.3247369027767
3001.T,2023-12-31,3045000000.0,91.91,74721000000.0,33011690.0,2263.4709098504195
3001.T,2024-12-31,3524000000.0,107.72,86036000000.0,32268042.0,2666.291310764998
3001.T,2025-12-31,5763000000.0,180.73,97645000000.0,31649539.0,3085.195016584602
3002.T,2022-03-31,,,,,
3002.T,2023-03-31,4501000000.0,130.69,115881000000.0,34097648.0,3398.504201814741
3002.T,2024-03-31,5109000000.0,150.555,118763000000.0,33360580.0,3559.980072288911
3002.T,2025-03-31,6279000000.0,189.7,119181000000.0,32470228.0,3670.470068765763
3002.T,2026-03-31,509000000.0,15.83,111850000000.0,31344956.0,3568.357218303321
3003.T,2021-12-31,,,,,
3003.T,2022-12-31,79150000000.0,104.0,686727000000.0,762105042.0,901.0923195020667
3003.T,2023-12-31,94625000000.0,124.36,765656000000.0,760941705.0,1006.1953431767812
3003.T,2024-12-31,102341000000.0,134.42,833065000000.0,761568279.0,1093.8809072955098
3003.T,2025-12-31,114334000000.0,150.5,913354000000.0,759319729.0,1202.8582494529126
3010.T,2022-03-31,,,,,
3010.T,2023-03-31,534189000.0,4.98,2910572000.0,116967515.0,24.883592679557225
3010.T,2024-03-31,3297199000.0,4.98,6884782000.0,124132215.0,55.46329774265286
3010.T,2025-03-31,2610672000.0,16.9,28329421000.0,233753006.0,121.19382541758628
3010.T,2026-03-31,4596358000.0,19.66,32155558000.0,233912926.0,137.46806792541256
3028.T,2022-06-30,5310000000.0,,111328000000.0,38791852.0,2869.8810255308254
3028.T,2023-06-30,5469000000.0,141.48,115699000000.0,38533334.0,3002.569152204686
3028.T,2024-06-30,1733000000.0,44.99,117240000000.0,38541140.0,3041.944270460085
3028.T,2025-06-30,5573000000.0,144.61,121141000000.0,38548687.0,3142.5454257365495
3028.T,2026-06-30,,164.88,,,
3034.T,2022-03-31,,,,,
3034.T,2023-03-31,5656000000.0,152.96,48807000000.0,37125176.0,1314.660434202386
3034.T,2024-03-31,4880000000.0,131.11,52789000000.0,37322076.0,1414.41756884049
3034.T,2025-03-31,5164000000.0,137.97,57122000000.0,37552966.0,1521.104884232047
3034.T,2026-03-31,7408000000.0,197.35,57451000000.0,37577566.0,1528.8643229314
3036.T,2022-03-31,,,,,
3036.T,2023-03-31,5488000000.0,182.4,62522000000.0,30105500.0,2076.7633821062595
3036.T,2024-03-31,1598000000.0,53.05,65746000000.0,30137893.0,2181.506185585037
3036.T,2025-03-31,4805000000.0,159.31,69699000000.0,30232499.0,2305.4329713200354
3036.T,2026-03-31,5598000000.0,186.58,79257000000.0,30061058.0,2636.5339503353475
3038.T,2021-10-31,,,,,
3038.T,2022-10-31,20832000000.0,95.35,97219000000.0,219109480.0,443.7005646674895
3038.T,2023-10-31,20560000000.0,93.59,114450000000.0,220631945.0,518.7372118756421
3038.T,2024-10-31,21443000000.0,97.09,132774000000.0,221228694.0,600.1662695707998
3038.T,2025-10-31,31878000000.0,143.98,161400000000.0,221716965.0,727.9551206196603
3040.T,2021-12-31,,,,,
3040.T,2022-12-31,1587000000.0,85.74,9598000000.0,18520001.0,518.2505119735144
3040.T,2023-12-31,1936000000.0,104.55,11116000000.0,18529901.0,599.8952719715016
3040.T,2024-12-31,1725000000.0,93.11,12272000000.0,18537101.0,662.0236896804953
3040.T,2025-12-31,2298000000.0,118.21,13247000000.0,18541390.0,714.4556044611542
3046.T,2022-08-31,750000000.0,32.17,20405000000.0,23340185.0,874.2432847040416
3046.T,2023-08-31,1762000000.0,75.5,21777000000.0,23340134.0,933.0280623067546
3046.T,2024-08-31,4671000000.0,200.17,25593000000.0,23339936.0,1096.5325697551184
3046.T,2025-08-31,8330000000.0,,31741000000.0,23341621.0,1359.845573707156
3048.T,2022-08-31,5765000000.0,33.22,131557000000.0,171164802.0,768.5984411678285
3048.T,2023-08-31,2936000000.0,17.16,137384000000.0,171171999.0,802.6079078506292
3048.T,2024-08-31,13908000000.0,81.25,152448000000.0,171182581.0,890.557900864925
3048.T,2025-08-31,17476000000.0,102.08,168574000000.0,171218781.0,984.5532073960975
3050.T,2022-02-28,,,,,
3050.T,2023-02-28,18135000000.0,125.03,243352000000.0,139989264.0,1738.3618789509458
3050.T,2024-02-29,21446000000.0,159.49,251273000000.0,133806273.0,1877.8865472174089
3050.T,2025-02-28,17144000000.0,128.01,264298000000.0,133983707.0,1972.6129834577573
3050.T,2026-02-28,17310000000.0,127.02,298176000000.0,138409992.0,2154.295334400424
3064.T,2021-12-31,,,,,
3064.T,2022-12-31,18658000000.0,37.55,72138000000.0,496866988.0,145.18573731447017
3064.T,2023-12-31,21813000000.0,43.9,86460000000.0,496906604.0,173.996480030682
3064.T,2024-12-31,26338000000.0,53.01,103702000000.0,496905905.0,208.69544707865768
3064.T,2025-12-31,32434000000.0,65.27,122520000000.0,496914948.0,246.56130891840266
3076.T,2022-06-30,7738000000.0,163.4,61255000000.0,47360495.0,1293.3775290988829
3076.T,2023-06-30,8243000000.0,174.06,67017000000.0,47360024.0,1415.054181560381
3076.T,2024-06-30,15681000000.0,331.11,80031000000.0,47359506.0,1689.861376510135
3076.T,2025-06-30,21280000000.0,407.13,109543000000.0,53273733.0,2056.2290988694185
3086.T,2023-02-28,14237000000.0,54.32,359385000000.0,264293644.0,1359.7943354248807
3086.T,2024-02-29,29913000000.0,114.06,381898000000.0,262706802.0,1453.7042706644497
3086.T,2025-02-28,41424000000.0,160.35,409646000000.0,256472115.0,1597.2340696765416
3086.T,2026-02-28,28282000000.0,112.93,415586000000.0,248652903.0,1671.349881646063
3087.T,2022-02-28,,,,,
3087.T,2023-02-28,3429000000.0,77.56,96013000000.0,44219161.0,2171.298546347363
3087.T,2024-02-29,5491000000.0,124.89,99154000000.0,43818314.0,2262.8437963176766
3087.T,2025-02-28,6880000000.0,156.97,104002000000.0,43844031.0,2372.090285220353
3087.T,2026-02-28,7234000000.0,170.71,105178000000.0,42022363.0,2502.9054172893607
3088.T,2022-03-31,,,,,
3088.T,2023-03-31,40545000000.0,96.02,482470000000.0,418202130.0,1153.676572618126
3088.T,2024-03-31,52347000000.0,125.31,514727000000.0,417140441.0,1233.9417361837616
3088.T,2025-03-31,54675000000.0,133.85,520796000000.0,403567822.0,1290.4794971488088
3088.T,2026-03-31,55776000000.0,139.94,543521000000.0,397925510.0,1365.88629364325
3091.T,2021-12-31,,,,,
3091.T,2022-12-31,687138000.0,23.075,17875222000.0,29712866.0,601.5987148462891
3091.T,2023-12-31,1003179000.0,33.75,18646629000.0,29730228.0,627.1942818601997
3091.T,2024-12-31,1715000000.0,57.675,20073000000.0,29750882.0,674.7026861254063
3091.T,2025-12-31,1969000000.0,66.17,21716000000.0,29774448.0,729.3502133104197
3092.T,2022-03-31,,,,,
3092.T,2023-03-31,39526000000.0,43.943333,76574000000.0,899570343.0,85.1228595916484
3092.T,2024-03-31,44341000000.0,49.396667,84743000000.0,890852793.0,95.12570501645158
3092.T,2025-03-31,45346000000.0,50.9,98718000000.0,890861922.0,110.81178526339573
3092.T,2026-03-31,47926000000.0,54.11,106788000000.0,884325031.0,120.75650496881616
3093.T,2022-02-28,,,,,
3093.T,2023-02-28,1710000000.0,76.31,6800000000.0,23171600.0,293.462687082463
3093.T,2024-02-29,2241000000.0,95.94,8476000000.0,23408624.0,362.08877548718795
3093.T,2025-02-28,2709000000.0,115.63,10414000000.0,23436084.0,444.35751297017026
3093.T,2026-02-28,3171000000.0,135.29,12732000000.0,23441209.0,543.1460467760004
3097.T,2022-06-30,3727000000.0,102.85,22958000000.0,36329391.0,631.9401280357273
3097.T,2023-06-30,4693000000.0,129.48,24781000000.0,35655194.0,695.0179544668864
3097.T,2024-06-30,5639000000.0,,29412000000.0,35657177.0,824.8549794056888
3097.T,2025-06-30,6157000000.0,81.18,40276000000.0,38518382.0,1045.6306290331718
3099.T,2022-03-31,,,,,
3099.T,2023-03-31,32377000000.0,84.82,547005000000.0,381883000.0,1432.3889777759157
3099.T,2024-03-31,55580000000.0,145.79,594416000000.0,375337614.0,1583.6835367104986
3099.T,2025-03-31,52814000000.0,142.42,601892000000.0,365409825.0,1647.1697223795227
3099.T,2026-03-31,76096000000.0,213.96,619217000000.0,350734231.0,1765.4877832554644
3101.T,2022-03-31,,,,,
3101.T,2023-03-31,-655000000.0,-7.37,189589000000.0,88325792.0,2146.473818202502
3101.T,2024-03-31,2455000000.0,27.87,197032000000.0,88098800.0,2236.4890327677563
3101.T,2025-03-31,2003000000.0,22.73,195312000000.0,88172652.0,2215.1086030620922
3101.T,2026-03-31,11174000000.0,126.65,213314000000.0,88244768.0,2417.2991196486573
3103.T,2022-03-31,,,,,
3103.T,2023-03-31,102000000.0,3.13,42109000000.0,57656343.0,730.3446214061825
3103.T,2024-03-31,-5443000000.0,-94.41,36763000000.0,57655436.0,637.632850439289
3103.T,2025-03-31,-24283000000.0,-421.18,15567000000.0,57654786.0,270.00360386386654
3103.T,2026-03-31,18153000000.0,310.33,53784000000.0,57653848.0,932.8778887404012
3104.T,2022-03-31,,,,,
3104.T,2023-03-31,3399000000.0,98.846667,42919000000.0,34402263.0,1247.5632780320295
3104.T,2024-03-31,2117000000.0,61.736667,43971000000.0,34016322.0,1292.6441606473504
3104.T,2025-03-31,4477000000.0,131.561157,47458000000.0,34029801.0,1394.6011614937154
3104.T,2026-03-31,5612000000.0,165.94,51690000000.0,33717687.0,1533.0233061360348
3105.T,2021-12-31,,,,,
3105.T,2022-12-31,19740000000.0,121.06,263818000000.0,157038166.0,1679.9610357140823
3105.T,2023-12-31,-20045000000.0,-127.61,250634000000.0,157114887.0,1595.2275738199144
3105.T,2024-12-31,10277000000.0,65.4,269788000000.0,157167005.0,1716.568945243946
3105.T,2025-12-31,13920000000.0,89.07,287321000000.0,156198670.0,1839.4586842512808
3106.T,2022-03-31,,,,,
3106.T,2023-03-31,5516000000.0,287.08,101334000000.0,18814000.0,5386.095460827044
3106.T,2024-03-31,6738000000.0,362.5,116848000000.0,17940972.0,6512.91357012318
3106.T,2025-03-31,9014000000.0,103.238,119804000000.0,16928618.0,7077.010066622095
3106.T,2026-03-31,12876000000.0,781.89,132192000000.0,15990992.0,8266.654126273092
3107.T,2023-03-31,19059000000.0,202.79,142994000000.0,93464460.0,1529.9291302811785
3107.T,2024-03-31,4283000000.0,45.82,141932000000.0,93466363.0,1518.535604086788
3107.T,2025-03-31,24751000000.0,271.37,152086000000.0,89820536.0,1693.2208019778461
3107.T,2026-03-31,32030000000.0,362.07,169828000000.0,86913566.0,1953.9872521166603
3110.T,2022-03-31,,,,,
3110.T,2023-03-31,2772000000.0,14.788,103792000000.0,182048275.0,570.1344876791609
3110.T,2024-03-31,7296000000.0,14.788,118190000000.0,182042195.0,649.245082987491
3110.T,2025-03-31,12837000000.0,70.522,129733000000.0,182033915.0,712.6858750469659
3110.T,2026-03-31,41770000000.0,229.468,173594000000.0,182025600.0,953.6790429478051
3116.T,2022-03-31,,210.15,,,
3116.T,2023-03-31,14679000000.0,78.57,400741000000.0,186884185.0,2144.328050016645
3116.T,2024-03-31,58521000000.0,315.17,449597000000.0,178512830.0,2518.569673675556
3116.T,2025-03-31,16719000000.0,,447420000000.0,178642249.0,2504.5587060427124
3116.T,2026-03-31,23271000000.0,130.3,485256000000.0,178659699.0,2716.090997108419
3132.T,2022-03-31,,,,,
3132.T,2023-03-31,41030000000.0,221.63,199792000000.0,181671051.0,1099.7459358563408
3132.T,2024-03-31,48069000000.0,264.88,244313000000.0,179955816.0,1357.6276967897497
3132.T,2025-03-31,25279000000.0,140.93,252412000000.0,178414661.0,1414.7492060644051
3132.T,2026-03-31,27765000000.0,155.54,278931000000.0,178563057.0,1562.086831880348
3139.T,2021-11-30,,198.73,,,
3139.T,2022-11-30,2286794000.0,231.64,22481350000.0,9892934.0,2272.4653778141046
3139.T,2023-11-30,2048000000.0,206.46,24722000000.0,9956148.0,2483.0888411863702
3139.T,2024-11-30,3146000000.0,315.83,27580000000.0,9958343.0,2769.5370605330627
3139.T,2025-11-30,4317000000.0,,32448000000.0,9971107.0,3254.2023668986803
3148.T,2022-05-31,,,,,
3148.T,2023-05-31,12925000000.0,204.46,116408000000.0,63218485.0,1841.3601654642625
3148.T,2024-05-31,13691000000.0,215.61,130241000000.0,64242884.0,2027.321812015787
3148.T,2025-05-31,15685000000.0,242.82,142721000000.0,64602284.0,2209.2252961211093
3148.T,2026-05-31,16990000000.0,263.0,154320000000.0,64602264.0,2388.7707712534657
3150.T,2023-03-31,2465253000.0,108.19,10008945000.0,22918037.0,436.72784889910076
3150.T,2024-03-31,3540502000.0,153.83,12991678000.0,23102007.0,562.361443315293
3150.T,2025-03-31,4558108000.0,197.3,16309093000.0,23102007.0,705.9600059856272
3150.T,2026-03-31,4896882000.0,211.96,19558508000.0,23124402.0,845.7951907253645
3151.T,2022-03-31,,,,,
3151.T,2023-03-31,4831000000.0,92.69,98985000000.0,51786796.0,1911.3945570218323
3151.T,2024-03-31,5843000000.0,115.03,104663000000.0,50196639.0,2085.05991805547
3151.T,2025-03-31,7308000000.0,149.02,105913000000.0,48274929.0,2193.954547297211
3151.T,2026-03-31,7362000000.0,152.29,117222000000.0,48377082.0,2423.0895116824117
3153.T,2022-03-31,,,,,
3153.T,2023-03-31,1916000000.0,90.1,24201000000.0,21196323.0,1141.7546335748893
3153.T,2024-03-31,2657000000.0,125.22,27279000000.0,21236499.0,1284.5337642518195
3153.T,2025-03-31,4011000000.0,188.608942,30612000000.0,21266224.0,1439.4656992233317
3153.T,2026-03-31,5145000000.0,241.62,36094000000.0,21408257.0,1685.984991678678
3156.T,2022-03-31,,,,,
3156.T,2023-03-31,7085000000.0,235.64,80884000000.0,30068075.0,2690.029208720545
3156.T,2024-03-31,7004000000.0,232.95,84323000000.0,30067963.0,2804.4134549453847
3156.T,2025-03-31,7473000000.0,256.59,85943000000.0,28117953.0,3056.516951998604
3156.T,2026-03-31,7691000000.0,273.56,93192000000.0,28117729.0,3314.3501738707278
3159.T,2022-01-31,,,,,
3159.T,2023-01-31,1773000000.0,19.16,44897000000.0,92546177.0,485.1307904377293
3159.T,2024-01-31,2194000000.0,23.71,47024000000.0,92545559.0,508.1173046888182
3159.T,2025-01-31,3908000000.0,42.23,51008000000.0,92545005.0,551.169671447962
3159.T,2026-01-31,3334000000.0,36.03,54429000000.0,92544827.0,588.1366010873844
3167.T,2023-03-31,6465000000.0,49.41,80219000000.0,130574977.0,614.3520132498281
3167.T,2024-03-31,8481000000.0,64.94,89083000000.0,130628223.0,681.9582931936538
3167.T,2025-03-31,9216000000.0,70.55,93466000000.0,130639790.0,715.4481800682626
3167.T,2026-03-31,10749000000.0,82.53,101921000000.0,128896125.0,790.7219864057201
3176.T,2022-09-30,4296933000.0,74.835,38876596000.0,57447176.0,676.7364160772672
3176.T,2023-09-30,4785098000.0,83.215,43538776000.0,57542646.0,756.6349312473396
3176.T,2024-09-30,5207011000.0,90.44,47808282000.0,57589346.0,830.1584463209566
3176.T,2025-09-30,4615401000.0,80.115,51320933000.0,57620346.0,890.6738081718565
3182.T,2022-03-31,,,,,
3182.T,2023-03-31,1807000000.0,49.45,24595000000.0,36558098.0,672.7647592607252
3182.T,2024-03-31,4108000000.0,112.72,29093000000.0,36557962.0,795.8047551994282
3182.T,2025-03-31,3638000000.0,103.13,30455000000.0,34732918.0,876.8339014879199
3182.T,2026-03-31,4527000000.0,130.34,27358000000.0,34732844.0,787.6694462451736
3183.T,2022-03-31,,,,,
3183.T,2023-03-31,2047262000.0,72.04,22782486000.0,28419737.0,801.6430975416838
3183.T,2024-03-31,1835759000.0,64.4,23385447000.0,28562236.0,818.7540709347826
3183.T,2025-03-31,2019052000.0,70.621074,24069262000.0,28589936.0,841.8788345661214
3183.T,2026-03-31,2118327000.0,75.98,23290266000.0,27498836.0,846.9546129152521
3186.T,2022-11-30,13886000000.0,176.3,56301000000.0,79532678.0,707.8977021244023
3186.T,2023-11-30,11556000000.0,144.97,66505000000.0,79910464.0,832.2439474259592
3186.T,2024-11-30,8006000000.0,99.9,72727000000.0,80393959.0,904.6326478336513
3186.T,2025-11-30,12811000000.0,161.65,79194000000.0,78238979.0,1012.2064604140604
3191.T,2022-06-30,,165.0,,,
3191.T,2023-06-30,8528000000.0,131.55,119328000000.0,64769151.0,1842.3585635698698
3191.T,2024-06-30,9091000000.0,145.91,120978000000.0,61805051.0,1957.4128334591942
3191.T,2025-06-30,8327000000.0,145.07,121791000000.0,60259702.0,2021.1019297772166
3191.T,2026-06-30,9002000000.0,,126438000000.0,60272885.0,2097.7592162711308
3196.T,2021-12-31,,,,,
3196.T,2022-12-31,1358380000.0,62.94,10196371000.0,21655345.0,470.8477745332619
3196.T,2023-12-31,1021147000.0,47.21,10284273000.0,21247356.0,484.0260124600915
3196.T,2024-12-31,1849392000.0,87.01,11837562000.0,21261724.0,556.7545698552009
3196.T,2025-12-31,405397000.0,19.07,11340259000.0,21261724.0,533.3649801869312
3197.T,2022-12-31,-6371000000.0,-28.0,157708000000.0,227502196.0,693.2152865900248
3197.T,2023-12-31,4781000000.0,21.01,162290000000.0,227502196.0,713.3557515198667
3197.T,2024-12-31,13965000000.0,61.38,173372000000.0,227502080.0,762.0677577980825
3197.T,2025-12-31,16748000000.0,73.62,187567000000.0,227502080.0,824.4627917248054
319A.T,2022-12-31,148000000.0,18.775107,1323000000.0,8627778.0,153.3419149171432
319A.T,2023-12-31,1613000000.0,204.623294,3013000000.0,8627778.0,349.22085385136245
319A.T,2024-12-31,901000000.0,114.299806,3902000000.0,8627778.0,452.26013001261737
319A.T,2025-12-31,3091000000.0,101.854383,9110000000.0,8845962.0,1029.848421234457
3201.T,2022-11-30,7283000000.0,100.54,106629000000.0,70694858.0,1508.2992316074813
3201.T,2023-11-30,7643000000.0,108.55,113145000000.0,69051130.0,1638.568405759616
3201.T,2024-11-30,8970000000.0,130.1,122798000000.0,68960202.0,1780.7082409648394
3201.T,2025-11-30,9090000000.0,132.27,131651000000.0,67003274.0,1964.844285071801
3221.T,2022-03-31,,,,,
3221.T,2023-03-31,961658000.0,94.05,8789247000.0,10322849.0,851.4361684453585
3221.T,2024-03-31,1809337000.0,175.06,9902113000.0,10188714.0,971.8707385446289
3221.T,2025-03-31,1758418000.0,172.010726,11459015000.0,10222723.0,1120.9356841616466
3221.T,2026-03-31,2025372000.0,197.68,13284991000.0,10256160.0,1295.3182282647697
3222.T,2022-02-28,,,,,
3222.T,2023-02-28,1336000000.0,10.41,150021000000.0,128342545.0,1168.9109016811221
3222.T,2024-02-29,1008000000.0,7.85,150249000000.0,128370297.0,1170.4343100491542
3222.T,2025-02-28,810000000.0,5.44,203326000000.0,195528304.0,1039.8801392968662
3222.T,2026-02-28,-3185000000.0,-16.29,200669000000.0,195584656.0,1025.9956179793573
3231.T,2022-03-31,,,,,
3231.T,2023-03-31,64520000000.0,73.052,653963000000.0,869617185.0,752.0125076645076
3231.T,2024-03-31,68164000000.0,78.458,691284000000.0,863060970.0,800.9677462300259
3231.T,2025-03-31,74835000000.0,86.77,750177000000.0,858769830.0,873.5483872320013
3231.T,2026-03-31,82880000000.0,96.69,801317000000.0,854201807.0,938.0886266376161
3232.T,2023-03-31,3769088000.0,37.78,52467365000.0,99839583.0,525.5166680734234
3232.T,2024-03-31,4750332000.0,47.52,59005994000.0,100042906.0,589.8068774611565
3232.T,2025-03-31,6058649000.0,60.48,62833488000.0,100256081.0,626.7299436928918
3232.T,2026-03-31,6250487000.0,62.24,70141992000.0,100521944.0,697.7779100650898
3245.T,2022-09-30,4199000000.0,103.69,20866000000.0,43064788.0,484.5257800874348
3245.T,2023-09-30,4304000000.0,97.93,23779000000.0,43667510.0,544.5467350897727
3245.T,2024-09-30,3170000000.0,,24691000000.0,43425698.0,568.5803829796818
3245.T,2025-09-30,5320000000.0,122.31,28095000000.0,43516879.0,645.6115568398184
3252.T,2021-12-31,,,,,
3252.T,2022-12-31,3641000000.0,199.16,30904000000.0,18285659.0,1690.067609813789
3252.T,2023-12-31,4709000000.0,267.76,31363000000.0,16442659.0,1907.4165559232238
3252.T,2024-12-31,6087000000.0,334.89,44565000000.0,20538977.0,2169.7770049598867
3252.T,2025-12-31,7369000000.0,357.07,49912000000.0,20680582.0,2413.4717291805423
325A.T,2023-01-31,-12592000.0,-0.594894,608444000.0,21166800.0,28.74520475461572
325A.T,2024-01-31,506653000.0,25.52,1214999000.0,21166800.0,57.40116597690723
325A.T,2025-01-31,1061168000.0,,2291072000.0,21166800.0,108.23894022714818
3276.T,2021-12-31,,,,,
3276.T,2022-12-31,1590053000.0,90.23,7603065000.0,17648520.0,430.804679372548
3276.T,2023-12-31,1817134000.0,102.7,8643366000.0,17731888.0,487.4475859536221
3276.T,2024-12-31,1831529000.0,103.28,9334946000.0,17791792.0,524.6771095345539
3276.T,2025-12-31,1800747000.0,107.24,9255286000.0,16708889.0,553.9139077409635
3284.T,2023-03-31,4557000000.0,128.83,34794000000.0,35379263.0,983.4574564201635
3284.T,2024-03-31,4806000000.0,135.32,38794000000.0,35551663.0,1091.200712608015
3284.T,2025-03-31,5462000000.0,153.63557,42141000000.0,35551663.0,1185.3453943912552
3284.T,2026-03-31,7129000000.0,184.71,53039000000.0,40901663.0,1296.744340199566
3288.T,2022-09-30,77884000000.0,626.24,338094000000.0,120484415.0,2806.1222690088175
3288.T,2023-09-30,92050000000.0,763.72,416604000000.0,120584585.0,3454.869459475272
3288.T,2024-09-30,92921000000.0,782.6,464719000000.0,116489066.0,3989.3787113032568
3288.T,2025-09-30,100670000000.0,782.6,538621000000.0,112534866.0,4786.258864874821
3289.T,2022-03-31,,,,,
3289.T,2023-03-31,48227000000.0,67.21,684630000000.0,709623242.0,964.7795611519725
3289.T,2024-03-31,68545000000.0,96.4,750149000000.0,712357421.0,1053.0514287995325
3289.T,2025-03-31,77562000000.0,108.69,822525000000.0,715069341.0,1150.2730614204868
3289.T,2026-03-31,96697000000.0,135.45,898081000000.0,712734197.0,1260.050385936512
3291.T,2023-03-31,75596000000.0,264.27,967319000000.0,282200850.0,3427.767846907619
3291.T,2024-03-31,37204000000.0,132.57,971818000000.0,280378598.0,3466.091944721116
3291.T,2025-03-31,50697000000.0,181.16,981488000000.0,276330286.0,3551.865465807103
3291.T,2026-03-31,63315000000.0,229.13,1020964000000.0,276330224.0,3694.7243237496887
3299.T,2021-12-31,,,,,
3299.T,2022-12-31,1564000000.0,66.56,24603000000.0,23463675.0,1048.556971574146
3299.T,2023-12-31,3653000000.0,155.27,27843000000.0,23562675.0,1181.6570062609615
3299.T,2024-12-31,6086000000.0,259.51,32075000000.0,23268509.0,1378.4725097770554
3299.T,2025-12-31,6659000000.0,285.15,35801000000.0,23485109.0,1524.4127672560514
3302.T,2021-12-31,,,,,
3302.T,2022-12-31,3659036000.0,139.31,58024392000.0,26112400.0,2222.101070755656
3302.T,2023-12-31,2445306000.0,93.76,64976533000.0,26058492.0,2493.487842657971
3302.T,2024-12-31,3253077000.0,124.48,66536424000.0,26150191.0,2544.395335391623
3302.T,2025-12-31,3742171000.0,145.41,72388597000.0,25601348.0,2827.530683149965
3333.T,2022-02-28,,,,,
3333.T,2023-02-28,3366076000.0,128.9,34987885000.0,26114344.0,1339.795669383845
3333.T,2024-02-29,3113130000.0,119.21,36964030000.0,26114344.0,1415.4684490638556
3333.T,2025-02-28,3555930000.0,136.51,39116311000.0,26040119.0,1502.1556161091275
3333.T,2026-02-28,2268821000.0,87.12,40159043000.0,26041919.0,1542.0923089423632
3349.T,2022-05-31,,292.38,,,
3349.T,2023-05-31,23797000000.0,300.48,211071000000.0,79197800.0,2665.1119096742586
3349.T,2024-05-31,24454000000.0,308.61,231440000000.0,79257632.0,2920.097335232019
3349.T,2025-05-31,30978000000.0,,257462000000.0,79257301.0,3248.4325955030945
3349.T,2026-05-31,32046000000.0,404.33,283699000000.0,79257265.0,3579.469970355399
3350.T,2021-12-31,,,,,
3350.T,2022-12-31,977845000.0,17.1,617518000.0,57172092.0,10.801039080396079
3350.T,2023-12-31,-683923000.0,-6.293,1152088000.0,114670462.0,10.046946527519877
3350.T,2024-12-31,4439000000.0,22.67,16965000000.0,361725360.0,46.90022286521465
3350.T,2025-12-31,-95046000000.0,-131.34,458592000000.0,1142248029.0,401.4819797075789
3355.T,2021-12-31,,,,,
3355.T,2022-12-31,3637204000.0,186.23,34279120000.0,19509914.0,1757.0103076825453
3355.T,2023-12-31,3793475000.0,193.62,39621640000.0,19596114.0,2021.913120121673
3355.T,2024-12-31,3545081000.0,180.78,45122996000.0,19650174.0,2296.31534051556
3355.T,2025-12-31,3944354000.0,200.56,49215010000.0,19720589.0,2495.6156228396626
3360.T,2022-03-31,,,,,
3360.T,2023-03-31,12063000000.0,127.85,128037000000.0,94350225.0,1357.039689094541
3360.T,2024-03-31,13799000000.0,146.15,139527000000.0,94350225.0,1478.8200028139838
3360.T,2025-03-31,15128000000.0,21.54,149076000000.0,94350134.0,1580.0295524752514
3360.T,2026-03-31,13394000000.0,144.19,151070000000.0,92018934.0,1641.727342766218
336A.T,2023-03-31,-4117000000.0,-218.81652,8964000000.0,23624850.0,379.430980514162
336A.T,2024-03-31,-4049000000.0,-215.202353,4848000000.0,23624850.0,205.20765211207691
336A.T,2025-03-31,-1544000000.0,-81.8,8952000000.0,23624850.0,378.9230407812113
336A.T,2026-03-31,-1708000000.0,-72.3,7224000000.0,23624850.0,305.7797192363126
3371.T,2022-03-31,,,,,
3371.T,2023-03-31,2738010000.0,108.68,15328545000.0,25056046.0,611.7703088508059
3371.T,2024-03-31,3257121000.0,129.89,19046246000.0,25090401.0,759.1048863667025
3371.T,2025-03-31,3547728000.0,141.93,21384006000.0,24911267.0,858.4070011372766
3371.T,2026-03-31,4173532000.0,167.14,25620256000.0,25338890.0,1011.1041170311722
3382.T,2023-02-28,280976000000.0,106.05,3474592000000.0,2649674949.0,1311.327640890943
3382.T,2024-02-29,224623000000.0,84.88,3716580000000.0,2622913557.0,1416.9662549805487
3382.T,2025-02-28,173068000000.0,66.62,4036055000000.0,2594832371.0,1555.4203212150385
3382.T,2026-02-28,292760000000.0,118.81,3620448000000.0,2311679726.0,1566.1546706838228
3387.T,2023-02-28,3385000000.0,8.055,29606000000.0,420413066.0,70.4212175936511
3387.T,2024-02-29,5041000000.0,11.985,35969000000.0,420665466.0,85.504998406501
3387.T,2025-02-28,5590000000.0,13.29,40167000000.0,420854368.0,95.4415661428991
3387.T,2026-02-28,4677000000.0,11.11,43769000000.0,421024568.0,103.9583039249149
3391.T,2022-05-31,21388000000.0,88.118,260304000000.0,242766565.0,1072.2399107966123
3391.T,2023-05-31,25258000000.0,103.98,278345000000.0,243008735.0,1145.4115013602288
3391.T,2024-05-31,21743000000.0,99.17,281580000000.0,243157355.0,1158.0155574566108
3391.T,2026-02-28,42670000000.0,144.55,875819000000.0,452977961.0,1933.4693415691365
3395.T,2022-03-31,,,,,
3395.T,2023-03-31,416538000.0,20.15,30350883000.0,20553110.0,1476.7051312429116
3395.T,2024-03-31,969517000.0,47.47,30149136000.0,20431170.0,1475.6441261073155
3395.T,2025-03-31,2540608000.0,123.62,30856550000.0,21882792.0,1410.0828632836249
3395.T,2026-03-31,2705773000.0,125.23,31488163000.0,21437599.0,1468.8288086739565
3397.T,2022-03-31,,,,,
3397.T,2023-03-31,3827000000.0,39.58,69566000000.0,87076727.0,798.904625802024
3397.T,2024-03-31,5459000000.0,60.7,80600000000.0,87302660.0,923.2250197187577
3397.T,2025-03-31,1874000000.0,16.95,87243000000.0,87605969.0,995.8568005794217
3397.T,2026-03-31,2311000000.0,21.65,92411000000.0,87917557.0,1051.109734543693
3399.T,2022-01-31,,,,,
3399.T,2023-01-31,413794000.0,21.125,2461867000.0,9796092.0,251.3111350934638
3399.T,2024-01-31,1432628000.0,73.095,3866659000.0,9801848.0,394.482652658968
3399.T,2025-01-31,2832750000.0,144.5,6668042000.0,9801848.0,680.2841668224196
3399.T,2026-01-31,3688198000.0,187.65,10129838000.0,19699696.0,514.2129096814489
3401.T,2022-03-31,,120.58,,,
3401.T,2023-03-31,-17695000000.0,-92.04,390899000000.0,192315416.0,2032.5931645542134
3401.T,2024-03-31,-11712000000.0,-60.86,409507000000.0,192552792.0,2126.725848773982
3401.T,2025-03-31,28347000000.0,,431377000000.0,192716873.0,2238.3976726313945
3401.T,2026-03-31,-88003000000.0,-456.33,364461000000.0,192915902.0,1889.2221751631444
3402.T,2023-03-31,72823000000.0,45.49,1535028000000.0,1601023403.0,958.7792390315234
3402.T,2024-03-31,21897000000.0,13.67,1736034000000.0,1601642702.0,1083.9084134259053
3402.T,2025-03-31,77911000000.0,48.93,1708984000000.0,1563712929.0,1092.9013684710667
3402.T,2026-03-31,79521000000.0,52.96,1800058000000.0,1456137307.0,1236.1869937310796
3405.T,2021-12-31,,,,,
3405.T,2022-12-31,54307000000.0,161.13,647090000000.0,334692603.0,1933.3860210827545
3405.T,2023-12-31,42446000000.0,126.8,714626000000.0,334756346.0,2134.7646087641306
3405.T,2024-12-31,31724000000.0,96.33,764279000000.0,323867418.0,2359.851462427752
3405.T,2025-12-31,7468000000.0,23.62,742848000000.0,307039195.0,2419.3914395847737
3407.T,2023-03-31,-91947000000.0,-66.3,1660296000000.0,1386068032.0,1197.84596547134
3407.T,2024-03-31,43806000000.0,31.6,1813391000000.0,1386170139.0,1308.2023259483879
3407.T,2025-03-31,134997000000.0,99.403655,1859421000000.0,1358068782.0,1369.1655567412931
3407.T,2026-03-31,158794000000.0,116.97,2088459000000.0,1356440705.0,1539.661108887174
3431.T,2022-03-31,,,,,
3431.T,2023-03-31,3077000000.0,113.055,35507000000.0,27221816.0,1304.3582397294877
3431.T,2024-03-31,4354000000.0,159.98,39711000000.0,27219284.0,1458.9288976153819
3431.T,2025-03-31,4851000000.0,181.78,40724000000.0,26519016.0,1535.6527557432748
3431.T,2026-03-31,3264000000.0,123.09,42841000000.0,26518992.0,1615.4837257766058
3433.T,2022-03-31,,,,,
3433.T,2023-03-31,7350000000.0,120.83,53838000000.0,60847155.0,884.8071861371333
3433.T,2024-03-31,6326000000.0,884.83,55458000000.0,59437574.0,933.0461569646163
3433.T,2025-03-31,8051000000.0,1020.04,60645000000.0,59455338.0,1020.0093387745941
3433.T,2026-03-31,10060000000.0,169.19,66757000000.0,59468698.0,1122.5569458406505
3436.T,2021-12-31,,,,,
3436.T,2022-12-31,70205000000.0,200.49,533551000000.0,350167199.0,1523.703537977582
3436.T,2023-12-31,63884000000.0,182.59,572154000000.0,349687178.0,1636.188101812529
3436.T,2024-12-31,19877000000.0,56.84,592113000000.0,349708021.0,1693.1639094431866
3436.T,2025-12-31,-11751000000.0,-33.6,578377000000.0,349712421.0,1653.8646192381025
3443.T,2022-03-31,,,,,
3443.T,2023-03-31,4231000000.0,79.98,75615000000.0,52901280.0,1429.3604994056855
3443.T,2024-03-31,7541000000.0,144.686667,81899000000.0,51676983.0,1584.8254918442124
3443.T,2025-03-31,11107000000.0,214.32,91061000000.0,52153011.0,1746.0353343740785
3443.T,2026-03-31,8782000000.0,168.03,98954000000.0,52318167.0,1891.3888936514156
3445.T,2021-12-31,,,,,
3445.T,2022-12-31,7739192000.0,299.29,47116599000.0,26277426.0,1793.0446840569543
3445.T,2023-12-31,7703340000.0,292.76,56257503000.0,26358168.0,2134.347994139805
3445.T,2024-12-31,9446000000.0,358.21,68555000000.0,26420628.0,2594.7528575021
3445.T,2025-12-31,9297000000.0,351.4,80213000000.0,26557360.0,3020.3679883843874
3449.T,2021-12-31,,,,,
3449.T,2022-12-31,2413428000.0,132.16,22273779000.0,18312464.0,1216.317967915186
3449.T,2023-12-31,966355000.0,52.76,22440481000.0,18321164.0,1224.8392623962102
3449.T,2024-12-31,1313086000.0,71.67,23358975000.0,18324214.0,1274.7599978913147
3449.T,2025-12-31,3123183000.0,170.41,25688016000.0,18333090.0,1401.1831066121424
3465.T,2023-03-31,11845842000.0,375.385,50989267000.0,31513644.0,1618.0060611207007
3465.T,2024-03-31,6743000000.0,217.445,54394000000.0,31546018.0,1724.2746770765173
3465.T,2025-03-31,8862000000.0,285.22,60143000000.0,30964312.0,1942.3328378812357
3465.T,2026-03-31,15355000000.0,495.15,73329000000.0,31045460.0,2361.987871978705
3475.T,2021-10-31,,,,,
3475.T,2022-10-31,2858315000.0,99.58,11471948000.0,28742162.0,399.1330923540129
3475.T,2023-10-31,1030138000.0,35.79,11608347000.0,28792887.0,403.16717806033137
3475.T,2024-10-31,3320097000.0,115.26,13937058000.0,28812167.0,483.7212695594885
3475.T,2025-10-31,1521328000.0,53.3,14202445000.0,28655654.0,495.62452840894855
3479.T,2022-02-28,,,,,
3479.T,2023-02-28,-4936000000.0,-118.28,32867000000.0,41773440.0,786.7917988080465
3479.T,2024-02-29,7321000000.0,166.78,40233000000.0,41845940.0,961.4552809663255
3479.T,2025-02-28,3789000000.0,90.73,41451000000.0,40109478.0,1033.4465085783465
3479.T,2026-02-28,12293000000.0,319.84,50204000000.0,38041228.0,1319.7260614194684
3480.T,2021-10-31,,,,,
3480.T,2022-10-31,4303897000.0,204.8,26777710000.0,20963884.0,1277.3258047029835
3480.T,2023-10-31,4775251000.0,227.41,31021048000.0,20965454.0,1479.6268184795808
3480.T,2024-10-31,7452754000.0,354.76,37897267000.0,21092542.0,1796.7140707838819
3480.T,2025-10-31,5151212000.0,244.4,41629347000.0,21065822.0,1976.1558319442745
3482.T,2021-12-31,,,,,
3482.T,2022-12-31,4843000000.0,301.69,14767000000.0,16074050.0,918.6857077090092
3482.T,2023-12-31,4883000000.0,301.48,19292000000.0,16453030.0,1172.549980155631
3482.T,2024-12-31,6871000000.0,416.73,25641000000.0,16559899.0,1548.379008833327
3482.T,2025-12-31,7976000000.0,479.56,32925000000.0,16840899.0,1955.0619001990333
3486.T,2021-12-31,,,,,
3486.T,2022-12-31,1458850000.0,91.78,6438812000.0,15922706.0,404.3792556365733
3486.T,2023-12-31,2878780000.0,180.375,8929133000.0,15992820.0,558.3213592099455
3486.T,2024-12-31,3413613000.0,213.28,11604890000.0,16011748.0,724.7734600869312
3486.T,2025-12-31,4611700000.0,288.03,14970421000.0,15918996.0,940.4123853036963
3491.T,2021-10-31,,,,,
3491.T,2022-10-31,384000000.0,10.69,19301000000.0,36622113.0,527.0313048294073
3491.T,2023-10-31,1010000000.0,27.53,20558000000.0,36750485.0,559.3939780658677
3491.T,2024-10-31,1702000000.0,46.23,22701000000.0,36915784.0,614.9402109406643
3491.T,2025-10-31,3890000000.0,98.8,30835000000.0,41044905.0,751.2503683465707
3496.T,2022-09-30,597669000.0,50.97,1766369000.0,5882524.0,300.27399803213723
3496.T,2023-09-30,878897000.0,149.22,2572400000.0,5899324.0,436.0499609785799
3496.T,2024-09-30,1288023000.0,109.07,3747085000.0,5908524.0,634.1829194567035
3496.T,2025-09-30,1831836000.0,153.62,6827165000.0,12272174.0,556.3125979145993
3498.T,2022-08-31,1018434000.0,66.425,9277649000.0,16097298.0,576.3482169492048
3498.T,2023-08-31,2050691000.0,126.61,11184454000.0,16352658.0,683.9532753635525
3498.T,2024-08-31,5020000000.0,270.84,27030000000.0,19677312.0,1373.663232051207
3498.T,2025-08-31,10250000000.0,520.37,36613000000.0,19768676.0,1852.0714285569757
3539.T,2022-07-31,4266000000.0,159.9,35700000000.0,26679116.0,1338.1252962054664
3539.T,2023-07-31,4416000000.0,165.56,39030000000.0,26679116.0,1462.9420255153882
3539.T,2024-07-31,5465000000.0,204.86,43581000000.0,26678941.0,1633.5356039806827
3539.T,2025-07-31,,126.025,,,
3543.T,2022-02-28,,,,,
3543.T,2023-02-28,5424000000.0,117.6,40543000000.0,46157061.0,878.3704837706197
3543.T,2024-02-29,5972000000.0,130.12,43110000000.0,45824541.0,940.7622871770827
3543.T,2025-02-28,5814000000.0,127.66,45618000000.0,45491595.0,1002.7786451541214
3543.T,2026-02-28,6461000000.0,141.98,49860000000.0,45510203.0,1095.5785013747357
3549.T,2022-05-31,,,,,
3549.T,2023-05-31,12326000000.0,130.31,98543000000.0,94596075.0,1041.7239827339558
3549.T,2024-05-31,12307000000.0,130.11,117418000000.0,94595829.0,1241.2598022688717
3549.T,2025-05-31,17786000000.0,175.42,145757000000.0,100947791.0,1443.8849880330715
3549.T,2026-05-31,17133000000.0,176.95,141036000000.0,94963067.0,1485.16685965924
3561.T,2022-03-31,,,,,
3561.T,2023-03-31,1628442000.0,57.05,7640101000.0,29988359.0,254.76889215578618
3561.T,2024-03-31,2186013000.0,72.87,9269725000.0,30097219.0,307.99274178787084
3561.T,2025-03-31,1758015000.0,58.35,10661526000.0,30081502.0,354.4213317539796
3561.T,2026-03-31,1829106000.0,60.78,12112878000.0,30105742.0,402.3444431298189
3563.T,2022-09-30,3607000000.0,15.58,65117000000.0,231349472.0,281.4659546748393
3563.T,2023-09-30,8045000000.0,34.77,72268000000.0,231372600.0,312.3446769410034
3563.T,2024-09-30,14633000000.0,63.73,76568000000.0,226246840.0,338.4268262045118
3563.T,2025-09-30,22937000000.0,101.355,97869000000.0,226509106.0,432.0753444676083
3569.T,2022-03-31,,,,,
3569.T,2023-03-31,11023000000.0,205.43,105074000000.0,53562719.0,1961.7002639466455
3569.T,2024-03-31,12156000000.0,226.53,124143000000.0,55323707.0,2243.938570493839
3569.T,2025-03-31,13887000000.0,242.29,143369000000.0,58630705.0,2445.2886930150335
3569.T,2026-03-31,15599000000.0,265.48,161279000000.0,58807798.0,2742.4764314419663
3591.T,2022-03-31,,,,,
3591.T,2023-03-31,-1643000000.0,-27.44,210197000000.0,58012815.0,3623.2856481796307
3591.T,2024-03-31,-8632000000.0,-151.62,211829000000.0,55068331.0,3846.657346488311
3591.T,2025-03-31,7218000000.0,129.65,192047000000.0,51659090.0,3717.5838753644325
3591.T,2026-03-31,13124000000.0,261.65,209598000000.0,49437079.0,4239.692235862074
3608.T,2022-02-28,,,,,
3608.T,2023-02-28,3063000000.0,35.21,98480000000.0,84265630.0,1168.68526349355
3608.T,2024-02-29,4849000000.0,59.97,97084000000.0,75419900.0,1287.2464694331336
3608.T,2025-02-28,15230000000.0,210.02,107906000000.0,69450873.0,1553.7025718884772
3608.T,2026-02-28,3793000000.0,60.48,99320000000.0,58260097.0,1704.7688746553238
3612.T,2022-03-31,239000000.0,-3.895,78592000000.0,67659930.0,1161.57377047242
3612.T,2023-03-31,5686000000.0,76.365,82420000000.0,67941930.0,1213.0947707844036
3612.T,2025-02-28,11039000000.0,159.585,81188000000.0,68140714.0,1191.4756279190149
3612.T,2026-02-28,12013000000.0,,94659000000.0,72789540.0,1300.447839071383
3626.T,2022-03-31,,,,,
3626.T,2023-03-31,55461000000.0,227.11,297038000000.0,241999354.0,1227.4330286022168
3626.T,2024-03-31,48873000000.0,203.28,312409000000.0,234309060.0,1333.3201883017243
3626.T,2025-03-31,50012000000.0,215.0,343348000000.0,232367491.0,1477.6077261169032
3626.T,2026-03-31,46624000000.0,204.91,324730000000.0,220074254.0,1475.5474304595393
3632.T,2022-06-30,10122000000.0,54.58,90876000000.0,173231335.0,524.5933133286769
3632.T,2023-06-30,9277000000.0,54.07,92497000000.0,170655431.0,542.0102920720993
3632.T,2024-06-30,4629000000.0,27.1,95432000000.0,171034926.0,557.9679088468749
3632.T,2025-06-30,1194000000.0,6.98,93528000000.0,171348787.0,545.8340361639093
3635.T,2022-03-31,,,,,
3635.T,2023-03-31,30935000000.0,98.2,142684000000.0,315369572.0,452.4342633790935
3635.T,2024-03-31,33792000000.0,107.06,175550000000.0,315838288.0,555.8224150455121
3635.T,2025-03-31,37628000000.0,119.14,189420000000.0,315851274.0,599.7126356374931
3635.T,2026-03-31,42830000000.0,131.77,272535000000.0,334086800.0,815.7610537141844
3636.T,2022-09-30,7707000000.0,474.67,63052000000.0,16251080.0,3879.865215111857
3636.T,2023-09-30,6287000000.0,392.27,65800000000.0,15902451.0,4137.72694536207
3636.T,2024-09-30,5003000000.0,316.44,67630000000.0,15740829.0,4296.470027086883
3636.T,2025-09-30,6386000000.0,405.55,71923000000.0,15749833.0,4566.588102870678
3659.T,2021-12-31,,,,,
3659.T,2022-12-31,100339000000.0,114.74,858193000000.0,860818328.0,996.950195047427
3659.T,2023-12-31,70609000000.0,82.89,896267000000.0,841643715.0,1064.9007222729633
3659.T,2024-12-31,134848000000.0,161.79,1019013000000.0,822993201.0,1238.179123183303
3659.T,2025-12-31,92052000000.0,114.48,1057544000000.0,791407445.0,1336.2826021936146
3660.T,2022-06-30,-571000000.0,-8.0,8455000000.0,71453233.0,118.3291454425862
3660.T,2023-06-30,275000000.0,3.69,10535000000.0,76870026.0,137.04951784457572
3660.T,2024-06-30,1214000000.0,15.65,11990000000.0,78770026.0,152.2152601549224
3660.T,2025-06-30,2327000000.0,28.97,16856000000.0,89060959.0,189.26362560277394
3661.T,2022-03-31,,,,,
3661.T,2023-03-31,1093000000.0,15.125,6194000000.0,72314086.0,85.65412829804694
3661.T,2024-03-31,1481000000.0,20.53,6380000000.0,71918232.0,88.71185821141988
3661.T,2025-03-31,1664000000.0,23.29,7738000000.0,71326472.0,108.48707055074867
3661.T,2026-03-31,2969000000.0,41.85,9388000000.0,70210672.0,133.71186648092473
3663.T,2021-12-31,,37.49,,,
3663.T,2022-12-31,1047911000.0,29.83,8224792000.0,34947572.0,235.34659289063057
3663.T,2023-12-31,626428000.0,18.46,6587106000.0,32443210.0,203.0349647892425
3663.T,2024-12-31,963788000.0,30.47,5264919000.0,30885799.0,170.4640699112236
3663.T,2025-12-31,1681102000.0,,4334013000.0,29631416.0,146.2641204861759
3668.T,2022-09-30,2414000000.0,18.84,76567000000.0,128205479.0,597.2209658839931
3668.T,2023-09-30,1746000000.0,13.61,76053000000.0,128276321.0,592.8841691679012
3668.T,2024-09-30,-1866000000.0,-14.55,71378000000.0,128365806.0,556.0515079849224
3668.T,2025-09-30,-306000000.0,-2.39,68934000000.0,128451845.0,536.6524708150358
3673.T,2021-12-31,,,,,
3673.T,2022-12-31,-2431390000.0,-13.77,23631923000.0,176778902.0,133.6806753104508
3673.T,2023-12-31,-1487036000.0,-8.38,22473492000.0,177603152.0,126.53768667348876
3673.T,2024-12-31,343298000.0,1.925,23141522000.0,178432018.0,129.6937750264081
3673.T,2025-12-31,1240265000.0,6.895,24271153000.0,180184018.0,134.702030010231
3679.T,2022-03-31,,,,,
3679.T,2023-03-31,2930000000.0,27.85,16073000000.0,104001910.0,154.54523864032882
3679.T,2024-03-31,3800000000.0,36.53,19449000000.0,104001910.0,187.0061809441769
3679.T,2025-03-31,3872000000.0,38.13,19980000000.0,100426845.0,198.95078850679815
3679.T,2026-03-31,4157000000.0,41.66,22510000000.0,99169345.0,226.98546612362924
3687.T,2022-09-30,1082575000.0,33.53,4414618000.0,32143020.0,137.34297524003657
3687.T,2023-09-30,1447878000.0,45.01,5641249000.0,32177520.0,175.31646317056132
3687.T,2024-09-30,1494133000.0,46.39,6727008000.0,32215699.0,208.8114865985059
3687.T,2025-09-30,1945356000.0,60.34,8247527000.0,32252858.0,255.71460984945892
368A.T,2023-03-31,3370000000.0,84.25,14087000000.0,40000000.0,352.175
368A.T,2024-03-31,3972000000.0,99.32,16060000000.0,40000000.0,401.5
368A.T,2025-03-31,3788000000.0,94.72,18249000000.0,40000000.0,456.225
368A.T,2026-03-31,3895000000.0,97.38,20504000000.0,40000000.0,512.6
3692.T,2022-03-31,,,,,
3692.T,2023-03-31,187279000.0,23.6,1749152000.0,7909767.0,221.13824591798974
3692.T,2024-03-31,432173000.0,54.64,2181230000.0,7909700.0,275.76646396197077
3692.T,2025-03-31,687022000.0,86.86,2788963000.0,7909622.0,352.60382860268163
3692.T,2026-03-31,1099928000.0,139.06,3777669000.0,7909540.0,477.6091909264003
3697.T,2022-08-31,4974000000.0,18.852667,25644000000.0,264355035.0,97.00590722624216
3697.T,2023-08-31,6245000000.0,23.637333,29123000000.0,263749650.0,110.41910387369235
3697.T,2024-08-31,5127000000.0,21.654667,34037000000.0,264093630.0,128.88232101622444
3697.T,2025-08-31,8935000000.0,33.93,41035000000.0,263285163.0,155.8576242292848
3708.T,2023-03-31,4130000000.0,115.173333,72230000000.0,35682900.0,2024.218883554868
3708.T,2024-03-31,4590000000.0,129.316667,77010000000.0,35385186.0,2176.3344694584903
3708.T,2025-03-31,3607000000.0,102.51,78682000000.0,34849089.0,2257.7921620849256
3708.T,2026-03-31,4368000000.0,125.01,83458000000.0,34848131.0,2394.906056798283
3733.T,2021-10-31,,,,,
3733.T,2022-10-31,3399504000.0,628.54,27266534000.0,5229461.0,5214.023777976354
3733.T,2023-10-31,4864000000.0,930.35,31641000000.0,5227902.0,6052.332274017378
3733.T,2024-10-31,5328000000.0,1018.92,36430000000.0,5230910.0,6964.37140000497
3733.T,2025-10-31,6112000000.0,1167.88,41895000000.0,5235085.0,8002.735390160809
3741.T,2022-03-31,,,,,
3741.T,2023-03-31,878831000.0,86.245,7602831000.0,10186266.0,746.3805677173559
3741.T,2024-03-31,1105316000.0,108.45,8398502000.0,10194086.0,823.8602264097046
3741.T,2025-03-31,1344002000.0,131.79,9330260000.0,10200086.0,914.7236601730613
3741.T,2026-03-31,1509473000.0,147.89,10313072000.0,10209612.0,1010.1335878385976
3762.T,2022-03-31,,59.65,,,
3762.T,2023-03-31,2950390000.0,73.91,18970993000.0,39919136.0,475.2355612105432
3762.T,2024-03-31,3540323000.0,88.35,21744468000.0,40128914.0,541.8653492591402
3762.T,2025-03-31,4056530000.0,,24202927000.0,40168675.0,602.5323713067459
3762.T,2026-03-31,5178204000.0,128.88,26327327000.0,40185148.0,655.1506790518725
3763.T,2022-03-31,,,,,
3763.T,2023-03-31,1299791000.0,48.265,6679590000.0,24619438.0,271.313666867619
3763.T,2024-03-31,1349734000.0,54.825,7560024000.0,24629172.0,306.9540462017968
3763.T,2025-03-31,1930537000.0,78.03,8894447000.0,24785340.0,358.8591885364494
3763.T,2026-03-31,2224022000.0,88.35,11403648000.0,25748767.0,442.8813232105444
3765.T,2021-12-31,,,,,
3765.T,2022-12-31,19022000000.0,305.61,118379000000.0,61894643.0,1912.5887841375868
3765.T,2023-12-31,16433000000.0,272.65,128762000000.0,59898763.0,2149.6604195315354
3765.T,2024-12-31,11171000000.0,182.67,128774000000.0,55820084.0,2306.9474420712086
3765.T,2025-12-31,1407000000.0,25.79,123015000000.0,54342944.0,2263.6793472212325
3769.T,2022-09-30,24152140000.0,318.45,87122860000.0,75842549.0,1148.7332789935633
3769.T,2023-09-30,13475513000.0,177.68,92274336000.0,75842474.0,1216.657779386258
3769.T,2024-09-30,18705445000.0,246.62,102895070000.0,75847668.0,1356.6016294660503
3769.T,2025-09-30,21829235000.0,287.79,113013115000.0,75853668.0,1489.8833237701833
3771.T,2022-03-31,,,,,
3771.T,2023-03-31,1601559000.0,95.8,9123231000.0,16715984.0,545.7788784674597
3771.T,2024-03-31,1969382000.0,117.81,10508873000.0,16715776.0,628.6799368452891
3771.T,2025-03-31,2194600000.0,132.29,11810493000.0,16565738.0,712.9469873301147
3771.T,2026-03-31,2610952000.0,157.49,13462977000.0,16584953.0,811.7585259361301
3774.T,2022-03-31,15672000000.0,,,,
3774.T,2023-03-31,18852000000.0,104.34,118242000000.0,180697868.0,654.3630055447029
3774.T,2024-03-31,,111.81,125751000000.0,176811412.0,711.2154050327928
3774.T,2025-03-31,,112.68,140683000000.0,176916740.0,795.1932643570077
3774.T,2026-03-31,,136.51,158007000000.0,177261894.0,891.3760111352528
3778.T,2022-03-31,,,,,
3778.T,2023-03-31,666551000.0,18.29,8348709000.0,35662556.0,234.10293418116188
3778.T,2024-03-31,651716000.0,18.230771,9135002000.0,35708858.0,255.818934338365
3778.T,2025-03-31,2937459000.0,75.23,30055276000.0,40001242.0,751.3585703163917
3778.T,2026-03-31,216023000.0,5.4,30101277000.0,40024661.0,752.0682561183966
3798.T,2022-03-31,,,,,
3798.T,2023-03-31,1233000000.0,22.458,7566000000.0,54932200.0,137.7334241119052
3798.T,2024-03-31,1131000000.0,20.582,8596000000.0,55011380.0,156.2585777706358
3798.T,2025-03-31,1635000000.0,29.739,10180000000.0,55011380.0,185.0526200215301
3798.T,2026-03-31,2027000000.0,36.2,12235000000.0,56576380.0,216.2563246358286
3817.T,2022-03-31,,,,,
3817.T,2023-03-31,879000000.0,71.13,26016000000.0,12417000.0,2095.1920753805266
3817.T,2024-03-31,4584000000.0,367.82,29227000000.0,12585765.0,2322.2267379058803
3817.T,2025-03-31,3377000000.0,267.48,30805000000.0,12633889.0,2438.2832554568113
3817.T,2026-03-31,5601000000.0,443.34,33604000000.0,12633889.0,2659.83023912906
3825.T,2022-03-31,,,,,
3825.T,2023-03-31,3267000000.0,27.32,16824000000.0,118657800.0,141.7858750120093
3825.T,2024-03-31,1070000000.0,8.98,17968000000.0,120292800.0,149.36887328252396
3825.T,2025-03-31,-593000000.0,-4.92,17910000000.0,122915800.0,145.70950195174257
3825.T,2026-03-31,-4740000000.0,-4.92,23988000000.0,146609800.0,163.61798460948722
3836.T,2022-06-30,,54.37,,,
3836.T,2023-06-30,2094520000.0,55.65,12328515000.0,37642853.0,327.51276849286637
3836.T,2024-06-30,2850922000.0,,13293728000.0,36626453.0,362.9542833426977
3836.T,2025-06-30,3434688000.0,94.15,15582054000.0,36495674.0,426.9561921229349
3836.T,2026-06-30,2985606000.0,,14570745000.0,34454352.0,422.89998662578245
3843.T,2022-04-30,827851000.0,41.86,6932534000.0,18800031.0,368.751200463446
3843.T,2023-04-30,1792049000.0,95.07,8318413000.0,19960259.0,416.74875060488944
3843.T,2024-04-30,3566009000.0,178.58,11763023000.0,19972059.0,588.9739760933012
3843.T,2025-04-30,2748537000.0,135.81,6500793000.0,20181459.0,322.1170976786168
3844.T,2022-03-31,,,,,
3844.T,2023-03-31,2695000000.0,84.56,15097000000.0,31873310.0,473.6564856301401
3844.T,2024-03-31,3135000000.0,98.35,16806000000.0,31884696.0,527.0867252427308
3844.T,2025-03-31,3160000000.0,99.12,18467000000.0,31888802.0,579.1061075295335
3844.T,2026-03-31,3284000000.0,103.0,20191000000.0,31893228.0,633.0811042394329
3854.T,2022-07-31,1377907000.0,55.04,5715388000.0,25033954.0,228.30544467725713
3854.T,2023-07-31,2472202000.0,98.76,7740413000.0,25032509.0,309.21442992390416
3854.T,2024-07-31,2887564000.0,115.36,9680679000.0,25031109.0,386.7459088608499
3854.T,2025-07-31,,141.32,,,
3854.T,2026-07-31,,,,,
3861.T,2023-03-31,56483000000.0,57.0,937081000000.0,991202195.0,945.3984310436277
3861.T,2024-03-31,50812000000.0,51.31,1066545000000.0,984597537.0,1083.2294007658074
3861.T,2025-03-31,46171000000.0,47.34,1101822000000.0,935282875.0,1178.0628400792648
3861.T,2026-03-31,55582000000.0,61.1,1102364000000.0,876636240.0,1257.4930737520046
3863.T,2023-03-31,-50406000000.0,-436.28,394652000000.0,115539398.0,3415.735297495665
3863.T,2024-03-31,22747000000.0,197.09,468788000000.0,115402944.0,4062.1840635192116
3863.T,2025-03-31,4539000000.0,39.33,482024000000.0,115434174.0,4175.747816240276
3863.T,2026-03-31,11743000000.0,101.69,508466000000.0,115308503.0,4409.6140941141175
3864.T,2023-03-31,-571000000.0,-12.97,72027000000.0,43744072.0,1646.554532006074
3864.T,2024-03-31,4170000000.0,95.28,90930000000.0,43790583.0,2076.473839135688
3864.T,2025-03-31,4343000000.0,99.13,85254000000.0,43830065.0,1945.1032071250636
3864.T,2026-03-31,1900000000.0,43.37,103153000000.0,43808179.0,2354.6516279528532
3865.T,2022-03-31,,,,,
3865.T,2023-03-31,8325000000.0,49.54,225299000000.0,168081114.0,1340.418293515118
3865.T,2024-03-31,8387000000.0,49.89,251785000000.0,168151060.0,1497.3738494422812
3865.T,2025-03-31,15529000000.0,92.34,265127000000.0,168190860.0,1576.346063038146
3865.T,2026-03-31,7299000000.0,43.59,251887000000.0,158801963.0,1586.170568936859
3880.T,2022-03-31,,,,,
3880.T,2023-03-31,-34705000000.0,-209.01,235120000000.0,166195926.0,1414.715785512095
3880.T,2024-03-31,4472000000.0,26.89,247662000000.0,166369155.0,1488.629307517971
3880.T,2025-03-31,-11197000000.0,-67.29,236719000000.0,166415990.0,1422.4534553440449
3880.T,2026-03-31,8886000000.0,53.73,226908000000.0,154216660.0,1471.3585419370384
3891.T,2022-03-31,,,,,
3891.T,2023-03-31,2468380000.0,229.2,21572288000.0,10771884.0,2002.6476334130593
3891.T,2024-03-31,1479248000.0,138.96,22367061000.0,10632344.0,2103.681088572755
3891.T,2025-03-31,1781054000.0,167.55,23903333000.0,10534567.0,2269.038015515968
3891.T,2026-03-31,2642981000.0,250.67,26206710000.0,10546664.0,2484.8340669618374
3905.T,2022-03-31,,,,,
3905.T,2023-03-31,-530291000.0,-36.45,2483363000.0,14735228.0,168.5323769676316
3905.T,2024-03-31,-1261695000.0,-84.07,1953419000.0,17125129.0,114.06740352145668
3905.T,2025-03-31,-654991000.0,-37.4,2384227000.0,17705039.0,134.66375307052417
3905.T,2026-03-31,2801675000.0,115.47,19367693000.0,29678099.0,652.5921016706629
3923.T,2022-03-31,,,,,
3923.T,2023-03-31,1274000000.0,3.515,9547000000.0,362428780.0,26.34172705600256
3923.T,2024-03-31,4185000000.0,11.55,13348000000.0,362428068.0,36.829377133119834
3923.T,2025-03-31,8003000000.0,22.09,21977000000.0,362347466.0,60.65172813986231
3923.T,2026-03-31,13293000000.0,36.91,26034000000.0,354109341.0,73.51966465069894
3932.T,2022-03-31,,,,,
3932.T,2023-03-31,1342000000.0,98.97,38734000000.0,13592795.0,2849.5978935899498
3932.T,2024-03-31,1288000000.0,104.01,40190000000.0,14418637.0,2787.364714154327
3932.T,2025-03-31,1646000000.0,114.22,41437000000.0,14419569.0,2873.6642544586457
3932.T,2026-03-31,5652000000.0,391.97,45359000000.0,14422269.0,3145.066840730817
3941.T,2022-03-31,,,,,
3941.T,2023-03-31,20425000000.0,82.47,372794000000.0,247690153.0,1505.0820369108496
3941.T,2024-03-31,33025000000.0,82.47,425291000000.0,247700368.0,1716.9574814680936
3941.T,2025-03-31,28979000000.0,133.33,463968000000.0,247814346.0,1872.240277808614
3941.T,2026-03-31,21005000000.0,84.7,489299000000.0,248043353.0,1972.6350014305765
3946.T,2023-03-31,5251000000.0,319.71,80195000000.0,16429568.0,4881.138688491384
3946.T,2024-03-31,5308000000.0,322.99,88622000000.0,16438559.0,5391.105144921766
3946.T,2025-03-31,6508000000.0,395.46,92732000000.0,16466592.0,5631.523511361671
3946.T,2026-03-31,7361000000.0,446.46,102143000000.0,16496455.0,6191.815150588414
3950.T,2021-12-31,,,,,
3950.T,2022-12-31,4058000000.0,71.183333,65369000000.0,57028017.0,1146.2611438865215
3950.T,2023-12-31,5652000000.0,99.023333,71155000000.0,57095592.0,1246.2433176978006
3950.T,2024-12-31,6316000000.0,111.17,74482000000.0,56344908.0,1321.8940742613333
3950.T,2025-12-31,6024000000.0,107.13,76994000000.0,55584070.0,1385.1810419783942
3962.T,2023-03-31,3856000000.0,53.31,36477000000.0,72344227.0,504.21438603525337
3962.T,2024-03-31,4262000000.0,59.78,39483000000.0,72355427.0,545.6812520780231
3962.T,2025-03-31,7470000000.0,106.61,41191000000.0,69578947.0,592.0037852829247
3962.T,2026-03-31,6937000000.0,99.71,46755000000.0,69578947.0,671.9705028016592
3964.T,2021-12-31,,,,,
3964.T,2022-12-31,4346059000.0,39.87,22514087000.0,104444336.0,215.5606312629533
3964.T,2023-12-31,4368973000.0,43.9475,22161235000.0,94623536.0,234.2042575961228
3964.T,2024-12-31,4485496000.0,47.11,25898969000.0,95561068.0,271.0200873853775
3964.T,2025-12-31,5921726000.0,76.735,26346073000.0,90720638.0,290.40881524664763
3989.T,2022-09-30,472680000.0,21.88,669868000.0,21610008.0,30.998044979900055
3989.T,2023-09-30,1355396000.0,60.43,2182867000.0,22112108.0,98.71817738950986
3989.T,2024-09-30,1467294000.0,64.17,3889837000.0,23243669.0,167.35038689459913
3989.T,2025-09-30,1413204000.0,60.3,5156614000.0,23931269.0,215.47599502558765
3993.T,2022-09-30,836612000.0,27.38,28559813000.0,30601846.0,933.2709209764665
3993.T,2023-09-30,4711000.0,0.15,29422752000.0,31143800.0,944.7386638753138
3993.T,2024-09-30,2082791000.0,67.78,32228163000.0,31026468.0,1038.7312858169998
3993.T,2025-09-30,2683075000.0,86.47,34483425000.0,31056591.0,1110.3416018841217
3994.T,2021-11-30,,,,,
3994.T,2022-11-30,-9449804000.0,-176.44,32633825000.0,53767288.0,606.9457139069391
3994.T,2023-11-30,-6315050000.0,-116.98,28327234000.0,54120181.0,523.4135118653797
3994.T,2024-11-30,-6330577000.0,-116.32,37436412000.0,54634184.0,685.2195687593687
3994.T,2025-11-30,1587260000.0,28.78,43844365000.0,55321247.0,792.5411551189364
4004.T,2021-12-31,,,,,
4004.T,2022-12-31,32422000000.0,179.02,539807000000.0,181116588.0,2980.439317904995
4004.T,2023-12-31,-6505000000.0,-35.91,560129000000.0,181135313.0,3092.323582425918
4004.T,2024-12-31,73503000000.0,406.61,664616000000.0,180724914.0,3677.5007124916933
4004.T,2025-12-31,29031000000.0,160.49,698852000000.0,180982898.0,3861.4256248676047
4005.T,2023-03-31,6987000000.0,4.27,1171192000000.0,1635373591.0,716.1617421520414
4005.T,2024-03-31,-311838000000.0,-190.69,965753000000.0,1635948223.0,590.3322528319407
4005.T,2025-03-31,38591000000.0,23.59,900790000000.0,1636700575.0,550.3694528854186
4005.T,2026-03-31,60947000000.0,37.16,1008644000000.0,1651413485.0,610.7761679080634
4008.T,2022-03-31,,,,,
4008.T,2023-03-31,8592000000.0,127.366,86660000000.0,67459815.0,1284.6166269504297
4008.T,2024-03-31,6166000000.0,91.802,95051000000.0,66499660.0,1429.3456537973277
4008.T,2025-03-31,5961000000.0,90.12,94312000000.0,65532875.0,1439.1555383462116
4008.T,2026-03-31,7677000000.0,117.48,103619000000.0,64683785.0,1601.9316123816811
4021.T,2022-03-31,,,,,
4021.T,2023-03-31,41087000000.0,291.36,218418000000.0,140270928.0,1557.1152420122294
4021.T,2024-03-31,38033000000.0,272.82,227519000000.0,138613351.0,1641.3931151552638
4021.T,2025-03-31,43043000000.0,313.26,233290000000.0,136282213.0,1711.8154663367552
4021.T,2026-03-31,49707000000.0,368.26,255264000000.0,134108585.0,1903.412820290364
4022.T,2022-03-31,,,,,
4022.T,2023-03-31,3232000000.0,81.674,23125000000.0,39571015.0,584.392389227317
4022.T,2024-03-31,2382000000.0,60.304,24967000000.0,39374885.0,634.0843916115565
4022.T,2025-03-31,3131000000.0,79.75,27876000000.0,39036950.0,714.0926737360372
4022.T,2026-03-31,4359000000.0,111.63,31839000000.0,39061345.0,815.1025009507481
4023.T,2022-03-31,,,,,
4023.T,2023-03-31,16868000000.0,288.1,215199000000.0,58552311.0,3675.3288866770777
4023.T,2024-03-31,9734000000.0,173.03,221377000000.0,55032323.0,4022.672275709677
4023.T,2025-03-31,7800000000.0,149.67,209372000000.0,49742195.0,4209.14276098994
4023.T,2026-03-31,-10693000000.0,-267.14,165233000000.0,38218898.0,4323.332399589334
4025.T,2021-12-31,,221.46,,,
4025.T,2022-12-31,2056000000.0,237.53,31948000000.0,8659837.0,3689.2149355698034
4025.T,2023-12-31,1356000000.0,156.86,33819000000.0,8466124.0,3994.6261122563287
4025.T,2024-12-31,2299000000.0,,37881000000.0,8477517.0,4468.407435809329
4025.T,2025-12-31,3277000000.0,389.05,42887000000.0,8338822.0,5143.052579848809
4027.T,2022-03-31,,,,,
4027.T,2023-03-31,2986000000.0,128.86,53216000000.0,23175414.0,2296.226509696871
4027.T,2024-03-31,1866000000.0,80.6,57283000000.0,23015361.0,2488.9029548569756
4027.T,2025-03-31,2422000000.0,105.46,58832000000.0,22818444.0,2578.265196347306
4027.T,2026-03-31,-878000000.0,-38.47,60970000000.0,22830807.0,2670.514450058642
4028.T,2022-03-31,,,,,
4028.T,2023-03-31,6947000000.0,175.75,97430000000.0,38140464.0,2554.504842940558
4028.T,2024-03-31,7988000000.0,209.27,106067000000.0,38197424.0,2776.8102896153414
4028.T,2025-03-31,8410000000.0,219.98,114272000000.0,38258876.0,2986.8101718409084
4028.T,2026-03-31,16636000000.0,434.78,128991000000.0,38266773.0,3370.8355810405023
4041.T,2022-03-31,,,,,
4041.T,2023-03-31,16692000000.0,299.39,169255000000.0,55769334.0,3034.9116236532427
4041.T,2024-03-31,16612000000.0,298.715,188047000000.0,55069052.0,3414.7491770877045
4041.T,2025-03-31,15011000000.0,272.56,186783000000.0,55080284.0,3391.1045193594136
4041.T,2026-03-31,18271000000.0,336.54,204778000000.0,53601456.0,3820.381297105064
4042.T,2022-03-31,,,,,
4042.T,2023-03-31,50335000000.0,158.14,738891000000.0,318289801.0,2321.441019091906
4042.T,2024-03-31,57324000000.0,180.07,794556000000.0,318413706.0,2495.357407761838
4042.T,2025-03-31,58002000000.0,182.13,827107000000.0,318508203.0,2596.81537935147
4042.T,2026-03-31,41615000000.0,132.4,831791000000.0,307890546.0,2701.5801907733794
4043.T,2022-03-31,,389.09,,,
4043.T,2023-03-31,9364000000.0,130.15,229450000000.0,71951327.0,3188.9613377109777
4043.T,2024-03-31,17751000000.0,246.72,249255000000.0,71946528.0,3464.4479299960103
4043.T,2025-03-31,23388000000.0,,261561000000.0,71944232.0,3635.6076467672906
4043.T,2026-03-31,22205000000.0,308.64,283085000000.0,71945163.0,3934.732902057641
4044.T,2022-03-31,,,,,
4044.T,2023-03-31,42494000000.0,1222.21,103481000000.0,24780228.0,4175.950277777913
4044.T,2024-03-31,12478000000.0,503.55,114915000000.0,24780206.0,4637.370649783945
4044.T,2025-03-31,5678000000.0,229.14,116727000000.0,24784384.0,4709.699462371144
4044.T,2026-03-31,8360000000.0,337.27,123625000000.0,24792784.0,4986.329893407695
4045.T,2022-12-31,12494000000.0,101.31,205969000000.0,121105217.0,1700.7442379629276
4045.T,2023-12-31,12179000000.0,102.78,211509000000.0,116463995.0,1816.0891698760634
4045.T,2024-12-31,11877000000.0,104.56,212585000000.0,112029054.0,1897.5881024577784
4045.T,2025-12-31,12766000000.0,117.02,214807000000.0,107285801.0,2002.1941207299185
4046.T,2023-03-31,10570000000.0,85.686,99533000000.0,127205085.0,782.46085838471
4046.T,2024-03-31,7650000000.0,60.168,109759000000.0,126865000.0,865.1637567493004
4046.T,2025-03-31,10332000000.0,81.54,115589000000.0,125855545.0,918.4259620821633
4046.T,2026-03-31,15460000000.0,123.96,127319000000.0,122852020.0,1036.3606556896664
4047.T,2022-03-31,,,,,
4047.T,2023-03-31,9382000000.0,163.32,67478000000.0,57452913.0,1174.4922315775354
4047.T,2024-03-31,-4610000000.0,-80.25,64003000000.0,57452843.0,1114.0092753982601
4047.T,2025-03-31,3248000000.0,56.53,65956000000.0,57457569.0,1147.9079457747334
4047.T,2026-03-31,3785000000.0,65.96,72395000000.0,57353949.0,1262.249614233189
4051.T,2022-09-30,472523000.0,57.32,4477450000.0,8259968.0,542.0662646634951
4051.T,2023-09-30,782250000.0,94.58,4939605000.0,8286152.0,596.1277321487706
4051.T,2024-09-30,1013389000.0,118.78,5627943000.0,8320270.0,676.4135058117105
4051.T,2025-09-30,1632030000.0,197.49,6256119000.0,8254794.0,757.8770590762168
4061.T,2022-03-31,,,,,
4061.T,2023-03-31,12768000000.0,148.08,296479000000.0,86229840.0,3438.2413326987503
4061.T,2024-03-31,11947000000.0,138.61,307536000000.0,86176521.0,3568.675045491799
4061.T,2025-03-31,-12300000000.0,-142.73,296181000000.0,86175717.0,3436.942683053046
4061.T,2026-03-31,15695000000.0,182.1,310707000000.0,86199714.0,3604.501518415711
4062.T,2022-03-31,,,,,
4062.T,2023-03-31,52187000000.0,186.865,419238000000.0,279298818.0,1501.0375017054314
4062.T,2024-03-31,31490000000.0,112.72,494943000000.0,279387924.0,1771.5261021804222
4062.T,2025-03-31,33704000000.0,120.66,490493000000.0,279220782.0,1756.6493313524206
4062.T,2026-03-31,63713000000.0,214.91,550071000000.0,279245536.0,1969.847066776387
4063.T,2022-03-31,,,,,
4063.T,2023-03-31,708238000000.0,347.84,3874208000000.0,2017546765.0,1920.2568521379478
4063.T,2024-03-31,520140000000.0,259.41,4262761000000.0,1996054197.0,2135.5938162434572
4063.T,2025-03-31,534021000000.0,269.52,4662470000000.0,1960126401.0,2378.657824118558
4063.T,2026-03-31,474459000000.0,252.69,4464428000000.0,1856712376.0,2404.480121804283
4064.T,2022-03-31,,,,,
4064.T,2023-03-31,332000000.0,35.37,31230000000.0,9399658.0,3322.4613065709414
4064.T,2024-03-31,999000000.0,106.42,32629000000.0,9304838.0,3506.6704009247665
4064.T,2025-03-31,2211000000.0,237.5,35720000000.0,9314123.0,3835.0363206498346
4064.T,2026-03-31,2607000000.0,279.72,38458000000.0,9325433.0,4123.990810936071
4071.T,2022-09-30,1796230000.0,44.73,6464064000.0,40189907.0,160.83799347930812
4071.T,2023-09-30,2620777000.0,63.83,9445732000.0,41461707.0,227.81821308032494
4071.T,2024-09-30,3092230000.0,73.16,12078592000.0,42489694.0,284.2710987751524
4071.T,2025-09-30,3258678000.0,78.6,14789997000.0,42370350.0,349.0647823300964
4072.T,2022-12-31,2348000000.0,217.72,19454000000.0,10789263.0,1803.0888671450496
4072.T,2023-12-31,2004000000.0,187.71,20575000000.0,10621675.0,1937.0767793215289
4072.T,2024-12-31,1850000000.0,173.88,22082000000.0,10662129.0,2071.0685455034354
4072.T,2025-12-31,2896000000.0,271.06,24636000000.0,10707800.0,2300.7527223145744
4078.T,2023-03-31,2344000000.0,144.85,80486000000.0,16195000.0,4969.805495523309
4078.T,2024-03-31,-7092000000.0,-437.65,74390000000.0,16210684.0,4588.94886853633
4078.T,2025-03-31,5013000000.0,309.21,78288000000.0,16217680.0,4827.3242535307145
4078.T,2026-03-31,2752000000.0,176.42,77706000000.0,15311131.0,5075.131288472419
4082.T,2023-03-31,4020000000.0,165.4,35521000000.0,24316820.0,1460.758437986546
4082.T,2024-03-31,1140000000.0,46.87,35724000000.0,24348113.0,1467.218424688599
4082.T,2025-03-31,792000000.0,32.64,37918000000.0,24219930.0,1565.570172993894
4082.T,2026-03-31,2514000000.0,103.85,38447000000.0,24148370.0,1592.1157411452616
4088.T,2022-03-31,,191.06,,,
4088.T,2023-03-31,40137000000.0,176.84,430232000000.0,227352444.0,1892.3570489525946
4088.T,2024-03-31,44360000000.0,194.69,488557000000.0,228225740.0,2140.674404210498
4088.T,2025-03-31,-63949000000.0,-279.01,442215000000.0,229155635.0,1929.758349603753
4088.T,2026-03-31,39929000000.0,,390229000000.0,229217006.0,1702.4434914746248
4091.T,2023-03-31,73080000000.0,168.85,724314000000.0,432860837.0,1673.3183926269587
4091.T,2024-03-31,105901000000.0,244.66,914481000000.0,432857823.0,2112.6590566436407
4091.T,2025-03-31,98779000000.0,228.2,980451000000.0,432855316.0,2265.0778765068926
4091.T,2026-03-31,123891000000.0,286.22,1217357000000.0,432853497.0,2812.399595792107
4092.T,2022-03-31,,,,,
4092.T,2023-03-31,855000000.0,97.13,42240000000.0,8812552.0,4793.1632062993785
4092.T,2024-03-31,1590000000.0,180.35,45046000000.0,8822065.0,5106.060769218998
4092.T,2025-03-31,2559000000.0,290.62,46394000000.0,8735699.0,5310.851484237266
4092.T,2026-03-31,2894000000.0,331.39,50320000000.0,8676751.0,5799.405791407406
4094.T,2022-03-31,,,,,
4094.T,2023-03-31,2234350000.0,113.24,43362910000.0,19730604.0,2197.7487359231377
4094.T,2024-03-31,1742894000.0,88.81,45660822000.0,19443974.0,2348.327661824687
4094.T,2025-03-31,2357304000.0,121.17,46478869000.0,19756859.0,2352.5434382054355
4094.T,2026-03-31,2281837000.0,117.25,50824835000.0,19460787.0,2611.6536294241337
4095.T,2023-03-31,9973000000.0,86.1,166271000000.0,115307444.0,1441.9797563113098
4095.T,2024-03-31,13194000000.0,114.43,187146000000.0,115307168.0,1623.0213892687052
4095.T,2025-03-31,13112000000.0,112.2,195217000000.0,114823148.0,1700.153700715469
4095.T,2026-03-31,12940000000.0,117.16,201821000000.0,108253057.0,1864.344579202045
4097.T,2023-03-31,3941000000.0,71.4,68409000000.0,55204032.0,1239.2029625662126
4097.T,2024-03-31,4503000000.0,81.57,75715000000.0,55203733.0,1371.5557967791779
4097.T,2025-03-31,4784000000.0,86.68,78915000000.0,55203570.0,1429.5271121052497
4097.T,2026-03-31,4661000000.0,84.43,84165000000.0,55203407.0,1524.6341589025474
4099.T,2022-03-31,6878000000.0,62.76,,,
4099.T,2022-12-31,,,81321000000.0,52767563.0,1541.1172200618778
4099.T,2023-12-31,7853000000.0,76.06,86155000000.0,101168496.0,851.5990985968597
4099.T,2024-12-31,8813000000.0,95.69,83378000000.0,89385606.0,932.7900064804618
4099.T,2025-12-31,8459000000.0,96.555,93793000000.0,86498452.0,1084.3315438754903
409A.T,2024-03-31,7301000000.0,178.887326,25012000000.0,40813400.0,612.8379404803325
409A.T,2025-03-31,4649000000.0,113.908667,18967000000.0,40813400.0,464.72482076964917
4107.T,2021-12-31,,,,,
4107.T,2022-12-31,2562000000.0,50.273,29218000000.0,50977540.0,573.1543734750637
4107.T,2023-12-31,3672000000.0,72.048,31890000000.0,50967290.0,625.6954215144655
4107.T,2024-12-31,5071000000.0,99.518,35568000000.0,50960570.0,697.9513769174874
4107.T,2025-12-31,6498000000.0,125.44,40069000000.0,50957770.0,786.3177686150709
4109.T,2022-03-31,,,,,
4109.T,2023-03-31,2280000000.0,186.03,42922000000.0,12014434.0,3572.5361677462292
4109.T,2024-03-31,1845000000.0,153.48,44260000000.0,12027951.0,3679.762247119231
4109.T,2025-03-31,2892000000.0,241.0,44751000000.0,11802619.0,3791.6160811426685
4109.T,2026-03-31,3058000000.0,258.45,47823000000.0,12206079.0,3917.965793929402
4112.T,2022-03-31,,,,,
4112.T,2023-03-31,,,42834000000.0,15848182.0,2702.770576461073
4112.T,2024-03-31,,,47733000000.0,15872704.0,3007.238086213918
4112.T,2025-03-31,,,48599000000.0,15893270.0,3057.835171742505
4112.T,2026-03-31,,,52580000000.0,15906116.0,3305.6467084736464
4114.T,2022-03-31,,,,,
4114.T,2023-03-31,19392000000.0,122.07,362231000000.0,157254160.0,2303.4748333525804
4114.T,2024-03-31,11008000000.0,70.48,383448000000.0,154464000.0,2482.4425108763207
4114.T,2025-03-31,17394000000.0,113.9,383029000000.0,151515628.0,2527.9834499976464
4114.T,2026-03-31,16764000000.0,112.15,396649000000.0,147756884.0,2684.4705252446984
4116.T,2022-03-31,,,,,
4116.T,2023-03-31,2007000000.0,27.145,112056000000.0,73964440.0,1514.99828836668
4116.T,2024-03-31,3660000000.0,51.9875,116746000000.0,68626864.0,1701.1705503547416
4116.T,2025-03-31,10289000000.0,149.91,128005000000.0,68644764.0,1864.7452848697972
4116.T,2026-03-31,8101000000.0,118.32,138628000000.0,68261840.0,2030.827179577931
4118.T,2022-03-31,,,,,
4118.T,2023-03-31,23008000000.0,349.59,417992000000.0,64893707.0,6441.179265656684
4118.T,2024-03-31,23220000000.0,357.9,454110000000.0,64148993.0,7078.988753572484
4118.T,2025-03-31,25309000000.0,400.91,471934000000.0,62933492.0,7498.9323649798425
4118.T,2026-03-31,30977000000.0,501.26,499424000000.0,60225307.0,8292.593676608407
4151.T,2021-12-31,,,,,
4151.T,2022-12-31,53573000000.0,99.68,762826000000.0,537471800.0,1419.2856257760873
4151.T,2023-12-31,81188000000.0,151.03,836418000000.0,537609288.0,1555.8101741724372
4151.T,2024-12-31,59870000000.0,113.06,850811000000.0,523357776.0,1625.677574722803
4151.T,2025-12-31,67040000000.0,128.07,893332000000.0,523488180.0,1706.4988936330903
417A.T,2022-03-31,,,,,
417A.T,2023-03-31,15849000000.0,81.598,141611000000.0,194259440.0,728.9787307118769
417A.T,2024-03-31,18243000000.0,92.886,167901000000.0,203688395.0,824.3032206130349
417A.T,2025-03-31,20176000000.0,98.66,181102000000.0,203583355.0,889.5717432301869
417A.T,2026-03-31,23596000000.0,115.91,199561000000.0,203584770.0,980.2354075896739
4180.T,2021-12-31,,,,,
4180.T,2022-12-31,21322000.0,0.21,26201335000.0,101510935.0,258.11342393802204
4180.T,2023-12-31,1002000000.0,9.85,29091000000.0,101881959.0,285.53632346233155
4180.T,2024-12-31,2927000000.0,28.7,34315000000.0,101636435.0,337.6249865513288
4180.T,2025-12-31,2558000000.0,25.14,37149000000.0,101935554.0,364.43614168222405
4182.T,2022-03-31,,,,,
4182.T,2023-03-31,49085000000.0,239.08,607611000000.0,204578459.0,2970.063431751629
4182.T,2024-03-31,38818000000.0,190.97,657743000000.0,200229465.0,3284.946099216716
4182.T,2025-03-31,45544000000.0,228.93,668221000000.0,194709093.0,3431.8941642853833
4182.T,2026-03-31,-40318000000.0,-207.04,646417000000.0,194741494.0,3319.3593554335166
4183.T,2022-03-31,,,,,
4183.T,2023-03-31,82936000000.0,215.585,786827000000.0,380132172.0,2069.877421477496
4183.T,2024-03-31,49999000000.0,131.495,862851000000.0,380269268.0,2269.0526755898663
4183.T,2025-03-31,32242000000.0,85.28,848284000000.0,374682140.0,2264.0097016633886
4183.T,2026-03-31,34378000000.0,91.62,864727000000.0,368099273.0,2349.16791047289
4186.T,2021-12-31,,,,,
4186.T,2022-12-31,19693000000.0,163.18,169918000000.0,120836226.0,1406.1842679528902
4186.T,2023-12-31,12712000000.0,105.1,183792000000.0,121064598.0,1518.1316671947318
4186.T,2024-12-31,22683000000.0,187.29,200654000000.0,119948673.0,1672.8321788103483
4186.T,2025-12-31,33345000000.0,278.42,227715000000.0,119877901.0,1899.5577842157913
4187.T,2021-11-30,,225.65,,,
4187.T,2022-11-30,4725901000.0,216.87,40826298000.0,21562560.0,1893.3882618761409
4187.T,2023-11-30,3270986000.0,152.94,42984035000.0,21267453.0,2021.1181376538132
4187.T,2024-11-30,4044582000.0,,45435285000.0,21126735.0,2150.606092233372
4187.T,2025-11-30,6887536000.0,336.68,49700718000.0,20337271.0,2443.824345950841
4188.T,2023-03-31,96461000000.0,67.85,1564698000000.0,1422098107.0,1100.2743005549898
4188.T,2024-03-31,119596000000.0,84.07,1763447000000.0,1422582999.0,1239.6092187518123
4188.T,2025-03-31,45020000000.0,31.64,1740570000000.0,1423186034.0,1223.00947199992
4188.T,2026-03-31,11829000000.0,8.63,1761675000000.0,1358547433.0,1296.7342598482537
4189.T,2021-12-31,,,,,
4189.T,2022-12-31,8073000000.0,217.73,59346000000.0,37063456.0,1601.1998449362088
4189.T,2023-12-31,6826000000.0,184.23,63743000000.0,37043456.0,1720.7627711626042
4189.T,2024-12-31,8360000000.0,225.81,69087000000.0,37012536.0,1866.583797446357
4189.T,2025-12-31,7799000000.0,214.22,69675000000.0,35008616.0,1990.2243493430303
4194.T,2022-07-31,5852000000.0,160.76,28771000000.0,38346521.0,750.2897068550234
4194.T,2023-07-31,9928000000.0,256.78,39127000000.0,39095987.0,1000.7932527704186
4194.T,2024-07-31,12990000000.0,276.82,52328000000.0,39641864.0,1320.018655025909
4194.T,2025-07-31,,358.08,,,
4202.T,2022-03-31,,,,,
4202.T,2023-03-31,40682000000.0,138.87,295208000000.0,285634897.0,1033.5151730427392
4202.T,2024-03-31,55834000000.0,138.87,359443000000.0,275816153.0,1303.1977862442307
4202.T,2025-03-31,49480000000.0,181.44,359983000000.0,265128567.0,1357.7676825749222
4202.T,2026-03-31,10180000000.0,38.75,355597000000.0,255393823.0,1392.3476919800053
4203.T,2023-03-31,20289000000.0,215.59,255358000000.0,94109122.0,2713.42452860202
4203.T,2024-03-31,21831000000.0,233.66,301161000000.0,93129500.0,3233.7873606107623
4203.T,2025-03-31,19281000000.0,208.91,290672000000.0,87635506.0,3316.829140006335
4203.T,2026-03-31,28014000000.0,319.52,347186000000.0,87735537.0,3957.1878382644422
4204.T,2023-03-31,69263000000.0,159.19,705026000000.0,429195366.0,1642.6691801700395
4204.T,2024-03-31,77930000000.0,183.48,792329000000.0,421385587.0,1880.2944961665241
4204.T,2025-03-31,81925000000.0,195.93,807347000000.0,417544085.0,1933.5610993028438
4204.T,2026-03-31,75174000000.0,182.7,851188000000.0,403705986.0,2108.435419632346
4205.T,2022-03-31,,,,,
4205.T,2023-03-31,10569000000.0,49.94,336398000000.0,211278656.0,1592.2005865088427
4205.T,2024-03-31,31101000000.0,147.19,362468000000.0,211315491.0,1715.293082796282
4205.T,2025-03-31,26199000000.0,127.43,357339000000.0,197290370.0,1811.2338681305123
4205.T,2026-03-31,36226000000.0,186.67,377562000000.0,191345507.0,1973.195012099239
4206.T,2022-03-31,,,,,
4206.T,2023-03-31,10059000000.0,157.27,145224000000.0,63963353.0,2270.425066678415
4206.T,2024-03-31,15135000000.0,236.6,161803000000.0,63971011.0,2529.3175372826295
4206.T,2025-03-31,16896000000.0,266.36,173389000000.0,62767816.0,2762.3870169387446
4206.T,2026-03-31,18533000000.0,296.48,190497000000.0,63275660.0,3010.588905749857
4208.T,2022-03-31,,,,,
4208.T,2023-03-31,-7034000000.0,-72.54,361682000000.0,97040569.0,3727.121591795283
4208.T,2024-03-31,28981000000.0,298.59,408751000000.0,97073310.0,4210.745466493313
4208.T,2025-03-31,-4816000000.0,-49.6,395102000000.0,97120810.0,4068.149761106811
4208.T,2026-03-31,23872000000.0,245.76,437213000000.0,97145192.0,4500.613885245088
4212.T,2022-03-31,,,,,
4212.T,2023-03-31,6653000000.0,163.75,110008000000.0,40214860.0,2735.506228294715
4212.T,2024-03-31,4671000000.0,142.694548,97171000000.0,32734257.0,2968.4803904362334
4212.T,2025-03-31,3544000000.0,112.06,95668000000.0,30955741.0,3090.47681979249
4212.T,2026-03-31,3975000000.0,130.51,99247000000.0,29967147.0,3311.8601513851154
4216.T,2022-03-31,,249.21,,,
4216.T,2023-03-31,9425000000.0,491.99,60613000000.0,19158319.0,3163.795320455829
4216.T,2024-03-31,11382000000.0,594.32,70950000000.0,18998131.0,3734.5778908462103
4216.T,2025-03-31,7624000000.0,,77637000000.0,18783340.0,4133.290458459464
4216.T,2026-03-31,3326000000.0,177.05,80882000000.0,18783892.0,4305.923394363639
4218.T,2022-03-31,,,,,
4218.T,2023-03-31,2371000000.0,114.67,40602000000.0,20611659.0,1969.8559926690034
4218.T,2024-03-31,1827000000.0,89.0,41702000000.0,20351583.0,2049.078934056383
4218.T,2025-03-31,1959000000.0,96.26,43186000000.0,20357476.0,2121.3828276157615
4218.T,2026-03-31,1652000000.0,81.22,44324000000.0,20180909.0,2196.3331780545664
421A.T,2023-12-31,335818000.0,41.716522,1299928000.0,8100000.0,160.48493827160493
421A.T,2024-12-31,575761000.0,71.523106,1875689000.0,8100000.0,231.56654320987656
421A.T,2025-12-31,1153447000.0,142.11,3728720000.0,8442200.0,441.67634029044564
4220.T,2022-03-31,,62.47,,,
4220.T,2023-03-31,4557523000.0,72.11,63196016000.0,63259819.0,998.9914134910819
4220.T,2024-03-31,6880230000.0,114.24,64440150000.0,55001307.0,1171.6112491654062
4220.T,2025-03-31,7370551000.0,137.67,64868199000.0,51177952.0,1267.5028301249727
4220.T,2026-03-31,7569553000.0,,67624215000.0,47589288.0,1420.9965696481947
4221.T,2022-12-31,3788000000.0,317.45,55568000000.0,11935921.0,4655.526791774175
4221.T,2023-12-31,4315000000.0,359.29,60842000000.0,12093324.0,5031.040266513987
4221.T,2024-12-31,4359000000.0,363.96,62043000000.0,11631685.0,5333.964941450873
4221.T,2025-12-31,3815000000.0,335.29,63097000000.0,11296161.0,5585.702965812899
4246.T,2022-03-31,,,,,
4246.T,2023-03-31,518000000.0,7.3,75603000000.0,71072095.0,1063.7508293515198
4246.T,2024-03-31,5782000000.0,81.34,80710000000.0,71104664.0,1135.0872848509628
4246.T,2025-03-31,6498000000.0,91.36,87336000000.0,71141792.0,1227.632837812126
4246.T,2026-03-31,8661000000.0,126.29,88678000000.0,65862866.0,1346.4036016896075
4249.T,2022-03-31,,,,,
4249.T,2023-03-31,1346000000.0,86.34,69325000000.0,15241281.0,4548.502189546928
4249.T,2024-03-31,3022000000.0,200.95,75118000000.0,14816481.0,5069.8948016064005
4249.T,2025-03-31,-7814000000.0,-532.37,63661000000.0,14660181.0,4342.44297529478
4249.T,2026-03-31,2447000000.0,170.79,66150000000.0,14315381.0,4620.903907482449
4258.T,2021-12-31,,,,,
4258.T,2022-12-31,229641000.0,28.57,1420942000.0,7928000.0,179.23082744702322
4258.T,2023-12-31,325660000.0,40.17,1786236000.0,8256450.0,216.34431262830878
4258.T,2024-12-31,384900000.0,46.69,2132065000.0,8277978.0,257.55866952050366
4258.T,2025-12-31,751735000.0,90.84,2829173000.0,8513804.0,332.3042202991753
4259.T,2022-03-31,,,,,
4259.T,2023-03-31,-141000000.0,-1.72,6544000000.0,83283500.0,78.57498784272995
4259.T,2024-03-31,-610000000.0,-7.5,4931000000.0,82009900.0,60.12688711972579
4259.T,2025-03-31,-2576000000.0,-31.26,2460000000.0,82734037.0,29.73383252167424
4259.T,2026-03-31,1533000000.0,18.13,4639000000.0,85381687.0,54.33249403938341
4272.T,2022-03-31,,,,,
4272.T,2023-03-31,14984000000.0,89.36,254016000000.0,165770616.0,1532.3342949995433
4272.T,2024-03-31,4113000000.0,24.8,269560000000.0,165864870.0,1625.1783756258935
4272.T,2025-03-31,17508000000.0,107.17,267526000000.0,159886252.0,1673.2270389326532
4272.T,2026-03-31,24641000000.0,161.18,279000000000.0,148494780.0,1878.8539233500328
4275.T,2022-03-31,,,,,
4275.T,2023-03-31,2246000000.0,94.55,33177000000.0,23653903.0,1402.6015072438574
4275.T,2024-03-31,2598000000.0,109.91,36774000000.0,23569203.0,1560.2564074822556
4275.T,2025-03-31,2570000000.0,109.040885,37478000000.0,23569141.0,1590.1300772904706
4275.T,2026-03-31,2976000000.0,130.5,39792000000.0,22419037.0,1774.9201270331102
4290.T,2022-03-31,,,,,
4290.T,2023-03-31,5318691000.0,41.62,39328903000.0,127979992.0,307.3050903144298
4290.T,2024-03-31,5791276000.0,45.34,44300312000.0,127356992.0,347.84357972273716
4290.T,2025-03-31,4870043000.0,38.28,46291900000.0,126791677.0,365.10204057006047
4290.T,2026-03-31,5920467000.0,46.97,48636701000.0,124734777.0,389.9209360032768
4293.T,2022-09-30,5733564000.0,30.54,62705254000.0,209340411.0,299.53726421221177
4293.T,2024-12-31,5525805000.0,26.65,69880279000.0,207425109.0,336.8940208680329
4293.T,2025-12-31,3491390000.0,16.83,66548969000.0,207425109.0,320.8337183518125
429A.T,2022-03-31,,,,,
429A.T,2023-03-31,22159000000.0,232.07921,110604000000.0,,
429A.T,2024-03-31,16105000000.0,168.673481,137709000000.0,,
429A.T,2025-03-31,9945000000.0,104.157577,116381000000.0,,
429A.T,2026-03-31,24947000000.0,261.12,174507000000.0,99329195.0,1756.8550716634722
4307.T,2022-03-31,,,,,
4307.T,2023-03-31,76307000000.0,128.92,399006000000.0,591693073.0,674.3462416704682
4307.T,2024-03-31,79643000000.0,136.9,399532000000.0,576251311.0,693.3294421606964
4307.T,2025-03-31,93762000000.0,163.57,434040000000.0,572107789.0,758.6682236203569
4307.T,2026-03-31,15257000000.0,26.52,433905000000.0,574404509.0,755.3997108333981
4318.T,2022-03-31,,,,,
4318.T,2023-03-31,3261661000.0,57.69,13723541000.0,56122728.0,244.52733302629196
4318.T,2024-03-31,3505919000.0,62.47,16416862000.0,56121492.0,292.52362000639613
4318.T,2025-03-31,3583562000.0,63.85,17838858000.0,56121492.0,317.8614353303366
4318.T,2026-03-31,4158976000.0,74.11,19375728000.0,56122212.0,345.2417021624166
4323.T,2022-03-31,,,,,
4323.T,2023-03-31,1772210000.0,72.25,10768775000.0,24528384.0,439.03320332884545
4323.T,2024-03-31,2086939000.0,85.08,12658573000.0,24528152.0,516.0834375129443
4323.T,2025-03-31,2443453000.0,99.24,14762802000.0,24729352.0,596.9748823179839
4323.T,2026-03-31,2622007000.0,106.07,16752204000.0,24718901.0,677.7082848464825
4324.T,2021-12-31,,,,,
4324.T,2022-12-31,59847000000.0,223.33,880267000000.0,264375075.0,3329.6141854522407
4324.T,2023-12-31,-10714000000.0,-40.52,841651000000.0,264423455.0,3182.966503482076
4324.T,2024-12-31,-192172000000.0,-734.56,696838000000.0,259571443.0,2684.5711221014403
4324.T,2025-12-31,-327601000000.0,-1262.04,374849000000.0,259586825.0,1444.02166789474
4326.T,2022-06-30,3418793000.0,,30466247000.0,39244215.0,776.3245359857498
4326.T,2023-06-30,3505760000.0,91.21,30769802000.0,38073215.0,808.1745132371931
4326.T,2024-06-30,2456825000.0,64.47,32208921000.0,38129380.0,844.7271106952172
4326.T,2025-06-30,3505060000.0,91.83,33128913000.0,38188080.0,867.5197339064965
4326.T,2026-06-30,,44.58,,,
4337.T,2022-03-31,,,,,
4337.T,2023-03-31,1415000000.0,92.77,4351000000.0,15267844.0,284.978023092193
4337.T,2024-03-31,1118000000.0,73.23,5544000000.0,15278614.0,362.86013901522745
4337.T,2025-03-31,1591000000.0,104.03,7236000000.0,15313377.0,472.5280387206558
4337.T,2026-03-31,3317000000.0,216.37,10748000000.0,15346889.0,700.3373778229582
4343.T,2022-02-28,,,,,
4343.T,2023-02-28,-3376595000.0,-170.82,7977261000.0,19766906.0,403.5664964461307
4343.T,2024-02-29,1314661000.0,66.5,8335344000.0,19769673.0,421.6227552170438
4343.T,2025-02-28,-1816753000.0,-91.87,6605393000.0,19778321.0,333.9713719885525
4343.T,2026-02-28,2790686000.0,141.09,7846328000.0,19781771.0,396.6443651582055
4345.T,2022-03-31,,40.8,,,
4345.T,2023-03-31,1758000000.0,41.51,10581000000.0,42379155.0,249.67463367308764
4345.T,2024-03-31,1858000000.0,43.86,12230000000.0,42379155.0,288.5852726417032
4345.T,2025-03-31,2190000000.0,52.46,12872000000.0,41313155.0,311.5714595024273
4345.T,2026-03-31,2686000000.0,,15706000000.0,41265079.0,380.61238171869246
4362.T,2022-03-31,,,,,
4362.T,2023-03-31,4079580000.0,174.42,45266644000.0,22809097.0,1984.587289887013
4362.T,2024-03-31,3327674000.0,146.4,46647785000.0,22490907.0,2074.073090960716
4362.T,2025-03-31,3870959000.0,172.06,48160507000.0,22498766.0,2140.5843769387175
4362.T,2026-03-31,4428588000.0,202.38,51381788000.0,21685000.0,2369.4622089001614
4365.T,2022-03-31,,,,,
4365.T,2023-03-31,7247000000.0,2259.37,64693000000.0,2901736.0,22294.585034613763
4365.T,2024-03-31,7504000000.0,2586.38,73357000000.0,2901423.0,25283.11108032162
4365.T,2025-03-31,6830000000.0,2354.19,79402000000.0,2901338.0,27367.37326019926
4365.T,2026-03-31,8037000000.0,2770.53,89229000000.0,2901140.0,30756.530191579863
4368.T,2022-03-31,,,,,
4368.T,2023-03-31,14129459000.0,133.633333,87502823000.0,105730602.0,827.601672030582
4368.T,2024-03-31,8343299000.0,78.9,95025014000.0,105748986.0,898.5903089415912
4368.T,2025-03-31,11622785000.0,109.893333,104048975000.0,105770733.0,983.7217919251822
4368.T,2026-03-31,14311582000.0,135.28,117216922000.0,105796374.0,1107.948387720736
4369.T,2022-01-31,,,,,
4369.T,2023-01-31,4832417000.0,148.7,25876059000.0,32497640.0,796.2442503517178
4369.T,2024-01-31,2470625000.0,76.03,27570414000.0,32496938.0,848.4003631357515
4369.T,2025-01-31,4961998000.0,152.69,31587683000.0,32496830.0,972.0235173707713
4369.T,2026-01-31,5515240000.0,169.72,36149550000.0,32496751.0,1112.4050524312415
4373.T,2022-03-31,,,,,
4373.T,2023-03-31,5432000000.0,24.2275,41984000000.0,229002248.0,183.3344448216945
4373.T,2024-03-31,6194000000.0,26.885,47089000000.0,232731212.0,202.33212208768973
4373.T,2025-03-31,7781000000.0,33.455,48810000000.0,227798112.0,214.268676642939
4373.T,2026-03-31,10538000000.0,46.42,51450000000.0,223693624.0,230.00208535224053
4375.T,2021-12-31,,,,,
4375.T,2022-12-31,-1434321000.0,-27.05,11241467000.0,53874932.0,208.65858355050918
4375.T,2023-12-31,-1438686000.0,-26.34,10016941000.0,55242402.0,181.3270357071005
4375.T,2024-12-31,-1552485000.0,-28.07,8547011000.0,55430043.0,154.1945583552948
4375.T,2025-12-31,437887000.0,7.88,9098273000.0,55697233.0,163.35233385830855
4377.T,2021-12-31,,,,,
4377.T,2022-12-31,446099000.0,25.813333,2294999000.0,17281422.0,132.80151367173372
4377.T,2023-12-31,694540000.0,13.36,3056191000.0,17628042.0,173.37098470720684
4377.T,2024-12-31,923371000.0,17.373333,4044122000.0,17827659.0,226.8453754920935
4377.T,2025-12-31,1500577000.0,83.31,5531667000.0,18345699.0,301.5239157690312
4385.T,2022-06-30,,,,,
4385.T,2023-06-30,13113000000.0,81.28,55346000000.0,162465460.0,340.66317849960234
4385.T,2024-06-30,13461000000.0,82.48,71836000000.0,163889414.0,438.3199515253621
4385.T,2025-06-30,26114000000.0,159.05,99269000000.0,164548237.0,603.282063727003
4385.T,2026-06-30,35401000000.0,214.74,137069000000.0,165220296.0,829.6135724148563
4390.T,2022-03-31,,,,,
4390.T,2023-03-31,2292000000.0,184.52,9616000000.0,12440405.0,772.9651888342863
4390.T,2024-03-31,2835000000.0,225.08,11563000000.0,12867405.0,898.627190175486
4390.T,2025-03-31,2544000000.0,197.14,15530000000.0,12962874.0,1198.0367933839364
4390.T,2026-03-31,4196000000.0,322.41,19122000000.0,13081974.0,1461.7060085886121
4392.T,2021-12-31,,,,,
4392.T,2022-12-31,685000000.0,23.36,9700000000.0,30081959.0,322.45240411370816
4392.T,2023-12-31,210000000.0,6.97,9577000000.0,30174519.0,317.3869979501579
4392.T,2024-12-31,-1412000000.0,-46.72,8167000000.0,30255681.0,269.93277725264227
4392.T,2025-12-31,783000000.0,25.83,8856000000.0,30374332.0,291.561967519154
4401.T,2022-03-31,,,,,
4401.T,2023-03-31,16778000000.0,163.3,260949000000.0,102563293.0,2544.2728325815356
4401.T,2024-03-31,22977000000.0,224.87,285142000000.0,102131693.0,2791.9051532808726
4401.T,2025-03-31,25019000000.0,245.55,296690000000.0,101735522.0,2916.2871941621333
4401.T,2026-03-31,27866000000.0,277.95,313437000000.0,97858094.0,3202.974707437077
4403.T,2022-03-31,,,,,
4403.T,2023-03-31,33973000000.0,139.01,239175000000.0,242365128.0,986.8375123668782
4403.T,2024-03-31,33990000000.0,141.17,265002000000.0,238955745.0,1109.0003297472508
4403.T,2025-03-31,36497000000.0,153.88,278527000000.0,233532329.0,1192.6699878884863
4403.T,2026-03-31,40550000000.0,176.34,295345000000.0,226434665.0,1304.3276743867818
4413.T,2022-02-28,,,,,
4413.T,2023-02-28,793970000.0,25.275,3762239000.0,31681620.0,118.75147167348135
4413.T,2024-02-29,1161035000.0,36.705,4251405000.0,31335664.0,135.67304653253876
4413.T,2025-02-28,1799365000.0,56.69,4571842000.0,30947438.0,147.7292562957877
4413.T,2026-02-28,2457800000.0,79.09,7718798000.0,31195253.0,247.43501839847235
4417.T,2022-03-31,,,,,
4417.T,2023-03-31,488120000.0,36.1,1720169000.0,14561930.0,118.12781684845346
4417.T,2024-03-31,783428000.0,52.42,2433625000.0,15064852.0,161.54323985393285
4417.T,2025-03-31,1010077000.0,67.24,3078909000.0,15013194.0,205.0802114460121
4417.T,2026-03-31,1486742000.0,67.24,4401237000.0,15051988.0,292.4023723643681
4419.T,2022-03-31,,,,,
4419.T,2023-03-31,-388016000.0,-7.92,8286907000.0,49407656.0,167.72515984162453
4419.T,2024-03-31,-78447000.0,-1.58,8220034000.0,50070184.0,164.17023752099652
4419.T,2025-03-31,659714000.0,12.859869,9103020000.0,51300211.0,177.44605377938893
4419.T,2026-03-31,1513173000.0,29.39,10852958000.0,51898282.0,209.1197932139642
4431.T,2022-04-30,,,,,
4431.T,2023-04-30,887602000.0,46.26,4681151000.0,19150298.0,244.44272355448464
4431.T,2024-04-30,1212952000.0,63.21,5969150000.0,19218698.0,310.59075906182613
4431.T,2025-04-30,1645184000.0,85.46,7672793000.0,19260996.0,398.3590983560767
4431.T,2026-04-30,2228796000.0,115.71,9612873000.0,19262297.0,499.05122945617546
4432.T,2022-02-28,,,,,
4432.T,2023-02-28,4401036000.0,129.54,34516913000.0,34091657.0,1012.4739023392145
4432.T,2024-02-29,5411418000.0,158.05,39074456000.0,34389138.0,1136.2441245255989
4432.T,2025-02-28,5929546000.0,171.97,41792393000.0,34543442.0,1209.8502806987212
4432.T,2026-02-28,6500157000.0,187.57,47000138000.0,34679738.0,1355.2621995010459
4443.T,2023-05-31,-141000000.0,-1.13,13115000000.0,125409713.0,104.57722680539106
4443.T,2024-05-31,953000000.0,7.59,14642000000.0,125834545.0,116.35914446227783
4443.T,2025-05-31,424000000.0,3.36,15918000000.0,126373881.0,125.95957229484786
4443.T,2026-05-31,6778000000.0,53.58,21009000000.0,126137942.0,166.55575370018326
4452.T,2021-12-31,,,,,
4452.T,2022-12-31,86038000000.0,91.640916,972061000000.0,929668080.0,1045.60005975466
4452.T,2023-12-31,43870000000.0,47.185472,983658000000.0,929730552.0,1058.0033084682368
4452.T,2024-12-31,107767000000.0,115.97116,1066776000000.0,928969334.0,1148.3436115233487
4452.T,2025-12-31,120081000000.0,130.151302,1064077000000.0,904637112.0,1176.2473436973034
4461.T,2022-03-31,,244.81,,,
4461.T,2023-03-31,-407000000.0,-41.87,34346000000.0,9558321.0,3593.308908541573
4461.T,2024-03-31,1174000000.0,122.81,36746000000.0,9569948.0,3839.72828274511
4461.T,2025-03-31,2585000000.0,270.08,38728000000.0,9575834.0,4044.3474688471
4461.T,2026-03-31,6169000000.0,,52038000000.0,10611084.0,4904.117241933058
4462.T,2022-03-31,,130.01,,,
4462.T,2023-03-31,1684857000.0,110.32,21900001000.0,15133572.0,1447.1138076324612
4462.T,2024-03-31,1906932000.0,127.56,23106560000.0,14926421.0,1548.0308373989988
4462.T,2025-03-31,2465418000.0,,21899326000.0,13657521.0,1603.4627367587427
4462.T,2026-03-31,2969296000.0,,24726539000.0,13665583.0,1809.4024235921731
4463.T,2021-12-31,,,,,
4463.T,2022-12-31,2114000000.0,134.08,27959000000.0,15762000.0,1773.8231188935415
4463.T,2023-12-31,1691000000.0,107.09,30132000000.0,15804987.0,1906.4868575975418
4463.T,2024-12-31,2754000000.0,174.17,33648000000.0,15831000.0,2125.450066325564
4463.T,2025-12-31,2384000000.0,150.28,35201000000.0,15915633.0,2211.7247865667673
4464.T,2022-03-31,,,,,
4464.T,2023-03-31,2063803000.0,95.11,52772384000.0,21717688.0,2429.926426790918
4464.T,2024-03-31,2631199000.0,121.41,54627933000.0,21590983.0,2530.1271831856843
4464.T,2025-03-31,2913761000.0,135.18,56572829000.0,21508183.0,2630.2932702404473
4464.T,2026-03-31,2961021000.0,137.65,58845091000.0,21595164.0,2724.919847795553
446A.T,2024-01-31,,13.65,,69000000.0,
446A.T,2025-01-31,,32.9,,69000000.0,
446A.T,2026-01-31,4046000000.0,65.51,16454000000.0,69000000.0,238.46376811594203
4471.T,2022-03-31,,303.76,,,
4471.T,2023-03-31,5684000000.0,257.57,146067000000.0,22074249.0,6617.0767576283115
4471.T,2024-03-31,-8501000000.0,-384.908002,139036000000.0,22085797.0,6295.267497025351
4471.T,2025-03-31,4151000000.0,,135385000000.0,22122156.0,6119.882709442967
4471.T,2026-03-31,15637000000.0,706.89,159235000000.0,22121273.0,7198.274710501516
4475.T,2022-09-30,321169000.0,9.88,2091807000.0,32500324.0,64.36265066157495
4475.T,2023-09-30,508834000.0,15.75,2415277000.0,32267583.0,74.85150034323922
4475.T,2024-09-30,827410000.0,25.67,2986669000.0,32133946.0,92.94435859200112
4475.T,2025-09-30,1358412000.0,42.4,3893504000.0,31850068.0,122.2447625543531
4477.T,2021-12-31,,,,,
4477.T,2022-12-31,-1732000000.0,-15.46,13499000000.0,113631964.0,118.79579939320595
4477.T,2023-12-31,-606000000.0,-5.31,13001000000.0,115177929.0,112.87752881891113
4477.T,2024-12-31,340000000.0,2.94,13599000000.0,116350048.0,116.8800549184131
4477.T,2025-12-31,1826000000.0,15.87,14921000000.0,115096321.0,129.63924363837833
4478.T,2022-06-30,-11609024000.0,-208.22,36428620000.0,56693133.0,642.5578914469236
4478.T,2023-06-30,-12338435000.0,-215.64,26058154000.0,57862604.0,450.3453387614564
4478.T,2024-06-30,-10150671000.0,-174.43,16952344000.0,58557090.0,289.5011347046105
4478.T,2025-06-30,1370024000.0,23.28,19663281000.0,59159129.0,332.37948787244653
4480.T,2021-12-31,,,,,
4480.T,2022-12-31,1017000000.0,31.77,15080000000.0,32101931.0,469.753673073436
4480.T,2023-12-31,2566000000.0,79.53,17551000000.0,32354409.0,542.4608435901271
4480.T,2024-12-31,2798000000.0,86.17,20208000000.0,32520315.0,621.3961949630561
4480.T,2025-12-31,975000000.0,30.62,14799000000.0,30899614.0,478.9380216853194
4481.T,2021-12-31,,,,,
4481.T,2022-12-31,2726027000.0,150.9,10334253000.0,18175918.0,568.5684211383436
4481.T,2023-12-31,3433288000.0,187.61,12148675000.0,18769918.0,647.2417727131253
4481.T,2024-12-31,3871444000.0,207.07,13232749000.0,18471742.0,716.3779680335509
4481.T,2025-12-31,4221970000.0,229.31,14249275000.0,18137394.0,785.6296775600729
4483.T,2022-03-31,,57.74,,,
4483.T,2023-03-31,4267000000.0,71.17,64539000000.0,62910034.0,1025.8935800289028
4483.T,2024-03-31,4607000000.0,71.76,70590000000.0,65330561.0,1080.5050334712416
4483.T,2025-03-31,7275000000.0,,78022000000.0,65373077.0,1193.4882612302308
4483.T,2026-03-31,6765000000.0,103.44,83677000000.0,65438992.0,1278.7024592310347
4502.T,2022-03-31,,,,,
4502.T,2023-03-31,317017000000.0,204.29,6354122000000.0,1554528812.0,4087.4906601602443
4502.T,2024-03-31,144067000000.0,92.09,7273264000000.0,1569013464.0,4635.565064851477
4502.T,2025-03-31,107928000000.0,68.36,6935084000000.0,1573649646.0,4407.006361058845
4502.T,2026-03-31,-152390000000.0,121.75,7429441000000.0,1579836830.0,4702.663502280802
4503.T,2023-03-31,98714000000.0,54.24,1507954000000.0,1796763075.0,839.2614591102948
4503.T,2024-03-31,17045000000.0,9.51,1595988000000.0,1793101398.0,890.0712484972364
4503.T,2025-03-31,50747000000.0,28.35,1513255000000.0,1790309954.0,845.2474928260383
4503.T,2026-03-31,291535000000.0,162.77,1829044000000.0,1791492258.0,1020.961152264159
4506.T,2022-03-31,,141.99,,,
4506.T,2023-03-31,-74512000000.0,-187.55,406749000000.0,397292154.0,1023.8032538644093
4506.T,2024-03-31,-314969000000.0,-792.79,156063000000.0,397290761.0,392.8180952589532
4506.T,2025-03-31,23634000000.0,59.49,169479000000.0,397289912.0,426.5877256908552
4506.T,2026-03-31,106865000000.0,,292467000000.0,397289049.0,736.1567119359487
4507.T,2022-03-31,,126.25,,,
4507.T,2023-03-31,184965000000.0,207.103333,1100046000000.0,882917658.0,1245.9213948578656
4507.T,2024-03-31,162030000000.0,186.17,1235325000000.0,850474731.0,1452.5122910441885
4507.T,2025-03-31,170435000000.0,,1361924000000.0,850687418.0,1600.9687826369145
4507.T,2026-03-31,205159000000.0,241.11,1685215000000.0,850975437.0,1980.333305437111
4516.T,2023-03-31,22812000000.0,338.7,195624000000.0,67353484.0,2904.437727378735
4516.T,2024-03-31,25851000000.0,383.82,220224000000.0,67352758.0,3269.710202513162
4516.T,2025-03-31,32558000000.0,483.4,247027000000.0,67378645.0,3666.2506347523017
4516.T,2026-03-31,29721000000.0,441.0,291550000000.0,67400929.0,4325.608034275017
4519.T,2021-12-31,,,,,
4519.T,2022-12-31,,227.64,1424387000000.0,1644317724.0,866.2480366233649
4519.T,2023-12-31,,197.83,1625580000000.0,1645313955.0,988.0059638830451
4519.T,2024-12-31,,235.39,1901499000000.0,1645525803.0,1155.5570848742261
4519.T,2025-12-31,,263.73,2025732000000.0,1645713419.0,1230.91418992677
4521.T,2022-03-31,,,,,
4521.T,2023-03-31,5440000000.0,144.8,136257000000.0,37472950.0,3636.142871057656
4521.T,2024-03-31,8025000000.0,212.67,143755000000.0,37869727.0,3796.0400401090824
4521.T,2025-03-31,13945000000.0,365.42,152634000000.0,38403876.0,3974.4425797021113
4521.T,2026-03-31,2144000000.0,56.57,147617000000.0,37868315.0,3898.166580688895
4523.T,2023-03-31,55432000000.0,193.31,799959000000.0,286793986.0,2789.3158122220875
4523.T,2024-03-31,42407000000.0,147.86,875614000000.0,286805291.0,3052.9910970157102
4523.T,2025-03-31,46433000000.0,163.76,841417000000.0,281888205.0,2984.9315617870566
4523.T,2026-03-31,38558000000.0,136.78,898992000000.0,281890616.0,3189.1519226734385
4526.T,2022-03-31,,,,,
4526.T,2023-03-31,6414000000.0,195.51,71344000000.0,32812100.0,2174.319839327565
4526.T,2024-03-31,8755000000.0,268.44,76612000000.0,30355784.0,2523.8023830977318
4526.T,2025-03-31,9388000000.0,310.08,79161000000.0,29873474.0,2649.8759401065977
4526.T,2026-03-31,7035000000.0,238.19,83339000000.0,29187811.0,2855.267220964258
4527.T,2022-03-31,,,,,
4527.T,2023-03-31,26377000000.0,115.62,209568000000.0,228138954.0,918.5980575680206
4527.T,2024-03-31,30936000000.0,135.61,246323000000.0,228138778.0,1079.706844050861
4527.T,2025-03-31,30841000000.0,135.38,263371000000.0,225964376.0,1165.542129525762
4527.T,2026-03-31,34247000000.0,151.56,301826000000.0,225964292.0,1335.7243187786503
4528.T,2022-03-31,,,,,
4528.T,2023-03-31,112723000000.0,230.85,741869000000.0,488333982.0,1519.1836475553732
4528.T,2024-03-31,127977000000.0,266.61,792961000000.0,469647454.0,1688.4175422358405
4528.T,2025-03-31,50047000000.0,106.55,782451000000.0,469772969.0,1665.593917984668
4528.T,2026-03-31,69767000000.0,148.49,850727000000.0,469907311.0,1810.4144798036564
4534.T,2022-03-31,,,,,
4534.T,2023-03-31,6649000000.0,178.93,126773000000.0,36533000.0,3470.095530068705
4534.T,2024-03-31,4547000000.0,126.8,127965000000.0,35451509.0,3609.5783680181285
4534.T,2025-03-31,5685000000.0,160.36,130693000000.0,35450469.0,3686.6366986569346
4534.T,2026-03-31,7903000000.0,222.96,140324000000.0,35449637.0,3958.4044259747993
4536.T,2022-03-31,,,,,
4536.T,2023-03-31,-14948000000.0,-38.6,293979000000.0,375540789.0,782.8150992141628
4536.T,2024-03-31,26642000000.0,72.59,306055000000.0,363209474.0,842.640464824439
4536.T,2025-03-31,36256000000.0,103.98,286242000000.0,341364039.0,838.5241774104975
4536.T,2026-03-31,37369000000.0,114.04,296989000000.0,321678841.0,923.2469225416041
4540.T,2022-03-31,,,,,
4540.T,2023-03-31,16482000000.0,215.63,252045000000.0,76391362.0,3299.3913631229666
4540.T,2024-03-31,16707000000.0,219.83,270801000000.0,75928491.0,3566.526825878839
4540.T,2025-03-31,32428000000.0,427.15,300528000000.0,75737610.0,3968.0153625127596
4540.T,2026-03-31,28117000000.0,376.28,321727000000.0,74545456.0,4315.849915788294
4543.T,2022-03-31,,,,,
4543.T,2023-03-31,89325000000.0,59.5,1111063000000.0,1489215266.0,746.0727977791224
4543.T,2024-03-31,106374000000.0,71.5,1327090000000.0,1484766876.0,893.8036141910806
4543.T,2025-03-31,116978000000.0,79.01,1368535000000.0,1474951467.0,927.8508687364151
4543.T,2026-03-31,135914000000.0,92.14,1584509000000.0,1475083041.0,1074.1829144248159
4544.T,2022-03-31,,,,,
4544.T,2023-03-31,15676000000.0,275.52,150045000000.0,56910867.0,2636.4911994751374
4544.T,2024-03-31,-7553000000.0,-132.77,142505000000.0,56819003.0,2508.051751629644
4544.T,2025-03-31,2761000000.0,48.6,137112000000.0,56818397.0,2413.162060872643
4544.T,2026-03-31,6823000000.0,121.52,137409000000.0,55485682.0,2476.476724211482
4547.T,2023-03-31,10528000000.0,228.31,193899000000.0,46115567.0,4204.632244898995
4547.T,2024-03-31,11160000000.0,246.61,220027000000.0,44205387.0,4977.379793100782
4547.T,2025-03-31,11961000000.0,274.21,209003000000.0,42805069.0,4882.669386656053
4547.T,2026-03-31,13779000000.0,331.54,230145000000.0,41452024.0,5552.0811239518725
4548.T,2022-03-31,,,,,
4548.T,2023-03-31,2236000000.0,40.49,67216000000.0,54541064.0,1232.3925327162667
4548.T,2024-03-31,2186000000.0,40.08,72281000000.0,54560348.0,1324.7899371902834
4548.T,2025-03-31,1214000000.0,22.25,73185000000.0,54577637.0,1340.9338333940696
4548.T,2026-03-31,1473000000.0,26.99,75298000000.0,54602792.0,1379.0137324845953
4549.T,2022-03-31,,,,,
4549.T,2023-03-31,5736000000.0,155.17,49534000000.0,37028813.0,1337.7150382865366
4549.T,2024-03-31,2634000000.0,71.69,45970000000.0,34597930.0,1328.6922078864256
4549.T,2025-03-31,2228000000.0,64.82,43596000000.0,33414351.0,1304.708865960018
4549.T,2026-03-31,3708000000.0,112.52,44033000000.0,32965573.0,1335.7268202193845
4552.T,2022-03-31,,,,,
4552.T,2023-03-31,3772000000.0,30.35,52161000000.0,124775535.0,418.03868041920236
4552.T,2024-03-31,5507000000.0,44.13,56176000000.0,124804394.0,450.1123574222876
4552.T,2025-03-31,-4460000000.0,-36.02,47339000000.0,121835306.0,388.54911235664315
4552.T,2026-03-31,2178000000.0,17.87,46938000000.0,121992906.0,384.7600777704238
4553.T,2022-03-31,,,,,
4553.T,2023-03-31,2201000000.0,44.72,136893000000.0,49221833.0,2781.1438879165676
4553.T,2024-03-31,16173000000.0,328.59,155892000000.0,49220143.0,3167.2398838824993
4553.T,2025-03-31,18986000000.0,385.71,171624000000.0,49227097.0,3486.372556155404
4553.T,2026-03-31,5250000000.0,106.66,178103000000.0,49227867.0,3617.930470154232
4554.T,2022-09-30,2696000000.0,111.01,35801000000.0,24294571.0,1473.6214111374925
4554.T,2023-09-30,3435000000.0,141.37,41172000000.0,24302808.0,1694.1252220731037
4554.T,2024-09-30,6146000000.0,252.85,45558000000.0,24312275.0,1873.8682414541627
4554.T,2025-09-30,3000000000.0,122.94,46902000000.0,24455235.0,1917.8715722829897
4559.T,2022-03-31,,,,,
4559.T,2023-03-31,6195865000.0,140.26,65449915000.0,44080208.0,1484.7914283889043
4559.T,2024-03-31,7731262000.0,175.39,79622561000.0,44079836.0,1806.3261623750143
4559.T,2025-03-31,9936323000.0,225.42,89539837000.0,44079523.0,2031.3249986847634
4559.T,2026-03-31,8454544000.0,191.8,108396740000.0,44079398.0,2459.124782058049
4565.T,2021-12-31,,,,,
4565.T,2022-12-31,382000000.0,4.68,57936000000.0,81922976.0,707.2008712183502
4565.T,2023-12-31,-7193000000.0,-87.18,66810000000.0,89446442.0,746.9274183091597
4565.T,2024-12-31,-4838000000.0,-53.92,68518000000.0,89900943.0,762.1499587607218
4565.T,2025-12-31,-12530000000.0,-138.8,60997000000.0,90494759.0,674.0390346804504
4568.T,2022-03-31,,,,,
4568.T,2023-03-31,109188000000.0,56.95,1445854000000.0,1917344029.0,754.092107692375
4568.T,2024-03-31,200731000000.0,104.69,1688173000000.0,1917502690.0,880.4018939863912
4568.T,2025-03-31,295756000000.0,155.96,1623416000000.0,1866653341.0,869.693351380555
4568.T,2026-03-31,259874000000.0,140.44,1664179000000.0,1819653230.0,914.5583194441944
4569.T,2022-03-31,,68.62,,,
4569.T,2023-03-31,4723000000.0,82.44,125460000000.0,57303936.0,2189.378405001709
4569.T,2024-03-31,5475000000.0,92.74,130733000000.0,57448785.0,2275.6442977862803
4569.T,2025-03-31,9086000000.0,158.17,136284000000.0,57448849.0,2372.2668490712495
4569.T,2026-03-31,3448000000.0,,142425000000.0,57446295.0,2479.272161938381
456A.T,2024-01-31,,19.831388,,91645600.0,
456A.T,2025-01-31,,24.200921,,91645600.0,
456A.T,2026-01-31,2941124000.0,33.195,11800294000.0,91645600.0,128.76007140550118
4577.T,2022-05-31,,,,,
4577.T,2023-05-31,3600000000.0,113.815,50672000000.0,31704391.0,1598.2644170645005
4577.T,2024-05-31,3295000000.0,105.0,52068000000.0,30586334.0,1702.328889758413
4577.T,2025-05-31,1908000000.0,62.74,52003000000.0,29986106.0,1734.23651607181
4577.T,2026-05-31,3161000000.0,107.49,52891000000.0,28743822.0,1840.0823662211658
4578.T,2022-12-31,133906000000.0,246.8,2225255000000.0,542633701.0,4100.841867910449
4578.T,2023-12-31,121616000000.0,224.1,2393683000000.0,542686037.0,4410.80631672858
4578.T,2024-12-31,343120000000.0,633.76,2733580000000.0,537092696.0,5089.586993750517
4578.T,2025-12-31,363150000000.0,685.06,3033444000000.0,528131369.0,5743.73002259595
4587.T,2021-12-31,,,,,
4587.T,2022-12-31,7554358000.0,58.19,32041465000.0,129830953.0,246.79372876512738
4587.T,2023-12-31,3035832000.0,23.41,40349709000.0,129607753.0,311.32172316882924
4587.T,2024-12-31,15014922000.0,115.85,56762298000.0,129611765.0,437.94093846341804
4587.T,2025-12-31,-3749204000.0,-28.99,51528263000.0,129213965.0,398.78246132296925
4588.T,2021-12-31,,,,,
4588.T,2022-12-31,-1148938000.0,-66.31,2159269000.0,17322962.0,124.64779406662672
4588.T,2023-12-31,-1938505000.0,-108.92,1474097000.0,19628362.0,75.10035732986788
4588.T,2024-12-31,-1684778000.0,-77.17,2752209000.0,24860362.0,110.70671456835585
4588.T,2025-12-31,-2058049000.0,-80.0,3999969000.0,29273959.0,136.6391542735986
4592.T,2022-01-31,,,,,
4592.T,2023-01-31,-5559584000.0,-95.99,4428909000.0,64075972.0,69.11965377598953
4592.T,2024-01-31,-2644332000.0,-40.48,2792398000.0,67928924.0,41.107643630568916
4592.T,2025-01-31,-2882885000.0,-40.48,1762922000.0,70926684.0,24.855553658761206
4592.T,2026-01-31,-3842612000.0,-52.55,13604667000.0,78032791.0,174.34551328556222
4593.T,2021-12-31,,,,,
4593.T,2022-12-31,-5169000000.0,-90.67,4382000000.0,63203924.0,69.33113836413068
4593.T,2023-12-31,-3823000000.0,-56.22,3856000000.0,74543322.0,51.72830907643209
4593.T,2024-12-31,-4235000000.0,-47.86,2063000000.0,90218902.0,22.866605049128175
4593.T,2025-12-31,-2217000000.0,-20.59,4890000000.0,115726900.0,42.25465298042201
4595.T,2021-12-31,,,,,
4595.T,2022-12-31,7838094000.0,411.47,14282701000.0,19048886.0,749.7919300897701
4595.T,2023-12-31,3774000000.0,198.13,15674000000.0,19048794.0,822.8342434696916
4595.T,2024-12-31,3773000000.0,198.12,17352000000.0,19048680.0,910.9292612401489
4595.T,2025-12-31,3425000000.0,179.84,18683000000.0,19048650.0,980.8044139610944
4611.T,2022-03-31,,,,,
4611.T,2023-03-31,3458000000.0,121.78,52197000000.0,28437539.0,1835.4963838467174
4611.T,2024-03-31,4600000000.0,161.7,59705000000.0,28464267.0,2097.542156978783
4611.T,2025-03-31,9437000000.0,331.4,65165000000.0,28496901.0,2286.7398809435454
4611.T,2026-03-31,1688000000.0,59.16,66892000000.0,28562533.0,2341.9491541594016
4612.T,2021-12-31,,,,,
4612.T,2022-12-31,79418000000.0,33.82,1148824000000.0,2348434215.0,489.1872178757198
4612.T,2023-12-31,118476000000.0,50.45,1358310000000.0,2348607198.0,578.3470310219154
4612.T,2024-12-31,179800000000.0,54.22,1589520000000.0,2348731408.0,676.7568205482949
4612.T,2025-12-31,125889000000.0,76.66,1803859000000.0,2327942208.0,774.8727583532864
4613.T,2023-03-31,25195000000.0,104.61,292909000000.0,230508062.0,1270.7104361495174
4613.T,2024-03-31,67109000000.0,299.15,309955000000.0,208651839.0,1485.5129074611223
4613.T,2025-03-31,38306000000.0,202.02,269411000000.0,176223193.0,1528.8055755521352
4613.T,2026-03-31,31641000000.0,179.65,300055000000.0,176046309.0,1704.409491482153
4617.T,2022-03-31,,4.92,,,
4617.T,2023-03-31,3848000000.0,76.69,58176000000.0,49554000.0,1173.9920087177625
4617.T,2024-03-31,9892000000.0,199.6,70515000000.0,49568219.0,1422.5849026369094
4617.T,2025-03-31,13721000000.0,,83531000000.0,49579000.0,1684.8060670848545
4617.T,2026-03-31,10995000000.0,221.66,95473000000.0,49613816.0,1924.3228539405234
4619.T,2023-03-31,2103000000.0,96.77,46193000000.0,21738065.0,2124.982145374945
4619.T,2024-03-31,3947000000.0,181.57,53397000000.0,21745401.0,2455.553705355905
4619.T,2025-03-31,4942000000.0,227.24,57457000000.0,21751678.0,2641.49735942211
4619.T,2026-03-31,5244000000.0,242.39,60231000000.0,21292151.0,2828.7888809355145
4620.T,2023-03-31,9901000.0,0.32,36660005000.0,30828878.0,1189.1449633684365
4620.T,2024-03-31,1074666000.0,34.86,39258510000.0,30829164.0,1273.4211670481886
4620.T,2025-03-31,510806000.0,16.94,40894922000.0,29898964.0,1367.7705354606935
4620.T,2026-03-31,3133648000.0,106.83,48384862000.0,29031574.0,1666.6289605930426
4626.T,2023-03-31,11405000000.0,101.855,92735000000.0,111512702.0,831.6092995397063
4626.T,2024-03-31,8654000000.0,77.445,100393000000.0,111851042.0,897.5598099479485
4626.T,2025-03-31,10779000000.0,96.59,102972000000.0,111042112.0,927.3238606989031
4626.T,2026-03-31,24011000000.0,164.55,115744000000.0,111276682.0,1040.1460388619423
4628.T,2022-03-31,,,,,
4628.T,2023-03-31,9034000000.0,670.15,140966000000.0,13483885.0,10454.405388358029
4628.T,2024-03-31,11825000000.0,131.2,152610000000.0,13481460.0,11319.990564820131
4628.T,2025-03-31,10729000000.0,795.62,163521000000.0,13490250.0,12121.42102629677
4628.T,2026-03-31,12252000000.0,908.27,174759000000.0,13490106.0,12954.605397466854
4631.T,2022-12-31,17610000000.0,186.05,386997000000.0,94652781.0,4088.59619243517
4631.T,2023-12-31,-39857000000.0,-421.06,363937000000.0,94659224.0,3844.7071993744635
4631.T,2024-12-31,21313000000.0,225.11,401420000000.0,94681956.0,4239.667376537933
4631.T,2025-12-31,32353000000.0,341.71,470880000000.0,94680045.0,4973.381666643694
4633.T,2022-12-31,4555000000.0,85.52,86270000000.0,50028820.0,1724.4060523514247
4633.T,2023-12-31,7466000000.0,149.22,98797000000.0,50044812.0,1974.170669279365
4633.T,2024-12-31,9006000000.0,180.64,112308000000.0,49605224.0,2264.035739461634
4633.T,2025-12-31,11609000000.0,235.26,119156000000.0,49128414.0,2425.3988740609457
4634.T,2021-12-31,,,,,
4634.T,2022-12-31,9308000000.0,171.49,219144000000.0,52988544.0,4135.686385343972
4634.T,2023-12-31,9737000000.0,183.69,245806000000.0,53023765.0,4635.770394652284
4634.T,2024-12-31,18540000000.0,352.53,262140000000.0,50749432.0,5165.378008565692
4634.T,2025-12-31,10340000000.0,210.5,266028000000.0,47424166.0,5609.545142027379
4641.T,2021-12-31,,,,,
4641.T,2022-12-31,3416932000.0,56.49,15687682000.0,60439830.0,259.55867182286914
4641.T,2023-12-31,3696080000.0,61.72,16822245000.0,59609808.0,282.20599200722137
4641.T,2024-12-31,3677439000.0,61.676667,18691736000.0,59626797.0,313.47878706280335
4641.T,2025-12-31,3981061000.0,67.573333,20374592000.0,58850784.0,346.2076562990223
464A.T,2022-05-31,,-12.176195,,,
464A.T,2023-05-31,-1105199000.0,-138.149875,5199830000.0,31802300.0,163.50484084484455
464A.T,2024-05-31,-427000000.0,-142.54,8436000000.0,36337800.0,232.1549460891964
464A.T,2025-05-31,-1848000000.0,-47.53,14880000000.0,47561000.0,312.8613780198061
464A.T,2026-05-31,1152000000.0,,31681000000.0,55859932.0,567.1507083109232
4658.T,2023-03-31,1940000000.0,56.67,21540000000.0,34274533.0,628.4549522527411
4658.T,2024-03-31,2725000000.0,79.4,24033000000.0,34362362.0,699.398952842648
4658.T,2025-03-31,3102000000.0,89.98,25923000000.0,34577252.0,749.7125566832206
4658.T,2026-03-31,3696000000.0,106.79,30733000000.0,34660252.0,886.6929184473327
4661.T,2022-03-31,,,,,
4661.T,2023-03-31,80734000000.0,49.29,829689000000.0,1638090800.0,506.4975641154935
4661.T,2024-03-31,120225000000.0,73.39,949563000000.0,1638433607.0,579.5553728531399
4661.T,2025-03-31,124160000000.0,75.62,977407000000.0,1638991889.0,596.3464533045044
4661.T,2026-03-31,121881000000.0,74.34,1100019000000.0,1639716602.0,670.8592196104385
4665.T,2022-03-31,,,,,
4665.T,2023-03-31,7196000000.0,146.13,151408000000.0,48502795.0,3121.634536731337
4665.T,2024-03-31,4589000000.0,95.32,154170000000.0,48120442.0,3203.8359082404104
4665.T,2025-03-31,8808000000.0,185.72,151219000000.0,46944248.0,3221.2466157728204
4665.T,2026-03-31,9180000000.0,195.31,157945000000.0,47078737.0,3354.911581421566
4666.T,2021-10-31,,,,,
4666.T,2022-10-31,2476000000.0,15.22,40044000000.0,170519935.0,234.834713020504
4666.T,2023-10-31,17542000000.0,102.87,58416000000.0,170519875.0,342.575902075931
4666.T,2024-10-31,18625000000.0,109.2,78145000000.0,170593260.0,458.07788654721764
4666.T,2025-10-31,15917000000.0,93.28,98193000000.0,170665872.0,575.3522883590927
4674.T,2022-03-31,,,,,
4674.T,2023-03-31,3328597000.0,79.05,24449452000.0,42140132.0,580.1940060368107
4674.T,2024-03-31,3728580000.0,90.06,27681259000.0,41199236.0,671.8876777229558
4674.T,2025-03-31,4405567000.0,106.833268,30815915000.0,41237782.0,747.2738228258736
4674.T,2026-03-31,5279100000.0,129.82,33479381000.0,40394449.0,828.8114290159026
4676.T,2022-03-31,,,,,
4676.T,2023-03-31,46855000000.0,210.69,837679000000.0,222383513.0,3766.821508930835
4676.T,2024-03-31,37082000000.0,169.27,857917000000.0,215947885.0,3972.796492079559
4676.T,2025-03-31,-20134000000.0,-95.74,818163000000.0,207456168.0,3943.7872967941835
4676.T,2026-03-31,6499000000.0,32.85,546716000000.0,142445818.0,3838.0628345298283
4680.T,2022-03-31,,,,,
4680.T,2023-03-31,9737000000.0,34.03,57312000000.0,280456516.0,204.35253499333922
4680.T,2024-03-31,9853000000.0,54.28,65657000000.0,269687172.0,243.45614777702517
4680.T,2025-03-31,4281000000.0,57.38,66882000000.0,262188267.0,255.09150644029393
4680.T,2026-03-31,5654000000.0,63.3,82634000000.0,262872673.0,314.34990581923284
4681.T,2022-03-31,,,,,
4681.T,2023-03-31,16906000000.0,79.485,117874000000.0,212896082.0,553.6691840106292
4681.T,2024-03-31,15892000000.0,75.015,129370000000.0,211140072.0,612.7212081276547
4681.T,2025-03-31,20139000000.0,95.19,144317000000.0,211821242.0,681.3150496020602
4681.T,2026-03-31,20912000000.0,98.479069,160252000000.0,212349693.0,754.66085086358
4684.T,2022-03-31,,,,,
4684.T,2023-03-31,50116000000.0,113.028,327863000000.0,443400465.0,739.4286336618975
4684.T,2024-03-31,58007000000.0,130.92,398690000000.0,439873320.0,906.3745898478226
4684.T,2025-03-31,64621000000.0,146.9,433850000000.0,439893890.0,986.2605729759056
4684.T,2026-03-31,75191000000.0,171.61,516010000000.0,433333390.0,1190.792151973334
4685.T,2022-03-31,,,,,
4685.T,2023-03-31,1834000000.0,144.38,14567000000.0,12712342.0,1145.8942813212545
4685.T,2024-03-31,2416000000.0,189.88,16746000000.0,12730366.0,1315.4374351845029
4685.T,2025-03-31,3383000000.0,265.56,19164000000.0,12747090.0,1503.4019529163127
4685.T,2026-03-31,3910000000.0,306.66,22224000000.0,12754612.0,1742.4285427106681
4686.T,2022-03-31,,,,,
4686.T,2023-03-31,13401000000.0,208.67,83676000000.0,64223918.0,1302.8790924901218
4686.T,2024-03-31,11636000000.0,181.19,94002000000.0,64223881.0,1463.661157443911
4686.T,2025-03-31,12327000000.0,191.94,105024000000.0,64223843.0,1635.2805296936217
4686.T,2026-03-31,15092000000.0,234.99,118686000000.0,64223780.0,1848.0070777521971
4687.T,2022-03-31,,,,,
4687.T,2023-03-31,2490157000.0,52.17,16409892000.0,47670322.0,344.23707060338296
4687.T,2024-03-31,3089406000.0,64.9,18477536000.0,47117042.0,392.1624791301627
4687.T,2025-03-31,3433822000.0,72.86,20881279000.0,47138595.0,442.9762702940128
4687.T,2026-03-31,3880504000.0,82.11,23436598000.0,47311075.0,495.37234146550253
4689.T,2022-03-31,,10.2,,,
4689.T,2023-03-31,178868000000.0,23.87,2919399000000.0,7530454471.0,387.67899218336566
4689.T,2024-03-31,113199000000.0,15.1,3037088000000.0,7500969608.0,404.89272170371925
4689.T,2025-03-31,153465000000.0,,2998170000000.0,7125407574.0,420.7717199139688
4689.T,2026-03-31,193692000000.0,27.97,2998805000000.0,6858608857.0,437.23225256377964
4694.T,2022-03-31,,,,,
4694.T,2023-03-31,15578000000.0,395.84,122488000000.0,39019362.0,3139.1594767746333
4694.T,2024-03-31,6034000000.0,154.81,125864000000.0,38984139.0,3228.595096072277
4694.T,2025-03-31,6263000000.0,160.62,129400000000.0,39006609.0,3317.3865485205342
4694.T,2026-03-31,7748000000.0,203.54,127665000000.0,37483599.0,3405.8895998754015
4704.T,2021-12-31,,,,,
4704.T,2022-12-31,29843000000.0,213.59,228660000000.0,139154284.0,1643.212076747849
4704.T,2023-12-31,10731000000.0,78.45,214388000000.0,135660427.0,1580.3282117046558
4704.T,2024-12-31,34358000000.0,259.05,119445000000.0,131296792.0,909.7328135785679
4704.T,2025-12-31,34523000000.0,262.42,130627000000.0,130680236.0,999.59262393741
4709.T,2022-03-31,,61.61,,,
4709.T,2023-03-31,1402641000.0,84.54,10382637000.0,16595286.0,625.6377262796194
4709.T,2024-03-31,1777155000.0,106.42,11954069000.0,16769023.0,712.8661580343709
4709.T,2025-03-31,2389934000.0,142.54,13554158000.0,16792071.0,807.176077328401
4709.T,2026-03-31,2907682000.0,,15186521000.0,33982924.0,446.8868246887761
4714.T,2022-02-28,,,,,
4714.T,2023-02-28,1492552000.0,9.67,9351652000.0,154364029.0,60.581808213881224
4714.T,2024-02-29,1661183000.0,10.76,8484754000.0,154363599.0,54.96602861663001
4714.T,2025-02-28,1743069000.0,10.71,12034072000.0,170083380.0,70.75395608906643
4714.T,2026-02-28,1615853000.0,9.49,12265787000.0,170301620.0,72.02390088831804
4716.T,2022-05-31,,,,,
4716.T,2023-05-31,52009000000.0,405.98,155852000000.0,128002071.0,1217.5740500323623
4716.T,2024-05-31,55603000000.0,434.16,191794000000.0,128123803.0,1496.9427655843153
4716.T,2025-05-31,60725000000.0,473.98,163680000000.0,128017028.0,1278.579908916492
4716.T,2026-05-31,63537000000.0,495.97,204726000000.0,128157048.0,1597.4618891034381
4718.T,2022-03-31,,,,,
4718.T,2023-03-31,1553305000.0,82.35,12532166000.0,18856789.0,664.5970318700602
4718.T,2024-03-31,2132009000.0,112.75,14263892000.0,18919303.0,753.9332712204039
4718.T,2025-03-31,2338913000.0,127.05,15184688000.0,18480347.0,821.6668225980821
4718.T,2026-03-31,2487016000.0,134.61,16557624000.0,18472947.0,896.3174094528609
4719.T,2023-03-31,2918840000.0,207.91,39775234000.0,14039165.0,2833.1623711239235
4719.T,2024-03-31,3045237000.0,216.91,41861142000.0,14038816.0,2981.814278355098
4719.T,2025-03-31,3211456000.0,228.76,43472509000.0,14038705.0,3096.618170978021
4719.T,2026-03-31,3750232000.0,267.14,45334783000.0,14038644.0,3229.2850363610614
471A.T,2022-12-31,,,29766000000.0,52155600.0,570.7153210776983
471A.T,2023-12-31,5106000000.0,97.898612,22876000000.0,52155600.0,438.61061899393354
471A.T,2024-12-31,5681000000.0,108.924066,28541000000.0,52155600.0,547.2279103298591
471A.T,2025-12-31,6325000000.0,121.271733,28884000000.0,52155600.0,553.804385339254
4722.T,2021-12-31,,,,,
4722.T,2022-12-31,9239000000.0,104.34,44828000000.0,88556048.0,506.21048491233483
4722.T,2023-12-31,9221000000.0,104.12,51386000000.0,88583837.0,580.0832492726636
4722.T,2024-12-31,10322000000.0,116.49,55489000000.0,88627584.0,626.0917594233416
4722.T,2025-12-31,11712000000.0,132.11,62754000000.0,88675961.0,707.6776985816934
4725.T,2021-12-31,,,,,
4725.T,2022-12-31,2093000000.0,123.6,28618000000.0,17003422.0,1683.0729720170445
4725.T,2023-12-31,2473000000.0,145.23,31938000000.0,17045662.0,1873.6731961480875
4725.T,2024-12-31,3096000000.0,181.38,37368000000.0,17080309.0,2187.7824341468295
4725.T,2025-12-31,3271000000.0,191.32,35230000000.0,17108281.0,2059.236693622229
4732.T,2022-03-31,,,,,
4732.T,2023-03-31,30008000000.0,61.34,191454000000.0,489172000.0,391.3838077404267
4732.T,2024-03-31,32906000000.0,68.28,196000000000.0,480373990.0,408.01542981126016
4732.T,2025-03-31,37636000000.0,78.65,204203000000.0,473305478.0,431.4401786830787
4732.T,2026-03-31,41360000000.0,88.78,207520000000.0,464297498.0,446.9548099955516
4733.T,2022-03-31,,,,,
4733.T,2023-03-31,11033417000.0,146.78,139788761000.0,75172000.0,1859.585497259618
4733.T,2024-03-31,13841443000.0,184.13,148894468000.0,75173794.0,1980.669859499176
4733.T,2025-03-31,16182920000.0,215.27,158990005000.0,75175764.0,2114.910398516203
4733.T,2026-03-31,18132302000.0,241.19576,169376934000.0,75176703.0,2253.0508420939927
4743.T,2022-03-31,,,,,
4743.T,2023-03-31,2291474000.0,82.96,17167669000.0,27843800.0,616.5706189528728
4743.T,2024-03-31,2770652000.0,101.77,18836664000.0,27064402.0,695.9940958606808
4743.T,2025-03-31,2914336000.0,108.09,19044606000.0,26434087.0,720.4563562191499
4743.T,2026-03-31,2757758000.0,104.27,20654078000.0,26463156.0,780.48430806968
4746.T,2021-12-31,,,,,
4746.T,2022-12-31,3409518000.0,191.34,29311281000.0,17826124.0,1644.2879562601495
4746.T,2023-12-31,3968243000.0,222.54,34061293000.0,17842948.0,1908.9498551472548
4746.T,2024-12-31,4495772000.0,251.63,40318822000.0,17893548.0,2253.2603371896953
4746.T,2025-12-31,5374173000.0,299.87,50516001000.0,17969948.0,2811.137850816263
4751.T,2022-09-30,24219000000.0,47.89,146010000000.0,505922996.0,288.60123211319694
4751.T,2023-09-30,5332000000.0,10.53,146514000000.0,506190160.0,289.44458343481034
4751.T,2024-09-30,15977000000.0,32.09,158277000000.0,506343302.0,312.5883158221376
4751.T,2025-09-30,31667000000.0,62.52,183752000000.0,506778493.0,362.5883942158532
4755.T,2022-12-31,-377217000000.0,-237.73,791351000000.0,1590463000.0,497.5601444359284
4755.T,2023-12-31,-339473000000.0,-177.27,836572000000.0,2142139916.0,390.5309796766795
4755.T,2024-12-31,-162442000000.0,-75.61,927868000000.0,2154479504.0,430.6692165218203
4755.T,2025-12-31,-177886000000.0,-82.24,992402000000.0,2169966222.0,457.3352294328939
4763.T,2022-02-28,,,,,
4763.T,2023-02-28,2899623000.0,130.52,14045001000.0,22036315.0,637.3570626486324
4763.T,2024-02-29,2658102000.0,120.84,15552801000.0,21792715.0,713.6697286226154
4763.T,2025-02-28,2251469000.0,105.45,15878326000.0,21149011.0,750.7833817855596
4763.T,2026-02-28,4075497000.0,192.61,19119913000.0,21175231.0,902.9376350132851
4765.T,2022-03-31,,,,,
4765.T,2023-03-31,5443020000.0,60.7,16481042000.0,89673480.0,183.7894771118507
4765.T,2024-03-31,1589278000.0,17.72,15964397000.0,89673480.0,178.02807474406035
4765.T,2025-03-31,1646935000.0,18.37,15242548000.0,89673475.0,169.97833528811057
4765.T,2026-03-31,3073277000.0,28.3,32630883000.0,138062512.0,236.3486114174136
4768.T,2022-12-31,40022000000.0,105.545,319387000000.0,379202240.0,842.2603199812322
4768.T,2023-12-31,47448000000.0,125.13,343111000000.0,379201844.0,904.8241864562241
4768.T,2024-12-31,53481000000.0,129.2,370796000000.0,379201199.0,977.8344609084425
4768.T,2025-12-31,64303000000.0,169.58,394322000000.0,379201199.0,1039.8754039804605
4771.T,2022-03-31,,,,,
4771.T,2023-03-31,1881341000.0,128.92,10568196000.0,14592611.0,724.2155636164083
4771.T,2024-03-31,1609218000.0,110.28,11618215000.0,14592569.0,796.1733811229537
4771.T,2025-03-31,1814337000.0,123.4,13213533000.0,14792569.0,893.2547821815128
4771.T,2026-03-31,2825711000.0,191.02,15423442000.0,14792503.0,1042.6526193707718
4776.T,2021-12-31,,12.03,,,
4776.T,2022-12-31,66000000.0,1.45,4628000000.0,45878302.0,100.87557294513645
4776.T,2023-12-31,2488000000.0,52.29,11251000000.0,47618322.0,236.27460035236018
4776.T,2024-12-31,3555000000.0,,11629000000.0,46207617.0,251.6684640975967
4776.T,2025-12-31,7081000000.0,153.17,17807000000.0,46244097.0,385.06536304514714
4784.T,2021-12-31,,20.52,,,
4784.T,2022-12-31,395970000.0,24.98,5399168000.0,16050033.0,336.39606846914273
4784.T,2023-12-31,40343000.0,2.5,5206549000.0,16121333.0,322.9602043453851
4784.T,2024-12-31,-4000000.0,,5201000000.0,16124533.0,322.5519771642379
4784.T,2025-12-31,5563000000.0,20.28,13891000000.0,274247024.0,50.651415637604146
4792.T,2022-03-31,,,,,
4792.T,2023-03-31,2114359000.0,111.08,14854802000.0,19037349.0,780.2978240300159
4792.T,2024-03-31,2861559000.0,150.18,16640325000.0,19061099.0,872.9992431181435
4792.T,2025-03-31,2882297000.0,151.07,18040141000.0,19098978.0,944.56054140698
4792.T,2026-03-31,2895210000.0,151.33,19878180000.0,19204804.0,1035.0628936384876
4812.T,2021-12-31,,,,,
4812.T,2022-12-31,12598000000.0,64.503333,73837000000.0,195205440.0,378.25277820126325
4812.T,2023-12-31,14663000000.0,75.116667,82970000000.0,195210549.0,425.0282601274791
4812.T,2024-12-31,15117000000.0,77.44,91192000000.0,195223977.0,467.1147540447862
4812.T,2025-12-31,16365000000.0,83.83,100157000000.0,195177393.0,513.1588165028928
4816.T,2022-03-31,,,,,
4816.T,2023-03-31,20900000000.0,102.22,114501000000.0,204438250.0,560.0762088307839
4816.T,2024-03-31,18795000000.0,91.93,131712000000.0,204476717.0,644.1417973274679
4816.T,2025-03-31,23623000000.0,115.52,153197000000.0,204496371.0,749.1428784327913
4816.T,2026-03-31,25070000000.0,122.67,171037000000.0,204312971.0,837.1323619977119
4819.T,2022-03-31,,,,,
4819.T,2023-03-31,-9051000000.0,-193.13,80030000000.0,46072674.0,1737.0383147285959
4819.T,2024-03-31,5806000000.0,126.77,89251000000.0,47379729.0,1883.73808554287
4819.T,2025-03-31,-7190000000.0,-155.29,75417000000.0,45832562.0,1645.4895102743765
4819.T,2026-03-31,1283000000.0,27.96,75583000000.0,45925267.0,1645.782483964655
4820.T,2021-12-31,,,,,
4820.T,2022-12-31,1893000000.0,26.75,19478000000.0,70649651.0,275.69846027972596
4820.T,2023-12-31,1962000000.0,27.76,20519000000.0,70696151.0,290.2421095032458
4820.T,2024-12-31,2425000000.0,34.54,20589000000.0,69129906.0,297.8305800097573
4820.T,2025-12-31,2452000000.0,35.44,20388000000.0,69221006.0,294.5348699497375
4825.T,2022-05-31,,49.0625,,,
4825.T,2023-05-31,2398073000.0,54.4175,18400223000.0,44100996.0,417.2291936445154
4825.T,2024-05-31,2437821000.0,55.2125,19781173000.0,44179796.0,447.74251560600237
4825.T,2025-05-31,3115362000.0,70.38,21533500000.0,44317696.0,485.8894289089397
4825.T,2026-05-31,3806455000.0,,23876054000.0,44420186.0,537.5045930694662
4828.T,2022-03-31,,,,,
4828.T,2023-03-31,2328244000.0,38.804,9287242000.0,59999010.0,154.7899207003582
4828.T,2024-03-31,2625796000.0,43.82,10950414000.0,59871780.0,182.8977524970863
4828.T,2025-03-31,3330791000.0,55.632,13384527000.0,59871660.0,223.55363121717355
4828.T,2026-03-31,4890788000.0,81.78,16071362000.0,59646660.0,269.44278187579994
4832.T,2022-03-31,,,,,
4832.T,2023-03-31,4323444000.0,137.645,25882705000.0,31409954.0,824.0287457918595
4832.T,2024-03-31,4968547000.0,158.185,29033185000.0,31409724.0,924.3374758721217
4832.T,2025-03-31,5442363000.0,173.27,33005781000.0,31409724.0,1050.8141045747489
4832.T,2026-03-31,4265757000.0,135.81,35467365000.0,31409675.0,1129.1859912590628
4847.T,2022-06-30,,,,,
4847.T,2023-06-30,1165252000.0,44.34,8799641000.0,26279949.0,334.84239257846355
4847.T,2024-06-30,1420777000.0,54.19,9222837000.0,26181714.0,352.2625371280123
4847.T,2025-06-30,1349786000.0,51.55,9475382000.0,26181662.0,361.909110277262
4847.T,2026-06-30,1487011000.0,56.79,10065667000.0,26184057.0,384.41968714015553
4848.T,2021-12-31,,137.34,,,
4848.T,2022-12-31,6622000000.0,183.11,23883000000.0,36109349.0,661.4076592740568
4848.T,2023-12-31,5889000000.0,164.86,25604000000.0,35209349.0,727.1932235952446
4848.T,2024-12-31,5493000000.0,,28870000000.0,35213549.0,819.8548802905382
4848.T,2025-12-31,4784000000.0,136.84,30858000000.0,34921379.0,883.6420806864471
4849.T,2022-03-31,,,,,
4849.T,2023-03-31,2695000000.0,60.98,34947000000.0,42525051.0,821.797956221146
4849.T,2024-03-31,4196000000.0,102.761837,32148000000.0,40832279.0,787.3182880632256
4849.T,2025-03-31,7628000000.0,186.76,37601000000.0,40862976.0,920.1728234380188
4849.T,2026-03-31,2616000000.0,66.42,31820000000.0,37757493.0,842.7466304502791
485A.T,2023-12-31,-6166000000.0,-71.836688,5243000000.0,108896100.0,48.146811501972984
485A.T,2024-12-31,-8013000000.0,-93.355073,1669000000.0,108896100.0,15.326536028379346
485A.T,2025-12-31,-1646000000.0,-17.133333,6647000000.0,109060800.0,60.94765488608189
4886.T,2022-03-31,,,,,
4886.T,2023-03-31,4238000000.0,150.08,54531000000.0,28283199.0,1928.035085422975
4886.T,2024-03-31,7545000000.0,266.51,61929000000.0,28329242.0,2186.0450766737777
4886.T,2025-03-31,5101000000.0,179.95,65309000000.0,28363723.0,2302.5538643146388
4886.T,2026-03-31,5424000000.0,191.12,70359000000.0,28396114.0,2477.7686129869744
4887.T,2022-03-31,,,,,
4887.T,2023-03-31,12667000000.0,96.416667,201643000000.0,131374017.0,1534.8773266177893
4887.T,2024-03-31,13695000000.0,104.22,212662000000.0,131408919.0,1618.3224214788647
4887.T,2025-03-31,11969000000.0,185.01,173854000000.0,115451314.0,1505.8641948414722
4887.T,2026-03-31,10438000000.0,90.39,178556000000.0,115485634.0,1546.1317032731533
4894.T,2022-03-31,,,,,
4894.T,2023-03-31,-452077000.0,-59.938751,3453622000.0,7535563.0,458.3097507113934
4894.T,2024-03-31,-632183000.0,-85.86,5982277000.0,7952360.0,752.2643592593897
4894.T,2025-03-31,-644342000.0,-80.52,5526908000.0,8093260.0,682.9025633675428
4894.T,2026-03-31,-1022640000.0,-124.54,4750403000.0,8257480.0,575.2848326608117
4901.T,2022-03-31,,175.776667,,,
4901.T,2023-03-31,219422000000.0,60.8,2763145000000.0,1203292641.0,2296.3200354185497
4901.T,2024-03-31,243509000000.0,67.43,3169247000000.0,1204067892.0,2632.116528525453
4901.T,2025-03-31,260951000000.0,,3348480000000.0,1204833785.0,2779.2049340648264
4901.T,2026-03-31,276735000000.0,229.65,3839550000000.0,1205329816.0,3185.4766629285805
4902.T,2023-03-31,-103153000000.0,-208.89,487424000000.0,493911513.0,986.8650298094994
4902.T,2024-03-31,4521000000.0,9.15,539816000000.0,494484208.0,1091.6749033975216
4902.T,2025-03-31,-47484000000.0,-95.98,463154000000.0,494826618.0,935.9924934353471
4902.T,2026-03-31,30268000000.0,61.25,536505000000.0,494183693.0,1085.638817305127
4911.T,2021-12-31,,,,,
4911.T,2022-12-31,34202000000.0,85.6,604259000000.0,399547548.0,1512.3581737010184
4911.T,2023-12-31,21749000000.0,54.43,618748000000.0,399655801.0,1548.20222414337
4911.T,2024-12-31,-10813000000.0,-27.06,632474000000.0,399423137.0,1583.468611133561
4911.T,2025-12-31,-40680000000.0,-101.83,600756000000.0,399536326.0,1503.6329888061293
4912.T,2021-12-31,,,,,
4912.T,2022-12-31,21939000000.0,77.04,264255000000.0,284232446.0,929.714407059636
4912.T,2023-12-31,14624000000.0,51.42,280316000000.0,284460939.0,985.4287937930205
4912.T,2024-12-31,21197000000.0,76.51,293717000000.0,276387323.0,1062.7006941269879
4912.T,2025-12-31,27587000000.0,99.74,322726000000.0,276651853.0,1166.5419786651491
4914.T,2023-03-31,7393000000.0,75.318,120209000000.0,97279070.0,1235.712882534753
4914.T,2024-03-31,2698000000.0,27.722,129052000000.0,97368305.0,1325.4004986530267
4914.T,2025-03-31,13325000000.0,136.78,144201000000.0,97452155.0,1479.710736001682
4914.T,2026-03-31,9525000000.0,97.72,153414000000.0,97496050.0,1573.5406716477232
4919.T,2021-12-31,,,,,
4919.T,2022-12-31,5577274000.0,171.49,43991750000.0,32525723.0,1352.5218178854932
4919.T,2023-12-31,4001627000.0,122.99,45932297000.0,32540127.0,1411.5586272911596
4919.T,2024-12-31,5017568000.0,154.12,48817089000.0,32562164.0,1499.1967057226295
4919.T,2025-12-31,3437911000.0,106.26,49058761000.0,31780630.0,1543.668611981575
4922.T,2022-12-31,18771000000.0,329.03,258992000000.0,57054541.0,4539.375752755595
4922.T,2023-12-31,11663000000.0,204.43,266155000000.0,57057540.0,4664.677096138389
4922.T,2024-12-31,7510000000.0,131.62,272296000000.0,57064865.0,4771.692704433805
4922.T,2025-12-31,15114000000.0,264.84,284192000000.0,57074326.0,4979.3316875962755
4923.T,2022-03-31,,,,,
4923.T,2023-03-31,1560964000.0,52.066667,10177410000.0,28248044.0,360.28724679131767
4923.T,2024-03-31,1349289000.0,45.504762,11039984000.0,28234940.0,391.00433717939546
4923.T,2025-03-31,1304523000.0,44.58,11207870000.0,27749462.0,403.8950376767665
4923.T,2026-03-31,1435681000.0,49.27,12086655000.0,29135489.0,414.84304588126184
4927.T,2021-12-31,,,,,
4927.T,2022-12-31,11446000000.0,51.74,171167000000.0,221231643.0,773.7003517168654
4927.T,2023-12-31,9665000000.0,43.69,168049000000.0,221238193.0,759.5840380055897
4927.T,2024-12-31,9286000000.0,41.97,164892000000.0,221265430.0,745.2226043625523
4927.T,2025-12-31,9472000000.0,42.81,163067000000.0,221267109.0,736.9689997621833
4928.T,2022-09-30,7589000000.0,222.2,52055000000.0,34156353.0,1524.0210217993706
4928.T,2023-09-30,7673000000.0,224.66,52790000000.0,34156353.0,1545.5397126268135
4928.T,2024-09-30,7970000000.0,233.34,53477000000.0,34156207.0,1565.6597935479194
4928.T,2025-09-30,8030000000.0,235.1,53767000000.0,34156207.0,1574.1501976492882
4931.T,2022-09-30,2357000000.0,109.91,17917000000.0,21465291.0,834.6963476991763
4931.T,2023-09-30,2394000000.0,111.37,19659000000.0,21512090.0,913.8582071755928
4931.T,2024-09-30,2795000000.0,129.69,21791000000.0,21574427.0,1010.0384126076674
4931.T,2025-09-30,2554000000.0,120.48,22807000000.0,21145708.0,1078.564028217925
4933.T,2021-12-31,,,,,
4933.T,2022-12-31,1927000000.0,110.23,10330000000.0,17482082.0,590.8907188514503
4933.T,2023-12-31,3954000000.0,224.37,14330000000.0,17771082.0,806.3662077525724
4933.T,2024-12-31,2951000000.0,167.77,16556000000.0,17484639.0,946.8882943479703
4933.T,2025-12-31,2097000000.0,119.64,18642000000.0,17781849.0,1048.3724161643709
4956.T,2023-03-31,10032000000.0,140.97,76974000000.0,70817278.0,1086.9381339395734
4956.T,2024-03-31,7344000000.0,108.87,79669000000.0,65177802.0,1222.3333336708715
4956.T,2025-03-31,8084000000.0,121.03,86252000000.0,66358444.0,1299.7893681774697
4956.T,2026-03-31,8033000000.0,124.9,88455000000.0,62420044.0,1417.0928812546174
4958.T,2022-09-30,8007000000.0,194.65,111015000000.0,41145454.0,2698.1109504831325
4958.T,2023-09-30,6671000000.0,162.16,116317000000.0,41146154.0,2826.922778736501
4958.T,2024-09-30,7201000000.0,175.04,119680000000.0,41145146.0,2908.7270707460852
4958.T,2025-09-30,6921000000.0,169.5,123322000000.0,40449326.0,3048.8023459278406
4966.T,2022-03-31,,,,,
4966.T,2023-03-31,10545507000.0,636.84,84364303000.0,16461316.0,5125.003553786344
4966.T,2024-03-31,10920792000.0,673.41,92713747000.0,16124282.0,5749.945765026932
4966.T,2025-03-31,14078000000.0,872.87,106117000000.0,16130868.0,6578.5052608452315
4966.T,2026-03-31,13946000000.0,864.57,116664000000.0,16088162.0,7251.543091125015
4967.T,2021-12-31,,,,,
4967.T,2022-12-31,20022000000.0,259.63,197899000000.0,76013914.0,2603.457572254469
4967.T,2023-12-31,20338000000.0,268.16,204816000000.0,74338914.0,2755.16534987315
4967.T,2024-12-31,10067000000.0,135.42,213466000000.0,74338819.0,2871.527996698468
4967.T,2025-12-31,3656000000.0,49.19,210999000000.0,74338764.0,2838.3442049157557
4968.T,2022-03-31,,,,,
4968.T,2023-03-31,-4941000000.0,-249.08,54082000000.0,19838909.0,2726.0571637281064
4968.T,2024-03-31,-1042000000.0,-52.56,56134000000.0,19838789.0,2829.507385758274
4968.T,2025-03-31,2644000000.0,133.31,58474000000.0,19838789.0,2947.4581336592673
4968.T,2026-03-31,2201000000.0,110.96,62357000000.0,19838729.0,3143.195312562614
4970.T,2023-03-31,3827000000.0,482.21,19638000000.0,7936923.0,2474.2586012236734
4970.T,2024-03-31,2396000000.0,301.98,21822000000.0,7936826.0,2749.4618125683996
4970.T,2025-03-31,3279000000.0,413.2,24827000000.0,7936788.0,3128.091615903058
4970.T,2026-03-31,2692000000.0,339.26,27449000000.0,7936738.0,3458.4737457630577
4971.T,2021-12-31,,,,,
4971.T,2022-12-31,3064520000.0,161.22,23325978000.0,19010949.0,1226.9759915720147
4971.T,2023-12-31,2304947000.0,122.29,24777407000.0,18724852.0,1323.2364667021134
4971.T,2024-12-31,2291615000.0,122.38,26897273000.0,18724852.0,1436.4478287999286
4971.T,2025-12-31,5028609000.0,272.14,30472066000.0,18260657.0,1668.727800976712
4972.T,2022-03-31,,,,,
4972.T,2023-03-31,1436799000.0,86.96,29977295000.0,16533106.0,1813.1677737988252
4972.T,2024-03-31,2629298000.0,158.845,32735381000.0,16563166.0,1976.3963604542755
4972.T,2025-03-31,4378529000.0,264.18,38003154000.0,16580166.0,2292.0852541524614
4972.T,2026-03-31,4046800000.0,243.93,41493332000.0,16595165.0,2500.326571022343
4975.T,2023-03-31,6013843000.0,232.62,37861725000.0,25626948.0,1477.4184190797905
4975.T,2024-03-31,5530464000.0,216.95,42250409000.0,25332674.0,1667.822709912108
4975.T,2025-03-31,7497000000.0,297.71,47811000000.0,24921235.0,1918.4843768777912
4975.T,2026-03-31,9074000000.0,365.74,54566000000.0,24619723.0,2216.3531246878774
4980.T,2022-03-31,,91.536667,,,
4980.T,2023-03-31,20685000000.0,116.873333,67737000000.0,173958000.0,389.38709343634673
4980.T,2024-03-31,22575000000.0,122.903333,85122000000.0,171512667.0,496.3015355594698
4980.T,2025-03-31,27737000000.0,162.04,95915000000.0,168043439.0,570.7750363285531
4980.T,2026-03-31,28009000000.0,,109363000000.0,167510141.0,652.8739057058044
4985.T,2021-12-31,,,,,
4985.T,2022-12-31,5303000000.0,240.47,62793000000.0,22063718.0,2845.98452536422
4985.T,2023-12-31,4102000000.0,185.386014,66545000000.0,22126804.0,3007.4383991470254
4985.T,2024-12-31,3475000000.0,158.26,68863000000.0,21777565.0,3162.10742569245
4985.T,2025-12-31,5238000000.0,240.0,74918000000.0,21847505.0,3429.132983377278
4992.T,2021-11-30,,108.06,,,
4992.T,2022-11-30,4214000000.0,155.6,38240000000.0,27081670.0,1412.0251816080765
4992.T,2023-11-30,3724000000.0,137.5,46770000000.0,27081046.0,1727.038165364809
4992.T,2024-11-30,4006000000.0,,46197000000.0,26614151.0,1735.805887627225
4992.T,2025-11-30,4452000000.0,169.9,52899000000.0,25780248.0,2051.9197487937276
4996.T,2021-10-31,,,,,
4996.T,2022-10-31,16329000000.0,135.45,115468000000.0,120158608.0,960.9631962447501
4996.T,2023-10-31,18024000000.0,149.88,133024000000.0,120325597.0,1105.5336795877272
4996.T,2024-10-31,13590000000.0,112.91,145917000000.0,120374289.0,1212.1940757631392
4996.T,2025-10-31,4381000000.0,36.38,144484000000.0,120423070.0,1199.8033267213666
4997.T,2022-03-31,,,,,
4997.T,2023-03-31,4488000000.0,57.23,70914000000.0,78423555.0,904.2436293534513
4997.T,2024-03-31,4777000000.0,60.89,78066000000.0,78463515.0,994.9337599774876
4997.T,2025-03-31,2356000000.0,30.06,77287000000.0,78256805.0,987.6074035989586
4997.T,2026-03-31,7228000000.0,92.32,85076000000.0,78325584.0,1086.1840493905543
5011.T,2022-03-31,,,,,
5011.T,2023-03-31,6284000000.0,205.73,72466000000.0,30262048.0,2394.6165176923914
5011.T,2024-03-31,4488000000.0,152.74,74833000000.0,29392297.0,2546.0072072625017
5011.T,2025-03-31,4848000000.0,165.29975,77317000000.0,29328538.0,2636.237783144867
5011.T,2026-03-31,4293000000.0,149.74,79630000000.0,28455429.0,2798.4115087493497
5013.T,2022-03-31,,,,,
5013.T,2023-03-31,898000000.0,66.04,34645000000.0,13609703.0,2545.6102899526904
5013.T,2024-03-31,3010000000.0,221.2,40195000000.0,13609644.0,2953.4203833693227
5013.T,2025-03-31,4315000000.0,317.94,43433000000.0,13514520.0,3213.8026359796722
5013.T,2026-03-31,4789000000.0,362.03,47742000000.0,13024420.0,3665.575895126232
5016.T,2023-03-31,36930000000.0,39.775409,492093000000.0,928463102.0,530.0081381155414
5016.T,2024-03-31,102624000000.0,110.53106,627388000000.0,928463102.0,675.7274453325556
5016.T,2025-03-31,68271000000.0,73.53,615297000000.0,928463102.0,662.7048492014279
5016.T,2026-03-31,104645000000.0,112.94,726488000000.0,926125921.0,784.4376056503876
5019.T,2023-03-31,253646000000.0,170.67,1614525000000.0,1465023865.0,1102.0468939596421
5019.T,2024-03-31,228518000000.0,161.32,1799894000000.0,1379039980.0,1305.1789840059605
5019.T,2025-03-31,104055000000.0,77.83,1720367000000.0,1224636980.0,1404.7975262024179
5019.T,2026-03-31,171914000000.0,140.38,1918124000000.0,1218272240.0,1574.462535565942
5020.T,2023-03-31,143766000000.0,46.57,2859832000000.0,3014570649.0,948.6697553260759
5020.T,2024-03-31,288121000000.0,95.64,3227213000000.0,2988651690.0,1079.822386395251
5020.T,2025-03-31,226071000000.0,79.96,3100660000000.0,2690370146.0,1152.5031247503293
5020.T,2026-03-31,258726000000.0,96.18,3369775000000.0,2689892692.0,1252.7544351572224
5021.T,2023-03-31,67935000000.0,405.575,527894000000.0,174730134.0,3021.196103472341
5021.T,2024-03-31,82060000000.0,469.055,601160000000.0,175175028.0,3431.7676832339366
5021.T,2025-03-31,57671000000.0,336.39,584782000000.0,165300616.0,3537.6879660266964
5021.T,2026-03-31,74023000000.0,453.06,606221000000.0,158789515.0,3817.7646679001446
5027.T,2021-12-31,,,,,
5027.T,2022-12-31,239000000.0,4.46,11424000000.0,56986200.0,200.46958737378523
5027.T,2023-12-31,559000000.0,9.73,13510000000.0,58323400.0,231.63944488832956
5027.T,2024-12-31,2335000000.0,39.52,16588000000.0,59855350.0,277.1347924621609
5027.T,2025-12-31,927000000.0,15.45,16885000000.0,59759950.0,282.54709048451343
5032.T,2022-04-30,,,,,
5032.T,2023-04-30,6698710000.0,110.78,13258742000.0,61794970.0,214.56021420513676
5032.T,2024-04-30,8725000000.0,139.83,19715000000.0,62454269.0,315.67097518986253
5032.T,2025-04-30,11510000000.0,188.57,21966000000.0,61067513.0,359.7002550275791
5032.T,2026-04-30,14091000000.0,231.61,26963000000.0,59950923.0,449.75120733337167
5036.T,2022-09-30,2647000000.0,65.969413,19711000000.0,44866400.0,439.3265338872742
5036.T,2023-09-30,3350000000.0,73.96,22219000000.0,45571721.0,487.5611346782361
5036.T,2024-09-30,1514000000.0,33.23,22733000000.0,45590795.0,498.6313574922306
5036.T,2025-09-30,5629000000.0,123.47,27242000000.0,45595805.0,597.4672450678303
5038.T,2021-12-31,,,,,
5038.T,2022-12-31,449562000.0,33.59,1105104000.0,13919260.0,79.39387582385845
5038.T,2023-12-31,612903000.0,43.06,1690039000.0,14961626.0,112.95824397695812
5038.T,2024-12-31,808261000.0,53.83,2409102000.0,15121253.0,159.31894003757492
5038.T,2025-12-31,1088240000.0,71.75,3375049000.0,15251596.0,221.29152909636474
5074.T,2022-06-30,2695000000.0,,25205000000.0,35114030.0,717.8042508934464
5074.T,2023-06-30,3592000000.0,51.05,28246000000.0,35216030.0,802.0779173575215
5074.T,2024-06-30,1185000000.0,16.82,41511000000.0,70513974.0,588.6918244034863
5074.T,2025-06-30,204000000.0,2.91,42555000000.0,70515974.0,603.4802837722982
5074.T,2026-06-30,,30.11,,,
5076.T,2022-03-31,,,,,
5076.T,2023-03-31,33487000000.0,129.35,361778000000.0,252516024.0,1432.6932377170647
5076.T,2024-03-31,32571000000.0,130.51,399923000000.0,246981083.0,1619.2454707148563
5076.T,2025-03-31,32416000000.0,124.15,519139000000.0,248486648.0,2089.2027969245255
5076.T,2026-03-31,76573000000.0,295.46,610601000000.0,252693368.0,2416.371291548894
5101.T,2021-12-31,,,,,
5101.T,2022-12-31,45918000000.0,286.38,614424000000.0,160615081.0,3825.444012944214
5101.T,2023-12-31,67234000000.0,419.32,739565000000.0,160747771.0,4600.779192141955
5101.T,2024-12-31,74919000000.0,467.81,893971000000.0,159482039.0,5605.465076854203
5101.T,2025-12-31,105398000000.0,668.55,1030851000000.0,157702962.0,6536.662260027811
5105.T,2021-12-31,,,279953000000.0,153939030.0,1818.5966223120934
5105.T,2022-12-31,47956000000.0,311.51,320683000000.0,153939030.0,2083.1818935067995
5105.T,2023-12-31,72273000000.0,469.42,395199000000.0,153968305.0,2566.7555410186533
5105.T,2024-12-31,74810000000.0,485.858078,472552000000.0,153975005.0,3069.0175980185877
5105.T,2025-12-31,63614000000.0,413.1,,,
5108.T,2022-12-31,300305000000.0,216.1,2965835000000.0,1368704966.0,2166.8913854149046
5108.T,2023-12-31,331305000000.0,241.995,3353592000000.0,1369302100.0,2449.1249958646818
5108.T,2024-12-31,284989000000.0,104.05,3731606000000.0,1369653066.0,2724.48994028682
5108.T,2025-12-31,327264000000.0,123.0,3661793000000.0,1276557746.0,2868.489899085223
5110.T,2021-12-31,,,,,
5110.T,2022-12-31,9415000000.0,35.8,546200000000.0,263008216.0,2076.7412072024395
5110.T,2023-12-31,37048000000.0,140.86,624114000000.0,263017792.0,2372.896507320691
5110.T,2024-12-31,44298000000.0,37.51,656134000000.0,263027862.0,2494.5418139771064
5110.T,2025-12-31,64984000000.0,191.62,716080000000.0,262836184.0,2724.4346235067846
5121.T,2022-03-31,,,,,
5121.T,2023-03-31,3947972000.0,181.05,33342032000.0,23152419.0,1440.1100809379789
5121.T,2024-03-31,3252339000.0,140.48,36499057000.0,23152373.0,1576.471534904867
5121.T,2025-03-31,3735814000.0,190.46,34433834000.0,19157393.0,1797.417529618983
5121.T,2026-03-31,3987481000.0,208.61,38604610000.0,18818462.0,2051.422161917377
5122.T,2022-03-31,,,,,
5122.T,2023-03-31,4893000000.0,271.06,75994000000.0,17606995.0,4316.125494441272
5122.T,2024-03-31,7388000000.0,420.34,88658000000.0,17542181.0,5053.989580885068
5122.T,2025-03-31,6674000000.0,383.35,94356000000.0,17336117.0,5442.741301296017
5122.T,2026-03-31,4855000000.0,282.84,110512000000.0,17088903.0,6466.886727603287
5161.T,2023-03-31,1170000000.0,30.4,71937000000.0,38423840.0,1872.1970526631383
5161.T,2024-03-31,5038000000.0,130.73,84541000000.0,38589520.0,2190.7761485501765
5161.T,2025-03-31,3957000000.0,102.49,87934000000.0,38627414.0,2276.4661387894103
5161.T,2026-03-31,10960000000.0,293.81,87888000000.0,36255039.0,2424.1595768246175
5184.T,2021-12-31,,336.04,,,
5184.T,2022-12-31,4578000000.0,324.48,46224000000.0,13992425.0,3303.5017161071078
5184.T,2023-12-31,5915000000.0,433.84,51456000000.0,13461152.0,3822.5554543920166
5184.T,2024-12-31,6171000000.0,,56773000000.0,13470927.0,4214.48353183118
5184.T,2025-12-31,5514000000.0,418.27,60357000000.0,13194254.0,4574.491289920597
5186.T,2022-03-31,,,,,
5186.T,2023-03-31,10853000000.0,387.27,128752000000.0,27848750.0,4623.259571794066
5186.T,2024-03-31,9857000000.0,353.84,141278000000.0,27900173.0,5063.696200019978
5186.T,2025-03-31,12131000000.0,227.66,153390000000.0,27686211.0,5540.303077224977
5186.T,2026-03-31,13529000000.0,152.06,164800000000.0,27426583.0,6008.768937785651
5192.T,2022-03-31,,,,,
5192.T,2023-03-31,7071000000.0,249.12,87600000000.0,28355198.0,3089.3806490083407
5192.T,2024-03-31,7102000000.0,250.4,98246000000.0,28368166.0,3463.248205752885
5192.T,2025-03-31,9060000000.0,320.25,95784000000.0,28146411.0,3403.062649799294
5192.T,2026-03-31,7392000000.0,263.35,101618000000.0,27911606.0,3640.7077399989093
5195.T,2022-03-31,,,,,
5195.T,2023-03-31,5722000000.0,129.96,77655000000.0,43499090.0,1785.2097595604873
5195.T,2024-03-31,6180000000.0,142.55,85161000000.0,42902033.0,1985.0108268761996
5195.T,2025-03-31,1496000000.0,35.32,82131000000.0,41803134.0,1964.7091531462688
5195.T,2026-03-31,10568000000.0,256.49,92607000000.0,40752459.0,2272.427290829248
5201.T,2022-12-31,-3152000000.0,-14.22,1390254000000.0,221684381.0,6271.321388221753
5201.T,2023-12-31,65798000000.0,304.73,1447080000000.0,212178501.0,6820.106623337866
5201.T,2024-12-31,-94042000000.0,-443.71,1435787000000.0,212277910.0,6763.713661963226
5201.T,2025-12-31,69162000000.0,326.2,1485126000000.0,212364179.0,6993.298055224276
5202.T,2022-03-31,,,,,
5202.T,2023-03-31,-33761000000.0,-393.06,97040000000.0,91136135.0,1064.7807261082555
5202.T,2024-03-31,10633000000.0,95.4,124275000000.0,91368095.0,1360.1575035574508
5202.T,2025-03-31,-13831000000.0,-151.152891,108065000000.0,91503377.0,1180.994664273429
5202.T,2026-03-31,4421000000.0,44.51,151225000000.0,142282340.0,1062.8515105950605
5208.T,2022-03-31,,,,,
5208.T,2023-03-31,2856481000.0,86.46,47107713000.0,33081845.0,1423.9747813339916
5208.T,2024-03-31,1639772000.0,49.51,46246194000.0,33153691.0,1394.9033306728954
5208.T,2025-03-31,3969679000.0,119.49,48559178000.0,33218408.0,1461.815328416702
5208.T,2026-03-31,4995801000.0,150.57,50688070000.0,32776284.0,1546.4861727461234
5214.T,2022-12-31,28167000000.0,302.76,524343000000.0,93042735.0,5635.507167754688
5214.T,2023-12-31,-26188000000.0,-282.9,487044000000.0,89144860.0,5463.511861480291
5214.T,2024-12-31,12091000000.0,141.67,484019000000.0,80715697.0,5996.590725097746
5214.T,2025-12-31,29616000000.0,382.33,492370000000.0,75228307.0,6545.009712899693
5218.T,2021-10-31,,,,,
5218.T,2022-10-31,2116163000.0,86.9,45024479000.0,24351393.0,1848.948805515972
5218.T,2023-10-31,1572039000.0,64.54,47049878000.0,24364493.0,1931.0838111837584
5218.T,2024-10-31,1568205000.0,64.36,50505854000.0,24364432.0,2072.9337749388123
5218.T,2025-10-31,1730799000.0,71.04,51932054000.0,24364432.0,2131.469923041916
5232.T,2022-03-31,,,,,
5232.T,2023-03-31,-5719000000.0,-166.79,182438000000.0,34253517.0,5326.110016673616
5232.T,2024-03-31,15339000000.0,447.85,194344000000.0,34248166.0,5674.5812315906205
5232.T,2025-03-31,9008000000.0,270.37,191095000000.0,32982762.0,5793.784037855896
5232.T,2026-03-31,11214000000.0,349.58,195304000000.0,31691265.0,6162.707610440922
5233.T,2022-03-31,,,,,
5233.T,2023-03-31,-33206000000.0,-283.68,494953000000.0,117054078.0,4228.413127135989
5233.T,2024-03-31,43273000000.0,371.09,563212000000.0,115579164.0,4872.954436666457
5233.T,2025-03-31,57428000000.0,502.48,641669000000.0,111423070.0,5758.852273591097
5233.T,2026-03-31,25401000000.0,227.86,680570000000.0,111602838.0,6098.142414622109
523A.T,2023-05-31,,,-490000000.0,18805000.0,-26.056899760701942
523A.T,2024-05-31,281000000.0,14.942834,-174000000.0,18805000.0,-9.25285828237171
523A.T,2025-05-31,327000000.0,17.388992,842000000.0,18805000.0,44.77532571124701
523A.T,2026-05-31,1080000000.0,,6266000000.0,19106700.0,327.94778794873
5243.T,2021-11-30,,,,,
5243.T,2022-11-30,-756488000.0,-53.11227,1817762000.0,14827900.0,122.5906568023793
5243.T,2023-11-30,-414843000.0,-27.5,1561844000.0,15234200.0,102.52221974242165
5243.T,2024-11-30,98939000.0,6.44,1722164000.0,15390377.0,111.89875335737389
5243.T,2025-11-30,440641000.0,26.83,2878647000.0,16748577.0,171.8741239927428
5253.T,2022-03-31,,,,,
5253.T,2023-03-31,2508000000.0,42.04,7005000000.0,61124200.0,114.60272690685522
5253.T,2024-03-31,4137000000.0,67.681959,11142000000.0,61124117.0,182.28484184074185
5253.T,2025-03-31,5559000000.0,88.7,16945000000.0,65650016.0,258.1111328289699
5253.T,2026-03-31,3016000000.0,45.95,19961000000.0,65650016.0,304.05171569188957
5261.T,2022-03-31,,,,,
5261.T,2023-03-31,722794000.0,130.11,13501465000.0,5555360.0,2430.34924829354
5261.T,2024-03-31,1411000000.0,254.13,14634000000.0,5555505.0,2634.1439707101335
5261.T,2025-03-31,1950000000.0,350.98,16165000000.0,5556174.0,2909.3761282494033
5261.T,2026-03-31,2708000000.0,487.4,18308000000.0,5557069.0,3294.5425007319504
5262.T,2023-03-31,1642425000.0,34.06,37899397000.0,48109004.0,787.7817840502372
5262.T,2024-03-31,1912452000.0,39.955,41128491000.0,47668778.0,862.7972590360928
5262.T,2025-03-31,3045562000.0,64.97,42606004000.0,46467250.0,916.9039269593101
5262.T,2026-03-31,3382675000.0,72.42,52219685000.0,50940438.0,1025.1126030757725
5273.T,2022-03-31,,,,,
5273.T,2023-03-31,8201000000.0,111.4325,69875000000.0,73534636.0,950.2324863619369
5273.T,2024-03-31,9251000000.0,126.1275,82977000000.0,73187440.0,1133.76010965816
5273.T,2025-03-31,10175000000.0,140.36,88580000000.0,71008184.0,1247.4618418631858
5273.T,2026-03-31,13782000000.0,195.84,101598000000.0,70252120.0,1446.1912323784677
5288.T,2022-03-31,,,,,
5288.T,2023-03-31,4130000000.0,108.43,41286000000.0,38089792.0,1083.9124561247277
5288.T,2024-03-31,3821000000.0,100.34,44962000000.0,38088850.0,1180.450446784295
5288.T,2025-03-31,2346000000.0,61.61,45727000000.0,38088850.0,1200.5350647236658
5288.T,2026-03-31,7592000000.0,199.33,52197000000.0,38088805.0,1370.4026681855732
5290.T,2022-03-31,,80.48,,,
5290.T,2023-03-31,3742026000.0,70.43,31584501000.0,52653090.0,599.8603500763203
5290.T,2024-03-31,3728693000.0,71.93,33859844000.0,51294034.0,660.1127140828893
5290.T,2025-03-31,4826177000.0,95.3,36534679000.0,50318440.0,726.0693892735943
5290.T,2026-03-31,10315114000.0,,44432345000.0,49340560.0,900.5237273350768
5301.T,2021-12-31,,,,,
5301.T,2022-12-31,22418000000.0,105.16,268824000000.0,213195104.0,1260.9295192820189
5301.T,2023-12-31,25468000000.0,119.45,324488000000.0,213215462.0,1521.8783710911173
5301.T,2024-12-31,-56485000000.0,-265.94,289137000000.0,213472578.0,1354.4456281405849
5301.T,2025-12-31,20078000000.0,94.05,318355000000.0,213506499.0,1491.0787329241907
5302.T,2022-12-31,3194000000.0,289.24,45562000000.0,11043504.0,4125.68329762003
5302.T,2023-12-31,4050000000.0,366.75,49454000000.0,11043887.0,4477.952373109214
5302.T,2024-12-31,4078000000.0,369.03,52013000000.0,11056168.0,4704.432855940684
5302.T,2025-12-31,4830000000.0,436.91,54393000000.0,11056888.0,4919.376953081192
5304.T,2022-03-31,,,,,
5304.T,2023-03-31,5402000000.0,265.81,62399000000.0,20324690.0,3070.1083263754576
5304.T,2024-03-31,7299000000.0,359.16,72881000000.0,20322761.0,3586.1761106180406
5304.T,2025-03-31,5750000000.0,285.59,73787000000.0,20047746.0,3680.563391016626
5304.T,2026-03-31,-74000000.0,-3.72,77612000000.0,20047645.0,3871.377411162259
5310.T,2021-12-31,,,,,
5310.T,2022-12-31,5181000000.0,247.08,77146000000.0,20972510.0,3678.434293272479
5310.T,2023-12-31,7506000000.0,357.91,84469000000.0,20972421.0,4027.6227527570613
5310.T,2024-12-31,9960000000.0,474.95,94147000000.0,20972311.0,4489.109473915392
5310.T,2025-12-31,5464000000.0,260.58,97489000000.0,20972216.0,4648.483498358018
5331.T,2022-03-31,,,,,
5331.T,2023-03-31,10024000000.0,173.64,128189000000.0,57731396.0,2220.438251657729
5331.T,2024-03-31,11480000000.0,198.23,147100000000.0,57976676.0,2537.2272118532633
5331.T,2025-03-31,12939000000.0,225.12,149976000000.0,56743690.0,2643.042777091162
5331.T,2026-03-31,14178000000.0,254.64,166742000000.0,54995420.0,3031.9252039533476
5332.T,2022-03-31,,236.74,,,
5332.T,2023-03-31,38943000000.0,229.66,453797000000.0,169592297.0,2675.8113901836
5332.T,2024-03-31,37196000000.0,219.3,502716000000.0,169627438.0,2963.64789757657
5332.T,2025-03-31,12168000000.0,,522274000000.0,169664532.0,3078.274485795299
5332.T,2026-03-31,40257000000.0,243.01,528226000000.0,164416397.0,3212.7330949844377
5333.T,2022-03-31,,,,,
5333.T,2023-03-31,55048000000.0,177.47,636329000000.0,306290876.0,2077.5316859258974
5333.T,2024-03-31,40562000000.0,133.65,696277000000.0,297927600.0,2337.0677976797047
5333.T,2025-03-31,54933000000.0,185.96,720579000000.0,293095391.0,2458.5135833814597
5333.T,2026-03-31,59936000000.0,206.32,809236000000.0,287611039.0,2813.647218874655
5334.T,2022-03-31,,,,,
5334.T,2023-03-31,66293000000.0,326.09,563675000000.0,203301632.0,2772.6044029002187
5334.T,2024-03-31,82646000000.0,409.47,637678000000.0,200443957.0,3181.3281355246845
5334.T,2025-03-31,92625000000.0,466.34,674573000000.0,198437557.0,3399.4220156620854
5334.T,2026-03-31,112892000000.0,570.43,767419000000.0,196260930.0,3910.197511037984
5344.T,2022-03-31,,,,,
5344.T,2023-03-31,15020000000.0,1217.45,94213000000.0,12338000.0,7636.002593613228
5344.T,2024-03-31,15216000000.0,1233.3,109201000000.0,12337875.0,8850.87585990294
5344.T,2025-03-31,19242000000.0,1559.45,127852000000.0,12339909.0,10360.854362864426
5344.T,2026-03-31,18163000000.0,1472.03,147261000000.0,12339886.0,11933.74071689155
5351.T,2022-03-31,,,,,
5351.T,2023-03-31,8307000000.0,177.6,68115000000.0,46786830.0,1455.8584114375776
5351.T,2024-03-31,15280000000.0,328.46,83424000000.0,45562890.0,1830.963751421387
5351.T,2025-03-31,9778000000.0,214.48,88997000000.0,45603338.0,1951.5457399193015
5351.T,2026-03-31,26071000000.0,571.45,106939000000.0,45633120.0,2343.4514230015393
5357.T,2022-03-31,,,,,
5357.T,2023-03-31,2971060000.0,147.33,31065164000.0,19631028.0,1582.4522281767415
5357.T,2024-03-31,3878422000.0,205.48,32531044000.0,18614931.0,1747.5780060640568
5357.T,2025-03-31,2623217000.0,141.66,32948719000.0,18335675.0,1796.9733320425892
5357.T,2026-03-31,2469840000.0,134.35,34425466000.0,18426115.0,1868.297576564566
5363.T,2022-03-31,,,,,
5363.T,2023-03-31,2115712000.0,47.8,34332247000.0,44288000.0,775.2042765534682
5363.T,2024-03-31,2378577000.0,53.68,39217369000.0,44326983.0,884.7290373901603
5363.T,2025-03-31,3130123000.0,70.58,40906348000.0,44432031.0,920.6499698382007
5363.T,2026-03-31,3740867000.0,84.19,47173988000.0,44431759.0,1061.7177681396768
5384.T,2022-03-31,,,,,
5384.T,2023-03-31,10594000000.0,142.68,69010000000.0,74185500.0,930.2356929588666
5384.T,2024-03-31,6499000000.0,87.62,72575000000.0,74183333.0,978.3194831647696
5384.T,2025-03-31,9428000000.0,127.1,76118000000.0,74183333.0,1026.0795372998407
5384.T,2026-03-31,9059000000.0,122.12,83870000000.0,74183256.0,1130.578576923073
5393.T,2022-03-31,,,,,
5393.T,2023-03-31,21398000000.0,107.53,172358000000.0,198995397.0,866.1406374138393
5393.T,2024-03-31,26961000000.0,135.533333,199680000000.0,197101725.0,1013.0809357452351
5393.T,2025-03-31,32073000000.0,163.786667,215419000000.0,192986805.0,1116.2369365097268
5393.T,2026-03-31,31634000000.0,165.59,238513000000.0,189088902.0,1261.3802157463476
5401.T,2023-03-31,694016000000.0,150.732,4181155000000.0,4604202010.0,908.1171918431963
5401.T,2024-03-31,549372000000.0,119.318,4777727000000.0,4605192875.0,1037.4651246284664
5401.T,2025-03-31,350227000000.0,70.18,5383311000000.0,5231474050.0,1029.0237414061148
5401.T,2026-03-31,17158000000.0,3.28,5530448000000.0,5226293989.0,1058.1968813159317
5406.T,2022-03-31,,,,,
5406.T,2023-03-31,72566000000.0,183.8,913955000000.0,394913767.0,2314.3153679927295
5406.T,2024-03-31,109552000000.0,277.38,1056561000000.0,394956786.0,2675.1306407481247
5406.T,2025-03-31,120180000000.0,304.64,1161796000000.0,395014643.0,2941.14666528957
5406.T,2026-03-31,93717000000.0,237.8,1261324000000.0,395453033.0,3189.5671413398923
5408.T,2022-03-31,,,,,
5408.T,2023-03-31,10227000000.0,188.92,96859000000.0,54137256.0,1789.1375950048152
5408.T,2024-03-31,8904000000.0,164.43,104551000000.0,54157484.0,1930.499577860744
5408.T,2025-03-31,5695000000.0,105.14,106808000000.0,54175302.0,1971.5256963403729
5408.T,2026-03-31,2462000000.0,45.44,109149000000.0,54215451.0,2013.2452647124526
5410.T,2022-03-31,,-76.06,,,
5410.T,2023-03-31,12508000000.0,855.19,111957000000.0,14626529.0,7654.379244727166
5410.T,2024-03-31,15193000000.0,1038.84,128175000000.0,14625226.0,8763.967134593338
5410.T,2025-03-31,11322000000.0,,134298000000.0,14624650.0,9182.988994608419
5410.T,2026-03-31,8051000000.0,,143785000000.0,14623705.0,9832.323614296103
5411.T,2022-03-31,,,,,
5411.T,2023-03-31,162622000000.0,280.68,2120322000000.0,580944399.0,3649.78473611207
5411.T,2024-03-31,197421000000.0,323.33,2464128000000.0,635965964.0,3874.622447562304
5411.T,2025-03-31,91868000000.0,144.43,2529578000000.0,636078122.0,3976.835411421366
5411.T,2026-03-31,70165000000.0,110.3,2619535000000.0,636136318.0,4117.883110707728
5423.T,2022-03-31,,269.79,,,
5423.T,2023-03-31,30848000000.0,272.44,179251000000.0,110776063.0,1618.1383878934207
5423.T,2024-03-31,27958000000.0,253.51,203903000000.0,109204938.0,1867.159157216865
5423.T,2025-03-31,21203000000.0,,209916000000.0,104194842.0,2014.6486713804893
5423.T,2026-03-31,11557000000.0,112.56,221131000000.0,102520115.0,2156.9523210152465
543A.T,2022-03-31,,-147.61,,,
543A.T,2023-03-31,-117664000000.0,-204.98,367914000000.0,574026850.0,640.935175767475
543A.T,2024-03-31,17087000000.0,29.77,392048000000.0,574025976.0,682.9795451626043
543A.T,2025-03-31,-217753000000.0,,178468000000.0,574044634.0,310.89568550866375
543A.T,2026-03-31,84401000000.0,,459713000000.0,574044406.0,800.8317739795203
5440.T,2022-03-31,,,,,
5440.T,2023-03-31,13108000000.0,301.61,179688000000.0,43458975.0,4134.6580309360725
5440.T,2024-03-31,13826000000.0,318.13,194640000000.0,43458975.0,4478.706642298857
5440.T,2025-03-31,10791000000.0,248.3,202989000000.0,43458975.0,4670.818858475148
5440.T,2026-03-31,9864000000.0,226.98,211662000000.0,43458886.0,4870.3963557648485
5444.T,2022-03-31,,618.62,,,
5444.T,2023-03-31,65317000000.0,1025.49,440621000000.0,64678917.0,6812.436268838577
5444.T,2024-03-31,70018000000.0,1099.15,522871000000.0,63705324.0,8207.64996030787
5444.T,2025-03-31,31833000000.0,,557571000000.0,62326100.0,8946.027426712084
5444.T,2026-03-31,62389000000.0,1024.6,541742000000.0,59752410.0,9066.44602284661
5445.T,2022-03-31,,,,,
5445.T,2023-03-31,3657000000.0,405.28,46087000000.0,9025324.0,5106.4094762692175
5445.T,2024-03-31,7887000000.0,884.9,53108000000.0,8864431.0,5991.134681966615
5445.T,2025-03-31,10853000000.0,412.92,59680000000.0,8694196.0,6864.349503967935
5445.T,2026-03-31,8075000000.0,315.59,63384000000.0,25290786.0,2506.20917831498
5449.T,2022-03-31,,,,,
5449.T,2023-03-31,2903000000.0,74.6,150980000000.0,38919798.0,3879.25959944602
5449.T,2024-03-31,3121000000.0,79.651679,152187000000.0,38919456.0,3910.306454437595
5449.T,2025-03-31,3227000000.0,82.94,155985000000.0,38919127.0,4007.9264881763665
5449.T,2026-03-31,-20936000000.0,-699.78,111367000000.0,29918539.0,3722.340853609195
5451.T,2022-03-31,,,,,
5451.T,2023-03-31,10593000000.0,73.426,179812000000.0,144356150.0,1245.6137130285063
5451.T,2024-03-31,4456000000.0,30.858,189704000000.0,144471360.0,1313.090705313496
5451.T,2025-03-31,13499000000.0,93.406,194817000000.0,144586215.0,1347.4106089574307
5451.T,2026-03-31,17404000000.0,120.49,202646000000.0,143244680.0,1414.684301015577
5461.T,2022-03-31,,,,,
5461.T,2023-03-31,8577000000.0,310.53,73073000000.0,27646223.0,2643.145864807645
5461.T,2024-03-31,7133000000.0,259.34,76796000000.0,27075579.0,2836.356703581482
5461.T,2025-03-31,1731000000.0,63.95,75278000000.0,27082284.0,2779.603079267613
5461.T,2026-03-31,1275000000.0,47.08,74963000000.0,27091322.0,2767.0484297517855
5463.T,2022-03-31,,,,,
5463.T,2023-03-31,24164000000.0,101.126667,313629000000.0,238870365.0,1312.9673913296026
5463.T,2024-03-31,26113000000.0,109.27,347120000000.0,239033715.0,1452.1800826297663
5463.T,2025-03-31,27033000000.0,88.27,344364000000.0,231742005.0,1485.9800664967925
5463.T,2026-03-31,26676000000.0,117.91,348431000000.0,221153557.0,1575.5161469096336
5464.T,2022-03-31,,,,,
5464.T,2023-03-31,5290000000.0,136.266,50684000000.0,38824925.0,1305.450042723843
5464.T,2024-03-31,4519000000.0,116.41,54547000000.0,38817115.0,1405.2306566317461
5464.T,2025-03-31,4128000000.0,106.95,55513000000.0,37966625.0,1462.1526143026936
5464.T,2026-03-31,3358000000.0,88.37,58492000000.0,37976235.0,1540.2264073834597
5471.T,2022-03-31,,,,,
5471.T,2023-03-31,36301000000.0,170.32,358122000000.0,213128845.0,1680.307515390514
5471.T,2024-03-31,30555000000.0,233.47,418562000000.0,213123305.0,1963.9428921205965
5471.T,2025-03-31,28314000000.0,134.57,429278000000.0,205828764.0,2085.607432399487
5471.T,2026-03-31,32605000000.0,161.74,472565000000.0,199853804.0,2364.553441274503
547A.T,2022-03-31,12334000000.0,25.5,153899000000.0,483702666.0,318.16859988115095
547A.T,2023-03-31,22343000000.0,46.19,176072000000.0,483702522.0,364.0088525318874
547A.T,2024-03-31,21818000000.0,45.1,197909000000.0,483836820.0,409.0408001606823
547A.T,2025-03-31,22516000000.0,46.91,217921000000.0,478830232.0,455.11119690537834
5480.T,2022-03-31,,,,,
5480.T,2023-03-31,19703000000.0,1316.79,79614000000.0,14951333.0,5324.876383931787
5480.T,2024-03-31,13565000000.0,933.64,89533000000.0,14468797.0,6188.005816931428
5480.T,2025-03-31,11579000000.0,819.46,96413000000.0,14083709.0,6845.710884824445
5480.T,2026-03-31,7215000000.0,519.86,101108000000.0,13853753.0,7298.238968169852
5482.T,2022-03-31,,13.8225,,,
5482.T,2023-03-31,1610000000.0,20.4125,203759000000.0,78911092.0,2582.133827269809
5482.T,2024-03-31,6593000000.0,83.5075,250970000000.0,78968828.0,3178.089460818641
5482.T,2025-03-31,7821000000.0,99.505,231936000000.0,76404748.0,3035.6228646942204
5482.T,2026-03-31,11248000000.0,,236265000000.0,64246798.0,3677.4595365826635
5484.T,2022-03-31,,,,,
5484.T,2023-03-31,1118294000.0,148.53,26271251000.0,7528904.0,3489.3858388950107
5484.T,2024-03-31,974509000.0,129.44,27569510000.0,7528859.0,3661.8443777470134
5484.T,2025-03-31,1008124000.0,134.2,27920571000.0,7528859.0,3708.4730900127097
5484.T,2026-03-31,1275680000.0,171.74,29465486000.0,7427759.0,3966.941576860531
5541.T,2022-03-31,,,,,
5541.T,2023-03-31,-5026000000.0,-257.75,71745000000.0,19502036.0,3678.846659907714
5541.T,2024-03-31,-1074000000.0,-55.1,68785000000.0,19501466.0,3527.170726549481
5541.T,2025-03-31,-1667000000.0,-85.52,67389000000.0,19501113.0,3455.6489160387923
5541.T,2026-03-31,2610000000.0,146.04,62938000000.0,17387670.0,3619.691425015543
5563.T,2021-12-31,,,,,
5563.T,2022-12-31,7949000000.0,54.45,69185000000.0,139839432.0,494.74600268685305
5563.T,2023-12-31,4330000000.0,21.863455,71435000000.0,137215275.0,520.6053043292738
5563.T,2024-12-31,3144000000.0,22.91,73676000000.0,137291191.0,536.6404025149727
5563.T,2025-12-31,1418000000.0,10.7,71024000000.0,124788553.0,569.1547685467592
5574.T,2022-08-31,-196366000.0,-41.181242,1793709000.0,8411400.0,213.24737855767174
5574.T,2023-08-31,421598000.0,53.41,3480881000.0,8598900.0,404.8053820837549
5574.T,2024-08-31,218712000.0,24.3,3898060000.0,9260900.0,420.91589370363573
5574.T,2025-08-31,448268000.0,47.17,4471734000.0,9764685.0,457.9496420007404
5602.T,2022-03-31,,,,,
5602.T,2023-03-31,4727000000.0,77.454,71607000000.0,61045025.0,1173.0194229587096
5602.T,2024-03-31,5470000000.0,90.422,81737000000.0,60604170.0,1348.7025727767577
5602.T,2025-03-31,6905000000.0,569.5,87691000000.0,60635805.0,1446.1917344051094
5602.T,2026-03-31,6701000000.0,110.44,94374000000.0,60692580.0,1554.9511983178174
5631.T,2022-03-31,,,,,
5631.T,2023-03-31,11974000000.0,162.75,159099000000.0,73583380.0,2162.159444157091
5631.T,2024-03-31,14278000000.0,194.02,176983000000.0,73595158.0,2404.8185343932546
5631.T,2025-03-31,17961000000.0,244.03,193219000000.0,73604085.0,2625.1124512994083
5631.T,2026-03-31,19239000000.0,261.38,212430000000.0,73610779.0,2885.8545295383983
5632.T,2022-03-31,,,,,
5632.T,2023-03-31,2190000000.0,142.62,43480000000.0,15355894.0,2831.4860730348882
5632.T,2024-03-31,-969000000.0,-63.5,41147000000.0,15215962.0,2704.199708174876
5632.T,2025-03-31,2363000000.0,155.92,42643000000.0,15120394.0,2820.2307426645098
5632.T,2026-03-31,3055000000.0,202.04,48680000000.0,15121154.0,3219.331011376513
5659.T,2022-03-31,,,,,
5659.T,2023-03-31,3086000000.0,100.65,37045000000.0,30663940.0,1208.096545975501
5659.T,2024-03-31,2592000000.0,84.52,38886000000.0,30666625.0,1268.0234619883995
5659.T,2025-03-31,3250000000.0,105.97,41207000000.0,30672624.0,1343.4455428397648
5659.T,2026-03-31,2147000000.0,69.94,42767000000.0,30712819.0,1392.4804492873154
5702.T,2023-03-31,9726000000.0,240.09,67625000000.0,40511684.0,1669.2715118927172
5702.T,2024-03-31,3244000000.0,80.1,71387000000.0,40511624.0,1762.136220458602
5702.T,2025-03-31,699000000.0,17.48,73064000000.0,39572524.0,1846.3315607566503
5702.T,2026-03-31,3680000000.0,93.01,76458000000.0,39572274.0,1932.1103457435881
5703.T,2022-03-31,,,,,
5703.T,2023-03-31,7203000000.0,116.33,205475000000.0,61923750.0,3318.1937463412664
5703.T,2024-03-31,9939000000.0,145.91,222160000000.0,61941260.0,3586.6238432992805
5703.T,2025-03-31,12375000000.0,200.01,233131000000.0,61510119.0,3790.124353360461
5703.T,2026-03-31,15590000000.0,253.24,248686000000.0,61591150.0,4037.6904798822557
5706.T,2022-03-31,,,,,
5706.T,2023-03-31,8511000000.0,148.99,253369000000.0,57138098.0,4434.326812908613
5706.T,2024-03-31,25989000000.0,454.71,278521000000.0,57164519.0,4872.270507515334
5706.T,2025-03-31,64662000000.0,1130.95,331544000000.0,57182191.0,5798.02897024355
5706.T,2026-03-31,91263000000.0,1595.45,412047000000.0,57212304.0,7202.069680675681
5707.T,2023-03-31,794000000.0,58.52,50516000000.0,13578521.0,3720.287356774718
5707.T,2024-03-31,-46452000000.0,-3421.32,2705000000.0,13577771.0,199.22268537302625
5707.T,2025-03-31,-1458000000.0,-107.381506,10080000000.0,13577757.0,742.390661432518
5707.T,2026-03-31,4782000000.0,139.405895,13667000000.0,34302710.0,398.4233315676808
5711.T,2022-03-31,,,,,
5711.T,2023-03-31,20330000000.0,155.6,593322000000.0,130631679.0,4541.945755745817
5711.T,2024-03-31,29793000000.0,228.07,653639000000.0,130630378.0,5003.7289182459535
5711.T,2025-03-31,34076000000.0,260.82,677248000000.0,130659096.0,5183.320723419057
5711.T,2026-03-31,40581000000.0,310.56,736109000000.0,130677441.0,5633.022764809115
5713.T,2023-03-31,160585000000.0,584.44,1631671000000.0,274764994.0,5938.423873603055
5713.T,2024-03-31,58601000000.0,213.28,1785104000000.0,274759770.0,6496.962783161451
5713.T,2025-03-31,16487000000.0,59.99,1845737000000.0,275020339.0,6711.2745432256925
5713.T,2026-03-31,176290000000.0,649.55,2074835000000.0,270549733.0,7668.959702872817
5714.T,2022-03-31,,,,,
5714.T,2023-03-31,25041000000.0,420.76,344891000000.0,59519444.0,5794.593780143511
5714.T,2024-03-31,27853000000.0,467.9,372989000000.0,59535995.0,6264.932668043929
5714.T,2025-03-31,27128000000.0,455.6,398400000000.0,59549288.0,6690.256313392026
5714.T,2026-03-31,62458000000.0,1049.83,455563000000.0,59148389.0,7702.035637859892
5715.T,2022-03-31,,,,,
5715.T,2023-03-31,6211000000.0,161.97,102945000000.0,38116568.0,2700.794048404358
5715.T,2024-03-31,16097000000.0,429.28,129907000000.0,37189838.0,3493.0778671313383
5715.T,2025-03-31,18619000000.0,510.64,130809000000.0,35389743.0,3696.2404615371183
5715.T,2026-03-31,12777000000.0,393.965753,147233000000.0,32431753.0,4539.77927125925
5726.T,2022-03-31,,,,,
5726.T,2023-03-31,4388000000.0,119.27,30474000000.0,36798505.0,828.1314689278818
5726.T,2024-03-31,9689000000.0,263.3,38507000000.0,36798482.0,1046.4290347629014
5726.T,2025-03-31,7090000000.0,192.69,42838000000.0,36798481.0,1164.1241387110517
5726.T,2026-03-31,2576000000.0,70.02,44311000000.0,36798391.0,1204.1559099689985
5741.T,2022-03-31,,,,,
5741.T,2023-03-31,-1315000000.0,-6.815,246495000000.0,192885040.0,1277.9373662156484
5741.T,2024-03-31,13858000000.0,71.845,277040000000.0,192877316.0,1436.3534590039608
5741.T,2025-03-31,27979000000.0,146.49,290622000000.0,181034452.0,1605.3408441836252
5741.T,2026-03-31,38882000000.0,214.75,346973000000.0,181069305.0,1916.2441696012474
5757.T,2022-03-31,,,,,
5757.T,2023-03-31,5318000000.0,644.39,43384000000.0,8278741.0,5240.410347418768
5757.T,2024-03-31,3815000000.0,458.22,47435000000.0,8375646.0,5663.443751084991
5757.T,2025-03-31,5207000000.0,616.11,52264000000.0,8515409.0,6137.579533760504
5757.T,2026-03-31,3587000000.0,432.19,54913000000.0,8256193.0,6651.128431711807
5801.T,2022-03-31,,,,,
5801.T,2023-03-31,15894000000.0,22.58,301651000000.0,703949170.0,428.51247342190914
5801.T,2024-03-31,6508000000.0,9.24,328327000000.0,704588260.0,465.98420473256255
5801.T,2025-03-31,33357000000.0,47.349,341429000000.0,704732890.0,484.480013413309
5801.T,2026-03-31,72514000000.0,103.017,417048000000.0,703498050.0,592.8204065384404
5802.T,2023-03-31,112654000000.0,36.1125,1899879000000.0,3119490284.0,609.0350752956537
5802.T,2024-03-31,149723000000.0,47.995,2207662000000.0,3119468492.0,707.7045354558433
5802.T,2025-03-31,193771000000.0,62.1175,2290394000000.0,3119441540.0,734.232063858456
5802.T,2026-03-31,369508000000.0,296.1125,2743434000000.0,3119679500.0,879.3961046319021
5803.T,2022-03-31,,,,,
5803.T,2023-03-31,40891000000.0,24.711667,270536000000.0,1654814526.0,163.4841825167783
5803.T,2024-03-31,51011000000.0,30.826667,341091000000.0,1654803780.0,206.12171915633405
5803.T,2025-03-31,91123000000.0,55.053333,407494000000.0,1655400618.0,246.1603527080476
5803.T,2026-03-31,157163000000.0,94.93,560366000000.0,1655659296.0,338.4548991171188
5805.T,2022-03-31,,,,,
5805.T,2023-03-31,9410000000.0,315.01,67503000000.0,29881861.0,2258.9958503588514
5805.T,2024-03-31,8838000000.0,297.12,75903000000.0,29525548.0,2570.7566884109992
5805.T,2025-03-31,11400000000.0,385.69,83658000000.0,29572286.0,2828.9324673784095
5805.T,2026-03-31,18840000000.0,636.48,98394000000.0,29616183.0,3322.3052410231257
581A.T,2024-05-31,-3307000000.0,-42.57231,14098000000.0,77679600.0,181.4890910869778
581A.T,2025-05-31,2000000000.0,,16309000000.0,77679600.0,209.9521624725153
581A.T,2026-05-31,8838000000.0,113.775045,25517000000.0,77679600.0,328.4903629781822
5821.T,2022-03-31,,,,,
5821.T,2023-03-31,2955000000.0,210.4,34128000000.0,14047337.0,2429.4996268687796
5821.T,2024-03-31,1444000000.0,97.91,37482000000.0,14047293.0,2668.2721005392286
5821.T,2025-03-31,2026000000.0,130.82,38718000000.0,14749658.0,2625.010017181415
5821.T,2026-03-31,1642000000.0,105.87,42408000000.0,15545574.0,2727.9790376347632
5830.T,2023-03-31,27899000000.0,89.13,759526000000.0,308436875.0,2462.500633233299
5830.T,2024-03-31,39464000000.0,128.91,842736000000.0,302913515.0,2782.101023125363
5830.T,2025-03-31,53321000000.0,178.08,802432000000.0,295213831.0,2718.1382297769105
5830.T,2026-03-31,74253000000.0,253.96,877724000000.0,288130922.0,3046.267973973304
5831.T,2023-03-31,52397000000.0,92.92,1148102000000.0,559739044.0,2051.137958494816
5831.T,2024-03-31,57760000000.0,104.17,1203369000000.0,549942838.0,2188.171054970626
5831.T,2025-03-31,74618000000.0,136.37,1166943000000.0,541933658.0,2153.2949333809415
5831.T,2026-03-31,90469000000.0,167.66,1231886000000.0,530550554.0,2321.9012603273995
5832.T,2022-03-31,,98.43,,,
5832.T,2023-03-31,20486000000.0,111.01,527946000000.0,183700461.0,2873.950327212298
5832.T,2024-03-31,21389000000.0,117.06,581113000000.0,181961746.0,3193.5998239981714
5832.T,2025-03-31,27434000000.0,152.46,542363000000.0,178911315.0,3031.4628227957523
5832.T,2026-03-31,39705000000.0,,620700000000.0,177766230.0,3491.664305419539
5834.T,2022-03-31,,730.200113,,,
5834.T,2023-03-31,2443000000.0,165.66,17776000000.0,15553600.0,1142.88653430717
5834.T,2024-03-31,3447000000.0,221.645,21114000000.0,15553452.0,1357.5121458567526
5834.T,2025-03-31,4388000000.0,281.41,25170000000.0,15757452.0,1597.3394683353629
5834.T,2026-03-31,6051000000.0,,28752000000.0,15926968.0,1805.240018062446
5838.T,2022-03-31,,,,,
5838.T,2023-03-31,27692000000.0,168.377397,213031000000.0,170019380.0,1252.9806896131488
5838.T,2024-03-31,34436000000.0,199.86,260692000000.0,174482338.0,1494.0881867367
5838.T,2025-03-31,50779000000.0,291.03,302244000000.0,174482246.0,1732.233547704332
5838.T,2026-03-31,73072000000.0,418.76,372072000000.0,174499036.0,2132.2295442365653
5842.T,2021-12-31,,,,,
5842.T,2022-12-31,2021338000.0,74.523137,19405537000.0,31375000.0,618.503171314741
5842.T,2023-12-31,7574000000.0,262.37,39864000000.0,33146700.0,1202.6536578301912
5842.T,2024-12-31,18106000000.0,544.67,57624000000.0,33748051.0,1707.476381376809
5842.T,2025-12-31,6077000000.0,179.48,62422000000.0,34038106.0,1833.88582196671
5844.T,2022-03-31,,,,,
5844.T,2023-03-31,27213000000.0,90.7025,989628000000.0,297381500.0,3327.806201798027
5844.T,2024-03-31,31572000000.0,106.55,1141081000000.0,292163584.0,3905.623638570918
5844.T,2025-03-31,36552000000.0,125.11,1082985000000.0,289974543.0,3734.7588819201965
5844.T,2026-03-31,96723000000.0,338.85,1136052000000.0,284059606.0,3999.343715206026
5845.T,2022-03-31,,,,,
5845.T,2023-03-31,773000000.0,32.65,1454000000.0,21892116.0,66.41660404138185
5845.T,2024-03-31,1538000000.0,76.09,4760000000.0,21892116.0,217.42987292777
5845.T,2025-03-31,1621000000.0,66.92,7191000000.0,26042499.0,276.12557458483536
5845.T,2026-03-31,1728000000.0,65.81,8095000000.0,26227613.0,308.64417589202645
5851.T,2021-12-31,,,,,
5851.T,2022-12-31,4784000000.0,147.8,134459000000.0,32369143.0,4153.925236760207
5851.T,2023-12-31,10115000000.0,312.51,151301000000.0,32368379.0,4674.345910247776
5851.T,2024-12-31,6935000000.0,214.26,167351000000.0,32368278.0,5170.216345769151
5851.T,2025-12-31,11182000000.0,346.41,179467000000.0,31809471.0,5641.9360133338905
5857.T,2022-03-31,,238.11,,,
5857.T,2023-03-31,10929000000.0,141.19,106957000000.0,76643230.0,1395.5179081048645
5857.T,2024-03-31,24490000000.0,319.54,126476000000.0,76643134.0,1650.1934798229936
5857.T,2025-03-31,14319000000.0,,126301000000.0,76613404.0,1648.549645438023
5857.T,2026-03-31,24441000000.0,315.49,230555000000.0,85944518.0,2682.60274611116
5889.T,2022-01-31,,,,,
5889.T,2023-01-31,292000000.0,25.435496,4676000000.0,23944260.0,195.28688712868973
5889.T,2024-01-31,2217000000.0,110.05,13270000000.0,23944260.0,554.2038050037879
5889.T,2025-01-31,3994000000.0,166.44,16421000000.0,24110760.0,681.0652173552389
5889.T,2026-01-31,3783000000.0,156.82,18187000000.0,24133480.0,753.6003924838026
5901.T,2023-03-31,10363000000.0,57.07,643049000000.0,181589162.0,3541.2300652612735
5901.T,2024-03-31,23083000000.0,130.15,665706000000.0,173563283.0,3835.523207981725
5901.T,2025-03-31,22486000000.0,134.05,667063000000.0,159099233.0,4192.748056805528
5901.T,2026-03-31,54983000000.0,361.63,697702000000.0,150371299.0,4639.861493781469
5902.T,2022-03-31,,,,,
5902.T,2023-03-31,-2007000000.0,-164.32,50585000000.0,12225251.0,4137.7473558620595
5902.T,2024-03-31,2719000000.0,222.16,56047000000.0,12249474.0,4575.461770848283
5902.T,2025-03-31,3262000000.0,265.6,57489000000.0,12307519.0,4671.047024180909
5902.T,2026-03-31,3278000000.0,266.27,60362000000.0,12314117.0,4901.853701731111
590A.T,2021-12-31,,,,,
590A.T,2022-12-31,10000000.0,0.38,8087000000.0,29152940.0,277.3991233817241
590A.T,2023-12-31,129000000.0,4.43,8305000000.0,29399102.0,282.49162168286637
590A.T,2024-12-31,-510000000.0,-17.33,8254000000.0,29636402.0,278.5088419302721
590A.T,2025-12-31,935000000.0,31.51,9146000000.0,29777239.0,307.14734834885127
5911.T,2022-03-31,,,,,
5911.T,2023-03-31,11243000000.0,273.36,114300000000.0,40902802.0,2794.429584555112
5911.T,2024-03-31,11854000000.0,291.16,124404000000.0,40699821.0,3056.6227797414635
5911.T,2025-03-31,12859000000.0,317.02,129089000000.0,39978802.0,3228.936174725796
5911.T,2026-03-31,8682000000.0,218.34,134585000000.0,39356465.0,3419.6414744057934
5929.T,2023-03-31,33084000000.0,149.71,240910000000.0,221015000.0,1090.0165147161958
5929.T,2024-03-31,43228000000.0,196.03,283810000000.0,218879408.0,1296.6500713488772
5929.T,2025-03-31,57512000000.0,264.61,322141000000.0,214839082.0,1499.45250650438
5929.T,2026-03-31,59776000000.0,281.61,348556000000.0,209884554.0,1660.703436042273
5930.T,2022-03-31,,,,,
5930.T,2023-03-31,7899000000.0,121.66,82600000000.0,61259790.0,1348.355911765287
5930.T,2024-03-31,10582000000.0,157.11,103768000000.0,71131405.0,1458.8211775094278
5930.T,2025-03-31,13158000000.0,184.95,113287000000.0,71155143.0,1592.1126038633638
5930.T,2026-03-31,12639000000.0,179.09,119845000000.0,70338625.0,1703.8291550339518
5938.T,2022-03-31,,,,,
5938.T,2023-03-31,15991000000.0,55.54,625433000000.0,287057667.0,2178.771278037315
5938.T,2024-03-31,-13908000000.0,-48.43,642511000000.0,287152467.0,2237.5256138753634
5938.T,2025-03-31,2001000000.0,6.97,617886000000.0,287274386.0,2150.856568187043
5938.T,2026-03-31,8143000000.0,28.33,664838000000.0,287443484.0,2312.9346706638166
593A.T,2024-09-30,-4834000000.0,,17961000000.0,,
593A.T,2025-09-30,-4799000000.0,,13168000000.0,,
5943.T,2021-12-31,,,,,
5943.T,2022-12-31,4800000000.0,104.64,115350000000.0,45961651.0,2509.7009678786344
5943.T,2023-12-31,868000000.0,18.84,122053000000.0,46127184.0,2646.010213847002
5943.T,2024-12-31,4383000000.0,94.89,132067000000.0,46269474.0,2854.300872320269
5943.T,2025-12-31,3358000000.0,73.51,139902000000.0,45726801.0,3059.518639845372
5946.T,2021-12-31,,,,,
5946.T,2022-12-31,3866000000.0,111.55,128579000000.0,34402712.0,3737.4669764406945
5946.T,2023-12-31,3998000000.0,117.09,132907000000.0,33939193.0,3916.0330064418445
5946.T,2024-12-31,3139000000.0,92.45,135248000000.0,34004055.0,3977.4079885472484
5946.T,2025-12-31,2174000000.0,63.96,137731000000.0,34002283.0,4050.63977615856
5947.T,2022-03-31,,,,,
5947.T,2023-03-31,26096000000.0,176.92,364150000000.0,146388171.0,2487.564381141151
5947.T,2024-03-31,26667000000.0,184.75,387773000000.0,143203548.0,2707.8449201551907
5947.T,2025-03-31,29691000000.0,209.66,405844000000.0,140639588.0,2885.7024239860543
5947.T,2026-03-31,36160000000.0,259.96,437252000000.0,138072392.0,3166.831498073851
5949.T,2022-03-31,,,,,
5949.T,2023-03-31,2483000000.0,55.77,133017000000.0,44466637.0,2991.3888023508503
5949.T,2024-03-31,5256000000.0,118.06,153759000000.0,44558218.0,3450.743923376828
5949.T,2025-03-31,-21053000000.0,-472.63,133228000000.0,44284255.0,3008.473327596908
5949.T,2026-03-31,-8342000000.0,-187.52,132570000000.0,44585433.0,2973.3926773796275
5959.T,2021-12-31,,,,,
5959.T,2022-12-31,3848000000.0,81.3,67092000000.0,46837125.0,1432.453422365271
5959.T,2023-12-31,-5472000000.0,-118.22,62040000000.0,46162939.0,1343.9352290806269
5959.T,2024-12-31,-874000000.0,-18.91,59521000000.0,46249885.0,1286.9437405087601
5959.T,2025-12-31,3285000000.0,71.78,61887000000.0,45621418.0,1356.5338981791404
5970.T,2022-03-31,,,,,
5970.T,2023-03-31,10270000000.0,238.87,164690000000.0,43010037.0,3829.1062153701473
5970.T,2024-03-31,13240000000.0,307.52,191665000000.0,43078897.0,4449.162196515848
5970.T,2025-03-31,12440000000.0,289.39,197993000000.0,42799672.0,4626.04012479348
5970.T,2026-03-31,13455000000.0,314.31,223207000000.0,42812587.0,5213.58356597325
5975.T,2022-03-31,,,,,
5975.T,2023-03-31,10009000000.0,190.7,191096000000.0,52494824.0,3640.2827067293338
5975.T,2024-03-31,17099000000.0,326.71,213242000000.0,51248158.0,4160.969063512488
5975.T,2025-03-31,14143000000.0,278.01,219649000000.0,50630822.0,4338.246769922084
5975.T,2026-03-31,18561000000.0,374.49,243461000000.0,49418395.0,4926.525841237863
5976.T,2022-03-31,,,,,
5976.T,2023-03-31,381000000.0,9.89,59393000000.0,37708700.0,1575.0476680447748
5976.T,2024-03-31,1542000000.0,41.91,60005000000.0,36204017.0,1657.4127672075726
5976.T,2025-03-31,1815000000.0,51.59,59540000000.0,34293220.0,1736.2032495052958
5976.T,2026-03-31,1329000000.0,39.76,58218000000.0,32604720.0,1785.5696966574164
5982.T,2022-02-28,,177.46,,,
5982.T,2023-02-28,2815719000.0,173.77,43390684000.0,16207966.0,2677.1208676030046
5982.T,2024-02-29,3708921000.0,230.48,45272031000.0,15811944.0,2863.154018253543
5982.T,2025-02-28,4647183000.0,,48492540000.0,15785444.0,3071.97820979885
5982.T,2026-02-28,5216826000.0,329.2,52292831000.0,15902294.0,3288.3828584731236
5985.T,2022-03-31,,,,,
5985.T,2023-03-31,557000000.0,18.57,38035000000.0,30064923.0,1265.095540075057
5985.T,2024-03-31,-11816000000.0,-392.69,29348000000.0,30123245.0,974.2642268454146
5985.T,2025-03-31,-769000000.0,-25.53,26591000000.0,30197923.0,880.5572489207287
5985.T,2026-03-31,6209000000.0,205.02,34212000000.0,30291286.0,1129.4337255935584
5988.T,2023-03-31,3375000000.0,99.15,102669000000.0,34042727.0,3015.8864770146056
5988.T,2024-03-31,4013000000.0,117.88,106295000000.0,34042657.0,3122.406103612888
5988.T,2025-03-31,1792000000.0,52.67,90444000000.0,34225790.0,2642.5686594816366
5988.T,2026-03-31,-21000000.0,-0.865394,64853000000.0,24266392.0,2672.5439859374233
5989.T,2022-03-31,,,,,
5989.T,2023-03-31,-6993000000.0,-249.25,68582000000.0,27928992.0,2455.584505162234
5989.T,2024-03-31,-21656000000.0,-774.64,55181000000.0,27969275.0,1972.9149218204618
5989.T,2025-03-31,10728000000.0,382.400917,64000000000.0,28054326.0,2281.2880979568
5989.T,2026-03-31,10974000000.0,390.06,79391000000.0,28147129.0,2820.571860099835
5991.T,2023-03-31,21537000000.0,94.5,349221000000.0,226517455.0,1541.6957602671282
5991.T,2024-03-31,39188000000.0,173.27,405020000000.0,221461292.0,1828.852330546324
5991.T,2025-03-31,48167000000.0,224.73,407677000000.0,203925826.0,1999.1435513420454
5991.T,2026-03-31,27862000000.0,137.46,437618000000.0,202589091.0,2160.126183694659
5992.T,2023-03-31,481960000.0,19.28,64236881000.0,25255500.0,2543.480865554038
5992.T,2024-03-31,1990747000.0,78.84,87912417000.0,25243948.0,3482.5145813166782
5992.T,2025-03-31,1855455000.0,73.52,76750006000.0,25233094.0,3041.640711995128
5992.T,2026-03-31,12420284000.0,492.31,87733611000.0,25224041.0,3478.1742941188527
6005.T,2022-03-31,,,,,
6005.T,2023-03-31,16876000000.0,149.52,168348000000.0,111932065.0,1504.0194246394008
6005.T,2024-03-31,19368000000.0,175.0,180695000000.0,110249519.0,1638.9640665915285
6005.T,2025-03-31,22884000000.0,202.57,203719000000.0,115689797.0,1760.9072302201378
6005.T,2026-03-31,27621000000.0,238.72,243157000000.0,115712314.0,2101.392596815582
6013.T,2022-03-31,,,,,
6013.T,2023-03-31,9621000000.0,120.22,100598000000.0,79953000.0,1258.2142008429953
6013.T,2024-03-31,8754000000.0,109.43,110339000000.0,80021475.0,1378.8673602929714
6013.T,2025-03-31,10391000000.0,132.24,108734000000.0,76410838.0,1423.0180278876146
6013.T,2026-03-31,13732000000.0,185.04,112559000000.0,72853198.0,1545.011105758185
6016.T,2022-03-31,,,,,
6016.T,2023-03-31,808849000.0,96.466667,7343759000.0,8384760.0,875.8460588019216
6016.T,2024-03-31,2548187000.0,303.92,9749695000.0,8383941.0,1162.901194080445
6016.T,2025-03-31,4326113000.0,516.01,13880775000.0,8383767.0,1655.672801975532
6016.T,2026-03-31,4758460000.0,567.58,18389583000.0,8383645.0,2193.50688155331
6023.T,2022-03-31,,62.01,,,
6023.T,2023-03-31,2948085000.0,93.37,45678546000.0,31569765.0,1446.908014677968
6023.T,2024-03-31,5149000000.0,162.87,50792000000.0,31649170.0,1604.8446136186194
6023.T,2025-03-31,5717000000.0,,44152000000.0,25399375.0,1738.3104899234725
6023.T,2026-03-31,5920000000.0,232.9,49379000000.0,25431475.0,1941.6490785532494
6027.T,2022-03-31,,,,,
6027.T,2023-03-31,717402000.0,32.33,3167302000.0,22228211.0,142.49018960635203
6027.T,2024-03-31,837671000.0,37.62,4157610000.0,22280737.0,186.60109851841975
6027.T,2025-03-31,1049450000.0,46.69,5438960000.0,22588678.0,240.7825725790593
6027.T,2026-03-31,1510433000.0,66.68,7209713000.0,22866078.0,315.30168837874163
6036.T,2022-06-30,3093984000.0,113.41,8039864000.0,27280324.0,294.7129220312779
6036.T,2023-06-30,3957283000.0,145.06,11151236000.0,27280180.0,408.7669509512034
6036.T,2024-06-30,4421095000.0,162.02,14466810000.0,27291816.0,530.0786873251674
6036.T,2025-06-30,4888857000.0,179.14,18042145000.0,27291221.0,661.0970245706486
603A.T,2024-06-30,-2631957000.0,-72.346262,4986528000.0,36380000.0,137.0678394722375
603A.T,2025-06-30,1595584000.0,43.858824,6591843000.0,36380000.0,181.1941451346894
603A.T,2026-06-30,1940242000.0,53.332655,8532086000.0,36380000.0,234.52682792743266
6055.T,2022-03-31,,,,,
6055.T,2023-03-31,7904000000.0,77.0,43541000000.0,102651780.0,424.1621528628145
6055.T,2024-03-31,5681000000.0,55.32,47604000000.0,102738180.0,463.3525725295114
6055.T,2025-03-31,7872000000.0,76.62,54128000000.0,102755080.0,526.7671437752762
6055.T,2026-03-31,10592000000.0,103.07,62643000000.0,102774180.0,609.5207959820258
6058.T,2022-02-28,,,,,
6058.T,2023-02-28,3172000000.0,66.54,12947000000.0,47674039.0,271.57338189868915
6058.T,2024-02-29,4684000000.0,98.12,16174000000.0,46914039.0,344.7582076657267
6058.T,2025-02-28,4195000000.0,89.43,17083000000.0,46904439.0,364.20859867868796
6058.T,2026-02-28,5109000000.0,108.93,21481000000.0,46904439.0,457.9737111875488
6062.T,2022-06-30,2951000000.0,90.5,12459000000.0,32616672.0,381.9825640089829
6062.T,2023-06-30,3206000000.0,98.28,15135000000.0,32629372.0,463.845887073769
6062.T,2024-06-30,4276000000.0,,18705000000.0,32658347.0,572.7479103581085
6062.T,2025-06-30,2936000000.0,89.89,20677000000.0,32668388.0,632.9360359011287
6071.T,2021-12-31,,,,,
6071.T,2022-12-31,1493570000.0,37.17,7568106000.0,40233894.0,188.10274739999068
6071.T,2023-12-31,1629463000.0,40.84,7547853000.0,38782494.0,194.62010359622565
6071.T,2024-12-31,1523551000.0,40.16,8423688000.0,37787794.0,222.92087227955145
6071.T,2025-12-31,2077304000.0,54.89,10230885000.0,37871594.0,270.14666982329817
6078.T,2021-12-31,,,,,
6078.T,2022-12-31,880807000.0,33.58,5641000000.0,26408200.0,213.60789451761195
6078.T,2023-12-31,970017000.0,37.01,6316913000.0,26497565.0,238.39598091371792
6078.T,2024-12-31,791075000.0,29.6,6686750000.0,26646544.0,250.9424862000866
6078.T,2025-12-31,629022000.0,23.54,6897499000.0,26707704.0,258.2587780664336
6080.T,2022-09-30,6794777000.0,214.21,32598659000.0,31728602.0,1027.4218511108684
6080.T,2023-09-30,4225876000.0,133.17,36627069000.0,31758602.0,1153.2960109516155
6080.T,2024-09-30,4511032000.0,140.58,40018358000.0,31758602.0,1260.0793322073812
6080.T,2025-09-30,5070542000.0,159.66,43283610000.0,31758580.0,1362.8950034919696
6083.T,2022-05-31,,,,,
6083.T,2023-05-31,1533884000.0,65.933333,5037118000.0,23141154.0,217.6692657591752
6083.T,2024-05-31,1233250000.0,53.293333,5734840000.0,23140962.0,247.82202226510722
6083.T,2025-05-31,1293720000.0,56.44,6342381000.0,22808262.0,278.07384008479033
6083.T,2026-05-31,3146578000.0,139.41,8497919000.0,7482645.0,1135.6838390702753
6088.T,2022-03-31,,,,,
6088.T,2023-03-31,2204098000.0,26.16,10878288000.0,83190012.0,130.76435185512415
6088.T,2024-03-31,3232107000.0,26.16,13193616000.0,84526728.0,156.08809559030843
6088.T,2025-03-31,4394662000.0,51.93,14272037000.0,83705988.0,170.50198368126306
6088.T,2026-03-31,3971882000.0,47.67,14262543000.0,81578653.0,174.831803118887
6098.T,2022-03-31,,,,,
6098.T,2023-03-31,269799000000.0,168.59,1627010000000.0,1579115226.0,1030.330132476349
6098.T,2024-03-31,353654000000.0,225.99,2000922000000.0,1544640828.0,1295.3962913118078
6098.T,2025-03-31,408504000000.0,271.44,1617582000000.0,1466715587.0,1102.860032536083
6098.T,2026-03-31,496912000000.0,349.78,1583321000000.0,1396213325.0,1134.010807410107
6099.T,2022-12-31,2082698000.0,34.45,8989709000.0,60461231.0,148.68551055468916
6099.T,2023-12-31,2518738000.0,41.66,10814363000.0,60461205.0,178.86449666360437
6099.T,2024-12-31,2354670000.0,38.94,12501850000.0,60463088.0,206.7683013477578
6099.T,2025-12-31,2767760000.0,45.77,14443278000.0,60483269.0,238.79790624412183
6101.T,2022-03-31,,,,,
6101.T,2023-03-31,7695000000.0,159.39,50953000000.0,48176000.0,1057.6428096977747
6101.T,2024-03-31,5376000000.0,112.57,56605000000.0,47546372.0,1190.5219603295916
6101.T,2025-03-31,6645000000.0,231.55,62897000000.0,47397240.0,1327.0181976840845
6101.T,2026-03-31,6964000000.0,361.2,80102000000.0,46587578.0,1719.3853692072166
6103.T,2022-03-31,,,,,
6103.T,2023-03-31,19195000000.0,307.975,203515000000.0,61919748.0,3286.7543323981226
6103.T,2024-03-31,19381000000.0,314.9,227955000000.0,60834722.0,3747.1199424565466
6103.T,2025-03-31,9590000000.0,158.46,227499000000.0,60501664.0,3760.2106282564396
6103.T,2026-03-31,12554000000.0,208.03,245008000000.0,59271229.0,4133.675041561902
6104.T,2022-03-31,,,,,
6104.T,2023-03-31,6441000000.0,266.63,89117000000.0,24162541.0,3688.229644390464
6104.T,2024-03-31,17920000000.0,741.502319,111704000000.0,24167153.0,4622.1414661462195
6104.T,2025-03-31,12597000000.0,529.56,117170000000.0,23631053.0,4958.306343775709
6104.T,2026-03-31,1028000000.0,43.51,118539000000.0,23647012.0,5012.853209530236
6113.T,2023-03-31,34158000000.0,98.25,504127000000.0,347656755.0,1450.071062188911
6113.T,2024-03-31,40638000000.0,118.95,529661000000.0,334360401.0,1584.102059980482
6113.T,2025-03-31,32386000000.0,98.72,519212000000.0,321257427.0,1616.1867597850119
6113.T,2026-03-31,30554000000.0,96.67,535467000000.0,310532887.0,1724.3487643870712
6118.T,2022-03-31,,,,,
6118.T,2023-03-31,1295000000.0,21.7,78041000000.0,59711863.0,1306.9597242343618
6118.T,2024-03-31,2808000000.0,47.02,82320000000.0,59749175.0,1377.7596092330982
6118.T,2025-03-31,5101000000.0,88.47,83636000000.0,57538627.0,1453.5626649554915
6118.T,2026-03-31,4260000000.0,77.53,86657000000.0,54341230.0,1594.6823434066546
6125.T,2022-03-31,,,,,
6125.T,2023-03-31,4029000000.0,870.52,24858000000.0,4698895.0,5290.179925280305
6125.T,2024-03-31,4556000000.0,970.03,29975000000.0,4696994.0,6381.741173184381
6125.T,2025-03-31,2024000000.0,326.68,40562000000.0,6611030.0,6135.503847358127
6125.T,2026-03-31,1234000000.0,186.71,42651000000.0,6610053.0,6452.4444811562025
6134.T,2022-03-31,,,,,
6134.T,2023-03-31,20454000000.0,212.05,224987000000.0,96472748.0,2332.130105799412
6134.T,2024-03-31,10438000000.0,110.59,228161000000.0,92611080.0,2463.646898405677
6134.T,2025-03-31,10906000000.0,119.64,218559000000.0,88796902.0,2461.3358695779725
6134.T,2026-03-31,15733000000.0,178.79,232315000000.0,87913069.0,2642.553634431759
6135.T,2022-03-31,,,,,
6135.T,2023-03-31,16073000000.0,671.86,197285000000.0,23881565.0,8260.974521560878
6135.T,2024-03-31,15981000000.0,670.55,221166000000.0,23717598.0,9324.974645408865
6135.T,2025-03-31,14415000000.0,613.17,226284000000.0,23388434.0,9675.038525452366
6135.T,2026-03-31,20992000000.0,897.49,261054000000.0,23391657.0,11160.132862755298
6136.T,2021-11-30,,,,,
6136.T,2022-11-30,16534000000.0,171.54,164658000000.0,95668994.0,1721.121892428387
6136.T,2023-11-30,14307000000.0,149.29,181558000000.0,95944700.0,1892.3192213848185
6136.T,2024-11-30,13439000000.0,148.94,166630000000.0,84921343.0,1962.1686859097365
6136.T,2025-11-30,14334000000.0,172.11,180811000000.0,82150384.0,2200.975713028925
6137.T,2023-03-31,2065000000.0,98.826,33209000000.0,20949665.0,1585.180479019593
6137.T,2024-03-31,3056000000.0,145.59,39344000000.0,21050790.0,1869.0034910803822
6137.T,2025-03-31,3633000000.0,172.47,42554000000.0,21081410.0,2018.555684842712
6137.T,2026-03-31,3461000000.0,164.04,46934000000.0,21110285.0,2223.276474003075
6140.T,2022-03-31,,,,,
6140.T,2023-03-31,2765000000.0,50.88,61172000000.0,53553523.0,1142.2591189752352
6140.T,2024-03-31,2109000000.0,40.57,62241000000.0,51553523.0,1207.3083734743016
6140.T,2025-03-31,2493000000.0,48.36,61652000000.0,51353667.0,1200.5374416592294
6140.T,2026-03-31,2009000000.0,40.92,62208000000.0,48136499.0,1292.3249777679096
6141.T,2022-12-31,25406000000.0,188.62,245897000000.0,125481287.0,1959.6308412106102
6141.T,2023-12-31,33944000000.0,256.66,267990000000.0,125493342.0,2135.4917777231562
6141.T,2024-12-31,7700000000.0,43.6,314522000000.0,141421126.0,2224.0100110644007
6141.T,2025-12-31,24033000000.0,155.6,340484000000.0,139290974.0,2444.4082069524475
6143.T,2021-12-31,,,,,
6143.T,2022-12-31,6021000000.0,112.67,80932000000.0,52273548.0,1548.240039111177
6143.T,2023-12-31,-4604000000.0,-90.29,77073000000.0,50740279.0,1518.9707569404575
6143.T,2024-12-31,4115000000.0,81.06,84375000000.0,50569070.0,1668.510020057715
6143.T,2025-12-31,4514000000.0,89.19,90518000000.0,50647685.0,1787.209030383126
6144.T,2022-03-31,,,,,
6144.T,2023-03-31,1806000000.0,119.65,28410000000.0,15096536.0,1881.888666380155
6144.T,2024-03-31,1977000000.0,130.95,30547000000.0,15101436.0,2022.787766673315
6144.T,2025-03-31,2350000000.0,155.61,30793000000.0,15106976.0,2038.3298417896474
6144.T,2026-03-31,3516000000.0,233.12,33710000000.0,15029732.0,2242.8876309970133
6145.T,2022-03-31,,,,,
6145.T,2023-03-31,2224000000.0,123.1,35713000000.0,18066677.0,1976.7331867393211
6145.T,2024-03-31,2744000000.0,151.92,39419000000.0,18066348.0,2181.9019538425805
6145.T,2025-03-31,1307000000.0,73.97,36388000000.0,16872182.0,2156.686076525253
6145.T,2026-03-31,3439000000.0,203.85,40256000000.0,16874482.0,2385.6139702540204
6146.T,2022-03-31,,,,,
6146.T,2023-03-31,82891000000.0,765.47,347795000000.0,108302313.0,3211.334923197808
6146.T,2024-03-31,84205000000.0,777.29,406362000000.0,108348846.0,3750.4967980923398
6146.T,2025-03-31,123891000000.0,1143.26,492352000000.0,108404743.0,4541.793895494037
6146.T,2026-03-31,135521000000.0,1249.84,587758000000.0,108462025.0,5419.021081341603
6151.T,2022-03-31,,,,,
6151.T,2023-03-31,2625000000.0,129.5,57961000000.0,20079699.0,2886.547253522077
6151.T,2024-03-31,1841000000.0,93.49,57163000000.0,18914367.0,3022.200002780955
6151.T,2025-03-31,1345000000.0,71.86,58171000000.0,18714328.0,3108.367022315736
6151.T,2026-03-31,2144000000.0,114.57,60933000000.0,18757788.0,3248.410740114986
6178.T,2022-03-31,,,,,
6178.T,2023-03-31,431045000000.0,120.82,10075507000000.0,3459809700.0,2912.1564113771924
6178.T,2024-03-31,268685000000.0,80.26,10265683000000.0,3205081507.0,3202.939762242995
6178.T,2025-03-31,370564000000.0,119.3,9089547000000.0,2971795860.0,3058.604099408093
6178.T,2026-03-31,374556000000.0,129.14,9714498000000.0,2806316928.0,3461.653921933653
6183.T,2023-02-28,9330000000.0,126.82,64224000000.0,73561628.0,873.0638750953146
6183.T,2024-02-29,7545000000.0,102.61,66730000000.0,73527327.0,907.5537316894438
6183.T,2025-02-28,8003000000.0,108.81,70160000000.0,73566609.0,953.6935432214906
6183.T,2026-02-28,8181000000.0,110.22,73928000000.0,74345321.0,994.3867213916528
6191.T,2022-09-30,1712000000.0,77.38,9185000000.0,22157156.0,414.5387612020243
6191.T,2023-09-30,1274000000.0,57.32,12340000000.0,22373556.0,551.5439745027568
6191.T,2024-09-30,2013000000.0,93.13,13728000000.0,22390456.0,613.1183750790962
6191.T,2025-09-30,1779000000.0,79.47,15250000000.0,22440856.0,679.5640950594754
6196.T,2022-09-30,2962404000.0,51.743333,11248547000.0,57422223.0,195.8918762166348
6196.T,2023-09-30,3866844000.0,67.153333,14503086000.0,57608583.0,251.75217380368477
6196.T,2024-09-30,4955003000.0,86.013333,18470099000.0,57608373.0,320.6148349303321
6196.T,2025-09-30,4719993000.0,81.933333,21474520000.0,57608286.0,372.7679035616508
6200.T,2022-09-30,2233615000.0,26.53,6125437000.0,84194310.0,72.75357443988793
6200.T,2023-09-30,2676403000.0,31.79,7929501000.0,84187911.0,94.18811924196575
6200.T,2024-09-30,3355877000.0,39.98,9935479000.0,83910631.0,118.40548547418264
6200.T,2025-09-30,4130091000.0,49.2,12487073000.0,83973831.0,148.70195692274658
6203.T,2022-03-31,,,,,
6203.T,2023-03-31,524000000.0,43.56,17353000000.0,12046134.0,1440.545157475419
6203.T,2024-03-31,-873000000.0,-72.49,17332000000.0,12047456.0,1438.6439759564178
6203.T,2025-03-31,749000000.0,62.18,18736000000.0,12060682.0,1553.4776557411928
6203.T,2026-03-31,741000000.0,61.41,21023000000.0,12071245.0,1741.5767801912727
6209.T,2024-03-31,26324000000.0,1091.78,140549000000.0,28138201.0,4994.953302096321
6209.T,2025-03-31,8756000000.0,323.32,145254000000.0,26868885.0,5406.03006042119
6209.T,2026-03-31,14027000000.0,521.58,160378000000.0,26903275.0,5961.281665522134
6223.T,2021-12-31,,,,,
6223.T,2022-12-31,3908000000.0,195.553226,17748000000.0,20500000.0,865.7560975609756
6223.T,2023-12-31,3431000000.0,180.14,26793000000.0,20500000.0,1306.9756097560976
6223.T,2024-12-31,3336000000.0,162.76,29912000000.0,20500000.0,1459.121951219512
6223.T,2025-12-31,3455000000.0,172.51,32092000000.0,19859500.0,1615.9520632442911
6226.T,2022-03-31,,,,,
6226.T,2023-03-31,641705000.0,18.51,7538934000.0,34795926.0,216.66139880858466
6226.T,2024-03-31,1718543000.0,49.205,9123577000.0,35017800.0,260.5411247993877
6226.T,2025-03-31,2840888000.0,81.07,11487396000.0,35166216.0,326.6599966285824
6226.T,2026-03-31,4138302000.0,117.47,14884628000.0,35280968.0,421.88831100099065
6227.T,2022-06-30,478326000.0,28.32,8046343000.0,16889940.0,476.3985544057587
6227.T,2023-06-30,1193051000.0,70.636667,8986731000.0,16889940.0,532.0759576410574
6227.T,2024-06-30,111732000.0,6.466667,10955596000.0,18611574.0,588.6442490033353
6227.T,2025-06-30,337742000.0,18.206667,10861128000.0,18574371.0,584.7373243486953
6231.T,2022-03-31,,,,,
6231.T,2023-03-31,1037141000.0,285.64,7754587000.0,3587375.0,2161.632670127879
6231.T,2024-03-31,2065512000.0,576.99,9650023000.0,3576852.0,2697.909502545814
6231.T,2025-03-31,2496235000.0,699.0,11763903000.0,3563208.0,3301.492082415621
6231.T,2026-03-31,3278543000.0,920.66,14067055000.0,3526186.0,3989.311681232924
6235.T,2021-12-31,,,,,
6235.T,2022-12-31,6889822000.0,159.01,52140885000.0,43484826.0,1199.0592994439025
6235.T,2023-12-31,4631671000.0,106.14,56315687000.0,43814946.0,1285.307689298533
6235.T,2024-12-31,6351442000.0,151.864648,58688888000.0,41823045.0,1403.2667396646991
6235.T,2025-12-31,2959661000.0,74.246864,57381163000.0,39862438.0,1439.4795170330526
6237.T,2022-03-31,,,,,
6237.T,2023-03-31,4257973000.0,193.94,28706410000.0,21971517.0,1306.528356690164
6237.T,2024-03-31,4459881000.0,202.32,33282033000.0,22080101.0,1507.3315561373565
6237.T,2025-03-31,4468172000.0,202.15,37885806000.0,22115157.0,1713.1149464595708
6237.T,2026-03-31,4835280000.0,218.14,41351536000.0,22183345.0,1864.0802818510915
6238.T,2022-03-31,,,,,
6238.T,2023-03-31,1443560000.0,53.62,20152543000.0,26440034.0,762.1980743292539
6238.T,2024-03-31,2491087000.0,94.22,21862613000.0,26440011.0,826.8760932058614
6238.T,2025-03-31,1627341000.0,61.5,22424033000.0,26478675.0,846.8714163378644
6238.T,2026-03-31,2060727000.0,77.81,23627816000.0,26486742.0,892.06199841415
6240.T,2022-03-31,,,,,
6240.T,2023-03-31,645425000.0,9.03,20977757000.0,71566374.0,293.12309437390246
6240.T,2024-03-31,786581000.0,11.01,21299253000.0,70598067.0,301.69739633239533
6240.T,2025-03-31,1723239000.0,24.32,22619538000.0,71002945.0,318.57182825303937
6240.T,2026-03-31,1718581000.0,24.62,22823373000.0,69618020.0,327.83714618715095
6247.T,2022-03-31,,,,,
6247.T,2023-03-31,2040000000.0,72.45,56155000000.0,28181602.0,1992.6120594563786
6247.T,2024-03-31,2420000000.0,85.83,59983000000.0,28217500.0,2125.7375742004074
6247.T,2025-03-31,3782000000.0,135.78,59645000000.0,27257162.0,2188.2322158117563
6247.T,2026-03-31,3449000000.0,130.21,63040000000.0,26293933.0,2397.5112433731388
6249.T,2022-03-31,,,,,
6249.T,2023-03-31,4299000000.0,309.82,46039000000.0,14239697.0,3233.1446378388528
6249.T,2024-03-31,7550000000.0,527.77,54376000000.0,14657997.0,3709.6473686002255
6249.T,2025-03-31,6586000000.0,456.96,58599000000.0,14022997.0,4178.778616297215
6249.T,2026-03-31,3262000000.0,232.59,60376000000.0,14026777.0,4304.338765776343
6250.T,2021-12-31,,180.58,,,
6250.T,2022-12-31,6299000000.0,151.45,77373000000.0,41609714.0,1859.493674962534
6250.T,2023-12-31,9097000000.0,218.97,87687000000.0,41356876.0,2120.2520229042443
6250.T,2024-12-31,15889000000.0,,107354000000.0,41078047.0,2613.415384621377
6250.T,2025-12-31,14444000000.0,352.86,119965000000.0,40908498.0,2932.5202797716993
6254.T,2022-03-31,,,,,
6254.T,2023-03-31,5806687000.0,156.9,21401108000.0,37224000.0,574.927681065979
6254.T,2024-03-31,7978023000.0,213.47,28924222000.0,37514356.0,771.0174206375821
6254.T,2025-03-31,10199642000.0,270.75,37013934000.0,37863061.0,977.5737360484404
6254.T,2026-03-31,3818172000.0,100.36,39852929000.0,38288784.0,1040.851258164793
6258.T,2022-03-31,,,,,
6258.T,2023-03-31,4269969000.0,137.076667,59179908000.0,31152714.0,1899.6710206372388
6258.T,2024-03-31,4344188000.0,139.42,65027983000.0,31161261.0,2086.8212939136192
6258.T,2025-03-31,4778142000.0,154.33,68611730000.0,30590391.0,2242.9177188353037
6258.T,2026-03-31,6077490000.0,198.54,76669203000.0,30625673.0,2503.429165458666
6264.T,2022-08-31,1817019000.0,71.29,7299087000.0,25253898.0,289.0281333994459
6264.T,2023-08-31,706580000.0,27.96,7473759000.0,25281012.0,295.6273664994107
6264.T,2024-08-31,19593000.0,0.775,7163285000.0,25307676.0,283.04791795184985
6264.T,2025-08-31,1355987000.0,53.555,8151517000.0,25324588.0,321.8815247853193
6266.T,2021-12-31,,,,,
6266.T,2022-12-31,2263366000.0,162.09,17285967000.0,14549018.0,1188.119156908047
6266.T,2023-12-31,2356831000.0,161.34,19767832000.0,14640454.0,1350.2198770611894
6266.T,2024-12-31,4247495000.0,289.94,24176070000.0,14657457.0,1649.404122420417
6266.T,2025-12-31,3541412000.0,244.31,26542655000.0,14472308.0,1834.030549930253
6268.T,2022-12-31,9464000000.0,78.87,248696000000.0,120005549.0,2072.3708367852223
6268.T,2023-12-31,14554000000.0,121.25,260470000000.0,120038563.0,2169.8860223776587
6268.T,2024-12-31,10119000000.0,84.25,270093000000.0,120124205.0,2248.4477628800955
6268.T,2025-12-31,15695000000.0,124.01,271932000000.0,116725611.0,2329.6686791384627
6269.T,2021-12-31,,,,,
6269.T,2022-12-31,37377000.0,0.66,811640000.0,56370000.0,14.398438885932233
6269.T,2023-12-31,96536000.0,1.55,992817000.0,68307083.0,14.534612757508617
6269.T,2024-12-31,220405000.0,3.23,1180435000.0,68307050.0,17.281305516780478
6269.T,2025-12-31,360677000.0,5.28,1452809000.0,68340671.0,21.25833678162159
6272.T,2022-03-31,,,,,
6272.T,2023-03-31,2737801000.0,102.13,31384788000.0,26807531.0,1170.745190968911
6272.T,2024-03-31,3675171000.0,136.96,35884464000.0,26848541.0,1336.551732922843
6272.T,2025-03-31,3889835000.0,144.542582,38715133000.0,26911343.0,1438.617649070877
6272.T,2026-03-31,3898346000.0,144.361878,43062364000.0,27003985.0,1594.667009332141
6273.T,2022-03-31,,,,,
6273.T,2023-03-31,224610000000.0,3444.55,1698412000000.0,64500627.0,26331.713023502856
6273.T,2024-03-31,178321000000.0,2766.92,1881586000000.0,64133408.0,29338.624886424248
6273.T,2025-03-31,156344000000.0,2766.92,1928280000000.0,63733825.0,30255.205928719955
6273.T,2026-03-31,167304000000.0,2640.04,2115090000000.0,63139059.0,33498.915465306505
6277.T,2022-09-30,4007000000.0,247.11,53756000000.0,16220134.0,3314.1526451014524
6277.T,2023-09-30,5968000000.0,382.75,58901000000.0,15013712.0,3923.14705383985
6277.T,2024-09-30,5580000000.0,371.99,61622000000.0,14784442.0,4168.030149531514
6277.T,2025-09-30,4527000000.0,306.09,67218000000.0,14635988.0,4592.652030050858
6278.T,2021-12-31,,220.18,,,
6278.T,2022-12-31,4996000000.0,289.21,63624000000.0,17275383.0,3682.9284768968655
6278.T,2023-12-31,3077000000.0,178.17,67277000000.0,17275159.0,3894.4359354376998
6278.T,2024-12-31,5283000000.0,,73135000000.0,17274828.0,4233.616682030061
6278.T,2025-12-31,6114000000.0,353.86,79997000000.0,17413555.0,4593.949943018528
6282.T,2022-03-31,,,,,
6282.T,2023-03-31,4132000000.0,132.44,68948000000.0,31132505.0,2214.6627776981004
6282.T,2024-03-31,5476000000.0,177.79,74255000000.0,30761324.0,2413.9078018878513
6282.T,2025-03-31,6308000000.0,208.41,76183000000.0,29406161.0,2590.715598680154
6282.T,2026-03-31,5009000000.0,171.77,80091000000.0,29204047.0,2742.462371739095
6284.T,2022-09-30,6130000000.0,408.97,45863000000.0,14991412.0,3059.2848759009494
6284.T,2023-09-30,5085000000.0,339.23,50343000000.0,14991329.0,3358.1412295067366
6284.T,2024-09-30,5779000000.0,385.52,52801000000.0,14991144.0,3522.1461417487553
6284.T,2025-09-30,7740000000.0,516.36,58887000000.0,14991108.0,3928.128594630897
6287.T,2022-03-31,,,,,
6287.T,2023-03-31,4184000000.0,126.66,65480000000.0,32388990.0,2021.6746493175613
6287.T,2024-03-31,3565000000.0,110.02,71294000000.0,32407246.0,2199.9400998159485
6287.T,2025-03-31,7151000000.0,220.39,76551000000.0,32463319.0,2358.0768189475634
6287.T,2026-03-31,5086000000.0,156.69,85320000000.0,32464609.0,2628.092640820039
6289.T,2022-08-31,3234000000.0,117.65,40740000000.0,27501694.0,1481.3632934756674
6289.T,2023-08-31,846000000.0,30.82,39543000000.0,27217610.0,1452.846153648318
6289.T,2024-08-31,2437000000.0,90.99,40446000000.0,26767706.0,1510.9998593080782
6289.T,2025-08-31,1487000000.0,55.74,40284000000.0,26447007.0,1523.1969349121434
6301.T,2022-03-31,,237.97,,,
6301.T,2023-03-31,326398000000.0,345.22,2539641000000.0,945594299.0,2685.7617507696077
6301.T,2024-03-31,393426000000.0,415.96,3033569000000.0,945981168.0,3206.7963957608085
6301.T,2025-03-31,439614000000.0,,3173399000000.0,922847599.0,3438.7032088924575
6301.T,2026-03-31,376391000000.0,413.9,3510768000000.0,901098026.0,3896.0999788051918
6302.T,2022-03-31,44053000000.0,359.61,551388000000.0,122500481.0,4501.108856870529
6302.T,2023-12-31,32742000000.0,267.3,619772000000.0,122487307.0,5059.887552266946
6302.T,2024-12-31,7721000000.0,63.86,640681000000.0,120179919.0,5331.01540865575
6302.T,2025-12-31,30937000000.0,5331.01,681666000000.0,120181399.0,5671.975910348656
6305.T,2023-03-31,70175000000.0,330.0,659992000000.0,212649476.0,3103.661539236523
6305.T,2024-03-31,93294000000.0,438.68,763380000000.0,212672863.0,3589.456544815499
6305.T,2025-03-31,81428000000.0,382.83,809337000000.0,212703562.0,3804.9997488993627
6305.T,2026-03-31,73193000000.0,344.06,900166000000.0,212736078.0,4231.374426297358
6306.T,2023-03-31,1020000000.0,26.67,31643000000.0,38276695.0,826.6910191697585
6306.T,2024-03-31,1312000000.0,34.25,33027000000.0,38328374.0,861.6853926545384
6306.T,2025-03-31,2009000000.0,52.29,34550000000.0,38487774.0,897.687665698723
6306.T,2026-03-31,2536000000.0,65.85,37397000000.0,38535174.0,970.4640233361863
6309.T,2021-10-31,,70.433333,,,
6309.T,2022-10-31,2659494000.0,266.53,34387804000.0,9978260.0,3446.2725966250628
6309.T,2023-10-31,2733551000.0,273.95,36832951000.0,29934780.0,1230.4400099148884
6309.T,2024-10-31,3616098000.0,,39351302000.0,9978260.0,3943.703812087478
6309.T,2025-10-31,3851323000.0,128.66,42737093000.0,29934666.0,1427.6789659186443
6310.T,2022-12-31,4119000000.0,182.14,68013000000.0,22616647.0,3007.2096893938347
6310.T,2023-12-31,29000000.0,1.28,69334000000.0,22617334.0,3065.524875743534
6310.T,2024-12-31,-3022000000.0,-133.63,67574000000.0,22622209.0,2987.0646142469996
6310.T,2025-12-31,2757000000.0,121.839579,73795000000.0,22628115.0,3261.208456824618
6315.T,2022-03-31,,,,,
6315.T,2023-03-31,7346676000.0,97.896667,47221628000.0,75058923.0,629.1274389855021
6315.T,2024-03-31,6444193000.0,85.9,58435901000.0,74996427.0,779.1824669193907
6315.T,2025-03-31,8121050000.0,108.28,61386366000.0,75006501.0,818.4139398796913
6315.T,2026-03-31,4593096000.0,61.22,70611834000.0,75028019.0,941.1395228228004
6323.T,2022-02-28,,,,,
6323.T,2023-02-28,21384000000.0,123.742,68305000000.0,172812530.0,395.25490425954644
6323.T,2024-02-29,19576000000.0,111.111,92295000000.0,176202090.0,523.8019594432733
6323.T,2025-02-28,23634000000.0,134.08,117899000000.0,176357140.0,668.5241096561217
6323.T,2026-02-28,19048000000.0,109.33,130229000000.0,173431740.0,750.8948477366368
6324.T,2022-03-31,,,,,
6324.T,2023-03-31,7595928000.0,79.67,103955656000.0,95064398.0,1093.5287887690615
6324.T,2024-03-31,-24806996000.0,-261.0,79401664000.0,94976343.0,836.0151748525419
6324.T,2025-03-31,3473539000.0,36.57,78943065000.0,94903509.0,831.824511357109
6324.T,2026-03-31,1608895000.0,16.99,80390804000.0,94666789.0,849.1975364243103
6326.T,2021-12-31,,,,,
6326.T,2022-12-31,156472000000.0,131.06,1874490000000.0,1190998272.0,1573.8813767145416
6326.T,2023-12-31,238455000000.0,201.74,2175773000000.0,1174981695.0,1851.7505500372922
6326.T,2024-12-31,230437000000.0,197.61,2477314000000.0,1149410152.0,2155.2915603619967
6326.T,2025-12-31,186687000000.0,163.44,2622985000000.0,1137064547.0,2306.8039601801074
6328.T,2021-12-31,,,,,
6328.T,2022-12-31,2169000000.0,88.575,18396000000.0,24282368.0,757.5867394810917
6328.T,2023-12-31,3141000000.0,131.56,21027000000.0,23869712.0,880.9071512886288
6328.T,2024-12-31,3157000000.0,132.11,23460000000.0,23844092.0,983.8915233173904
6328.T,2025-12-31,4384000000.0,184.24,27940000000.0,23829484.0,1172.497062882268
6330.T,2023-03-31,1647000000.0,28.11,48922000000.0,58601354.0,834.8271270319112
6330.T,2024-03-31,9821000000.0,167.59,63935000000.0,58599826.0,1091.0441952506822
6330.T,2025-03-31,2020000000.0,34.49,60010000000.0,58599178.0,1024.0757984693914
6330.T,2026-03-31,-14944000000.0,-255.03,43506000000.0,58597641.0,742.4530963627017
6331.T,2022-03-31,,,,,
6331.T,2023-03-31,3043000000.0,133.22,30323000000.0,22849266.0,1327.088581313728
6331.T,2024-03-31,5397000000.0,236.23,34576000000.0,22848501.0,1513.272139822214
6331.T,2025-03-31,4879000000.0,213.79,38225000000.0,22829499.0,1674.3687629763579
6331.T,2026-03-31,7546000000.0,331.34,44930000000.0,22781090.0,1972.2497913839943
6332.T,2022-03-31,,,,,
6332.T,2023-03-31,4214000000.0,96.16,81178000000.0,42903800.0,1892.0934742377133
6332.T,2024-03-31,2675000000.0,62.38,87348000000.0,42799446.0,2040.867538332155
6332.T,2025-03-31,6669000000.0,154.97,93059000000.0,43097926.0,2159.245435615626
6332.T,2026-03-31,16910000000.0,412.69,98188000000.0,39560190.0,2481.9901016653357
6333.T,2022-03-31,,,,,
6333.T,2023-03-31,3996655000.0,214.95,31093370000.0,18118639.0,1716.0985436047376
6333.T,2024-03-31,3125199000.0,173.81,31850728000.0,17603149.0,1809.376720040261
6333.T,2025-03-31,3811499000.0,219.27,32738799000.0,16609058.0,1971.1412290811436
6333.T,2026-03-31,4341599000.0,265.69,31354736000.0,15327293.0,2045.6799514434806
6339.T,2023-03-31,-219000000.0,117.93,105778000000.0,52355728.0,2020.3711043804033
6339.T,2024-03-31,-337000000.0,166.23,120568000000.0,52396290.0,2301.0789504371396
6339.T,2025-03-31,-617000000.0,52.59,119618000000.0,52454137.0,2280.430235655197
6339.T,2026-03-31,-489000000.0,-309.8,111075000000.0,52516442.0,2115.051891748493
6340.T,2022-06-30,9262000000.0,334.79,85418000000.0,27667186.0,3087.3396376487294
6340.T,2023-06-30,5928000000.0,214.29,90172000000.0,27667076.0,3259.180695495252
6340.T,2024-06-30,9781000000.0,353.54,101021000000.0,27666799.0,3651.3439809209585
6340.T,2025-06-30,10052000000.0,363.34,107921000000.0,27666358.0,3900.802555941769
6345.T,2022-03-31,,,,,
6345.T,2023-03-31,5958103000.0,79.16,78573747000.0,74026809.0,1061.4228556035691
6345.T,2024-03-31,5270078000.0,70.26,81789062000.0,74560303.0,1096.9518458099615
6345.T,2025-03-31,6334645000.0,84.96,84023569000.0,74560078.0,1126.924370975041
6345.T,2026-03-31,6658122000.0,100.73,75398194000.0,64559332.0,1167.889934177138
6349.T,2022-03-31,,,,,
6349.T,2023-03-31,5716000000.0,104.85,106963000000.0,54521760.0,1961.8405568712383
6349.T,2024-03-31,4641000000.0,86.79,114466000000.0,53059469.0,2157.3152192684024
6349.T,2025-03-31,7247000000.0,136.6,115496000000.0,53059129.0,2176.741348317271
6349.T,2026-03-31,7371000000.0,138.92,122894000000.0,53062716.0,2316.014129393603
6351.T,2023-03-31,6262000000.0,126.98,76889000000.0,49011066.0,1568.8089706108412
6351.T,2024-03-31,8288000000.0,168.81,88802000000.0,49293328.0,1801.5014121180861
6351.T,2025-03-31,8783000000.0,179.36,94398000000.0,48486324.0,1946.8995009809364
6351.T,2026-03-31,5160000000.0,107.577285,102047000000.0,47965516.0,2127.507603587544
6357.T,2022-03-31,,,,,
6357.T,2023-03-31,1704249000.0,91.89,36037719000.0,18560112.0,1941.6757291119795
6357.T,2024-03-31,2071837000.0,111.46,41575080000.0,18593018.0,2236.058718385579
6357.T,2025-03-31,2995460000.0,160.45,45081959000.0,18695525.0,2411.3770006458767
6357.T,2026-03-31,5102198000.0,279.83,51424502000.0,18179216.0,2828.752461052226
6361.T,2021-12-31,,,,,
6361.T,2022-12-31,50488000000.0,109.722,359966000000.0,460307965.0,782.0112345872616
6361.T,2023-12-31,60283000000.0,130.592145,409875000000.0,461612755.0,887.9195723263756
6361.T,2024-12-31,71402000000.0,154.62,473277000000.0,461915325.0,1024.5968782265452
6361.T,2025-12-31,76633000000.0,166.31,508875000000.0,456586357.0,1114.5208178000817
6363.T,2022-03-31,,,,,
6363.T,2023-03-31,4404000000.0,166.5,45181000000.0,26451870.0,1708.045593751973
6363.T,2024-03-31,6225000000.0,234.82,52305000000.0,26558172.0,1969.450307046735
6363.T,2025-03-31,4068000000.0,152.96,56025000000.0,26632920.0,2103.599605300508
6363.T,2026-03-31,5945000000.0,224.94,60194000000.0,26316572.0,2287.30398472871
6364.T,2023-03-31,3752085000.0,132.47,34039745000.0,28207884.0,1206.7457807186104
6364.T,2024-03-31,5098832000.0,182.16,37410507000.0,27766970.0,1347.3024604413085
6364.T,2025-03-31,4767169000.0,172.16,40867080000.0,27499524.0,1486.1013594271667
6364.T,2026-03-31,5596604000.0,204.99,45005086000.0,26938905.0,1670.635313499194
6366.T,2022-03-31,,,,,
6366.T,2023-03-31,15187000000.0,50.54,22180000000.0,258971529.0,85.64648046697056
6366.T,2024-03-31,-15831000000.0,-69.22,4859000000.0,259072631.0,18.75535822230485
6366.T,2025-03-31,26987000000.0,104.148659,23704000000.0,259119994.0,91.47885361559555
6366.T,2026-03-31,84663000000.0,318.61,113855000000.0,259163199.0,439.3177752061935
6367.T,2022-03-31,,743.88,,,
6367.T,2023-03-31,257754000000.0,880.59,2238146000000.0,292724973.0,7645.90044047933
6367.T,2024-03-31,260311000000.0,889.22,2641305000000.0,292760680.0,9022.061979088176
6367.T,2025-03-31,264757000000.0,,2805493000000.0,292802452.0,9581.521537258164
6367.T,2026-03-31,275229000000.0,939.92,3254652000000.0,292841612.0,11114.03525534479
6368.T,2022-03-31,,200.67,,,
6368.T,2023-03-31,11730000000.0,255.77,86169000000.0,45888905.0,1877.7741591349804
6368.T,2024-03-31,17310000000.0,376.92,101927000000.0,45944176.0,2218.496638181083
6368.T,2025-03-31,24150000000.0,525.37,120947000000.0,45966062.0,2631.223879913837
6368.T,2026-03-31,28401000000.0,,142961000000.0,45982348.0,3109.0408867333176
6369.T,2022-03-31,,,,,
6369.T,2023-03-31,2378000000.0,146.815,38081000000.0,16176148.0,2354.145127752293
6369.T,2024-03-31,3554000000.0,228.065,37745000000.0,15423948.0,2447.1685200183506
6369.T,2025-03-31,3638000000.0,235.81,38901000000.0,15471220.0,2514.41062825039
6369.T,2026-03-31,2556000000.0,164.52,40290000000.0,15585012.0,2585.1760653119804
6370.T,2023-03-31,20134000000.0,179.14,293975000000.0,112401694.0,2615.3965259633896
6370.T,2024-03-31,29189000000.0,259.7,331261000000.0,112378399.0,2947.7284153158294
6370.T,2025-03-31,20305000000.0,180.66,336027000000.0,112164794.0,2995.8330775341146
6370.T,2026-03-31,15957000000.0,145.34,341151000000.0,109428146.0,3117.5800054220053
6371.T,2022-03-31,,130.96,,,
6371.T,2023-03-31,13742000000.0,123.706667,224396000000.0,111100179.0,2019.7627224344976
6371.T,2024-03-31,18551000000.0,170.55,258399000000.0,107558832.0,2402.396857563496
6371.T,2025-03-31,22122000000.0,,259808000000.0,102564416.0,2533.120258784489
6371.T,2026-03-31,29708000000.0,295.8,296356000000.0,104031492.0,2848.7143104705256
6376.T,2021-12-31,,,,,
6376.T,2022-12-31,13639000000.0,195.23,114227000000.0,66161675.0,1726.4828920972755
6376.T,2023-12-31,9071000000.0,137.09,124426000000.0,66182964.0,1880.0306374915453
6376.T,2024-12-31,7957000000.0,120.15,140070000000.0,66249240.0,2114.2884054217075
6376.T,2025-12-31,13652000000.0,206.22,158176000000.0,65265757.0,2423.5679975335306
6379.T,2022-03-31,,,,,
6379.T,2023-03-31,7741000000.0,142.93,82475000000.0,54099126.0,1524.5163110398494
6379.T,2024-03-31,7249000000.0,134.2,83273000000.0,53283040.0,1562.8425104873895
6379.T,2025-03-31,8100000000.0,150.89,85043000000.0,53959330.0,1576.0573750637748
6379.T,2026-03-31,10459000000.0,193.71,91475000000.0,54008244.0,1693.7229064510966
6381.T,2022-03-31,,,,,
6381.T,2023-03-31,4381000000.0,108.25,40023000000.0,40466933.0,989.0297344748118
6381.T,2024-03-31,4931000000.0,122.13,44157000000.0,39795753.0,1109.5907646225464
6381.T,2025-03-31,4276000000.0,108.21,46852000000.0,39343616.0,1190.8412282185755
6381.T,2026-03-31,5356000000.0,136.04,50745000000.0,39386252.0,1288.3937268263048
6383.T,2022-03-31,35877000000.0,94.9,290770000000.0,378051621.0,769.127769458764
6383.T,2023-03-31,41248000000.0,109.11,332022000000.0,378056526.0,878.2337485691227
6383.T,2024-03-31,45461000000.0,121.63,358410000000.0,370651656.0,966.9726121498834
6383.T,2025-12-31,78096000000.0,212.39,451547000000.0,367709958.0,1227.997747072164
6387.T,2022-07-31,1052910000.0,131.07,10057531000.0,8032753.0,1252.065263303876
6387.T,2023-07-31,1366127000.0,170.07,11144254000.0,8032476.0,1387.3996013184478
6387.T,2024-07-31,1471991000.0,183.25,12299793000.0,8032440.0,1531.2648460492703
6387.T,2025-07-31,,,,,
6395.T,2022-03-31,13096000000.0,103.33,159114000000.0,126774355.0,1255.0961115124585
6395.T,2023-12-31,7773000000.0,61.26,181024000000.0,126912323.0,1426.3705503207912
6395.T,2024-12-31,6642000000.0,52.29,188790000000.0,127138562.0,1484.9153319824397
6395.T,2025-12-31,18298000000.0,144.78,205859000000.0,126356427.0,1629.1929495600568
6407.T,2022-03-31,,,,,
6407.T,2023-03-31,14788000000.0,221.76,119730000000.0,66723449.0,1794.4216282944246
6407.T,2024-03-31,8338000000.0,124.94,129097000000.0,66766436.0,1933.5613481001142
6407.T,2025-03-31,13520000000.0,202.48,136520000000.0,66801332.0,2043.671823789382
6407.T,2026-03-31,13578000000.0,203.23,153537000000.0,66835011.0,2297.2540544655553
6412.T,2022-03-31,,,,,
6412.T,2023-03-31,20685000000.0,209.72,231004000000.0,98628463.0,2342.163640935984
6412.T,2024-03-31,16611000000.0,168.43,239185000000.0,98627555.0,2425.133625182131
6412.T,2025-03-31,13064000000.0,132.46,244117000000.0,98627170.0,2475.1495962015333
6412.T,2026-03-31,11698000000.0,118.33,248681000000.0,98627010.0,2521.428967582004
6413.T,2023-03-31,4624000000.0,68.86,64295000000.0,66803272.0,962.4528570995744
6413.T,2024-03-31,4831000000.0,72.74,66891000000.0,65699204.0,1018.1401893392803
6413.T,2025-03-31,4088000000.0,62.8,66504000000.0,64120984.0,1037.1643704032988
6413.T,2026-03-31,4378000000.0,68.71,68791000000.0,62905384.0,1093.5629929546253
6417.T,2022-03-31,,,,,
6417.T,2023-03-31,46893000000.0,161.5,310258000000.0,290317190.0,1068.6862875739462
6417.T,2024-03-31,53791000000.0,203.81,251579000000.0,219348145.0,1146.9392640635278
6417.T,2025-03-31,53992000000.0,245.93,285004000000.0,219608929.0,1297.779654487546
6417.T,2026-03-31,46752000000.0,227.65,250155000000.0,197513729.0,1266.51955419261
6418.T,2022-03-31,,,,,
6418.T,2023-03-31,3146147000.0,106.24,27163391000.0,29344287.0,925.6790256992783
6418.T,2024-03-31,3281928000.0,112.59,28655469000.0,28136724.0,1018.4365813162897
6418.T,2025-03-31,3810465000.0,140.98,32031024000.0,26930725.0,1189.385878025935
6418.T,2026-03-31,4692309000.0,173.14,35845370000.0,27125037.0,1321.4864923502223
6419.T,2022-03-31,,,,,
6419.T,2023-03-31,3144848000.0,190.17,56307370000.0,16419135.0,3429.374933575977
6419.T,2024-03-31,8585986000.0,499.89,71254035000.0,17919710.0,3976.293980203921
6419.T,2025-03-31,8716277000.0,475.74,78230261000.0,18442585.0,4241.827325182451
6419.T,2026-03-31,6640442000.0,359.92,85733274000.0,18448085.0,4647.272277854314
6420.T,2023-03-31,8654000000.0,215.8,79834000000.0,40126316.0,1989.567145909931
6420.T,2024-03-31,12306000000.0,307.885,92714000000.0,40037754.0,2315.664360193631
6420.T,2025-03-31,12008000000.0,299.79,102490000000.0,40064020.0,2558.1556718472084
6420.T,2026-03-31,12197000000.0,306.74,113292000000.0,40090165.0,2825.9300005375385
6425.T,2021-12-31,,,,,
6425.T,2022-12-31,11506000000.0,148.5,349315000000.0,77483954.0,4508.223728489643
6425.T,2023-12-31,28439000000.0,367.04,388388000000.0,77490904.0,5012.04631707484
6425.T,2024-12-31,-15569000000.0,-200.92,369731000000.0,77490904.0,4771.282575307161
6425.T,2025-12-31,-231425000000.0,-2986.48,129687000000.0,77490861.0,1673.5779977977015
6430.T,2022-03-31,,,,,
6430.T,2023-03-31,2927765000.0,198.05,33399878000.0,14782905.0,2259.358224922639
6430.T,2024-03-31,8464599000.0,572.6,40720306000.0,14782662.0,2754.599002534185
6430.T,2025-03-31,7727428000.0,526.84,45287335000.0,14795953.0,3060.79202873921
6430.T,2026-03-31,5754556000.0,395.6,49668508000.0,14559822.0,3411.340330946354
6432.T,2023-02-28,15979000000.0,335.19,121800000000.0,47745100.0,2551.0471231602824
6432.T,2024-02-29,26149000000.0,548.58,147624000000.0,47667365.0,3096.961621436385
6432.T,2025-02-28,26113000000.0,552.45,166998000000.0,46207533.0,3614.086040905928
6432.T,2026-02-28,28270000000.0,611.92,186933000000.0,46192915.0,4046.789426473735
6436.T,2022-03-31,,,,,
6436.T,2023-03-31,11288000000.0,154.42,120755000000.0,72901514.0,1656.4127872570657
6436.T,2024-03-31,13141000000.0,182.48,127600000000.0,71709283.0,1779.4069981148746
6436.T,2025-03-31,17828000000.0,249.91,135928000000.0,71284637.0,1906.8344277323038
6436.T,2026-03-31,20146000000.0,286.34,138622000000.0,69260743.0,2001.4512405678352
6448.T,2022-03-31,,,,,
6448.T,2023-03-31,39082000000.0,152.67,596619000000.0,255583639.0,2334.3395623222973
6448.T,2024-03-31,31645000000.0,123.81,668047000000.0,255620771.0,2613.43003303906
6448.T,2025-03-31,54778000000.0,214.27,691390000000.0,255672064.0,2704.206275739222
6448.T,2026-03-31,67624000000.0,268.1,763277000000.0,248894777.0,3066.665396518144
6454.T,2022-03-31,,,,,
6454.T,2023-03-31,7619000000.0,40.2675,88793000000.0,189209704.0,469.28354160947265
6454.T,2024-03-31,10435000000.0,56.1,99729000000.0,186069400.0,535.9774363758899
6454.T,2025-03-31,11225000000.0,49.8325,105904000000.0,183851312.0,576.0307002867621
6454.T,2026-03-31,13891000000.0,76.55,115310000000.0,179815348.0,641.2689533042529
6455.T,2022-03-31,,,,,
6455.T,2023-03-31,3996000000.0,90.98,83222000000.0,43806908.0,1899.746040053774
6455.T,2024-03-31,6011000000.0,137.09,90510000000.0,43636308.0,2074.1901445924345
6455.T,2025-03-31,9472000000.0,217.47,96528000000.0,42730883.0,2258.9750836648986
6455.T,2026-03-31,9456000000.0,224.71,101205000000.0,40971774.0,2470.1151578157196
6457.T,2022-03-31,,,,,
6457.T,2023-03-31,-9538000000.0,-167.02,193162000000.0,55591259.0,3474.682953303864
6457.T,2024-03-31,29590000000.0,533.62,227788000000.0,55615892.0,4095.7358015583027
6457.T,2025-03-31,24892000000.0,287.75,446537000000.0,57796560.0,7726.013451319594
6457.T,2026-03-31,15601000000.0,284.71,464264000000.0,52392343.0,8861.294865167607
6458.T,2022-03-31,,,,,
6458.T,2023-03-31,4514000000.0,59.54,55156000000.0,75659856.0,728.999537086087
6458.T,2024-03-31,6580000000.0,88.37,61088000000.0,74219328.0,823.0740111255117
6458.T,2025-03-31,7829000000.0,107.68,60967000000.0,70707748.0,862.2393121613773
6458.T,2026-03-31,6826000000.0,99.59,63218000000.0,67146121.0,941.4989139878982
6459.T,2021-12-31,,,,,
6459.T,2022-12-31,4446148000.0,87.9,60196736000.0,49364624.0,1219.430659494135
6459.T,2023-12-31,5537038000.0,112.17,64278634000.0,49364108.0,1302.1329991418056
6459.T,2024-12-31,5441648000.0,110.24,68284291000.0,49363623.0,1383.2917207069668
6459.T,2025-12-31,5076080000.0,102.83,70549666000.0,49363314.0,1429.1922539884579
6460.T,2023-03-31,45938000000.0,208.07,331322000000.0,220753435.0,1500.869057824627
6460.T,2024-03-31,33055000000.0,150.75,357669000000.0,216014688.0,1655.7624081562453
6460.T,2025-03-31,45051000000.0,209.79,381579000000.0,213810597.0,1784.658970855406
6460.T,2026-03-31,-5756000000.0,-27.36,354936000000.0,202664929.0,1751.3439634146073
6463.T,2022-03-31,,,,,
6463.T,2023-03-31,3843000000.0,56.45,133901000000.0,67396198.0,1986.7737939757374
6463.T,2024-03-31,8195000000.0,121.535,157501000000.0,67441310.0,2335.37871669456
6463.T,2025-03-31,8866000000.0,131.86,162947000000.0,66379652.0,2454.773339275717
6463.T,2026-03-31,9394000000.0,143.1,174968000000.0,64447827.0,2714.8781913158996
6465.T,2022-12-31,23977000000.0,165.52,288948000000.0,144860822.0,1994.6593979702807
6465.T,2023-12-31,32835000000.0,226.66,328497000000.0,144872718.0,2267.486967421982
6465.T,2024-12-31,36936000000.0,256.86,363679000000.0,142262000.0,2556.4029747929876
6465.T,2025-12-31,38148000000.0,269.66,392608000000.0,141596215.0,2772.7294829173225
6469.T,2022-02-28,,195.15,,,
6469.T,2023-02-28,-1288051000.0,-180.88,4134443000.0,7109000.0,581.5787030524687
6469.T,2024-02-29,231879000.0,32.48,6438156000.0,10671257.0,603.3174910884444
6469.T,2025-02-28,583223000.0,,7355198000.0,10676645.0,688.9053630611489
6469.T,2026-02-28,823056000.0,77.07,8685885000.0,10680730.0,813.229526446226
6470.T,2022-03-31,,21.42,,,
6470.T,2023-03-31,399000000.0,13.86,66578000000.0,28797882.0,2311.906132541275
6470.T,2024-03-31,1747000000.0,60.56,72007000000.0,28900569.0,2491.542640561852
6470.T,2025-03-31,-4187000000.0,-145.69,68669000000.0,28310267.0,2425.586448902089
6470.T,2026-03-31,-5967000000.0,,63698000000.0,28389257.0,2243.7360724164073
6471.T,2022-03-31,,,,,
6471.T,2023-03-31,18412000000.0,35.89,616213000000.0,513115932.0,1200.9235371003838
6471.T,2024-03-31,8502000000.0,17.27,659979000000.0,488683674.0,1350.5239383135192
6471.T,2025-03-31,10647000000.0,21.78,651462000000.0,488800247.0,1332.7775589278701
6471.T,2026-03-31,22867000000.0,46.75,671975000000.0,489320981.0,1373.2805787863815
6472.T,2022-03-31,,,,,
6472.T,2023-03-31,10367000000.0,19.53,220658000000.0,530896527.0,415.6327811125425
6472.T,2024-03-31,10568000000.0,19.91,264328000000.0,530969001.0,497.82190580274573
6472.T,2025-03-31,-23801000000.0,-44.9,232885000000.0,529425432.0,439.88253288142005
6472.T,2026-03-31,12871000000.0,23.4,296895000000.0,594506284.0,499.39758080000377
6473.T,2023-03-31,34276000000.0,99.94,667234000000.0,342974327.0,1945.4342423711498
6473.T,2024-03-31,40257000000.0,117.37,788984000000.0,342988413.0,2300.322605941793
6473.T,2025-03-31,13713000000.0,40.36,745044000000.0,318319869.0,2340.5513527652274
6473.T,2026-03-31,11975000000.0,37.62,790206000000.0,318331829.0,2482.3342437428714
6474.T,2021-11-30,,,,,
6474.T,2022-11-30,12237000000.0,513.17,148904000000.0,23523379.0,6330.042975543607
6474.T,2023-11-30,6469000000.0,276.92,162713000000.0,23308425.0,6980.866360554177
6474.T,2024-11-30,3351000000.0,144.1,158831000000.0,22790865.0,6969.064140391337
6474.T,2025-11-30,5250000000.0,233.48,170595000000.0,21778355.0,7833.236256824724
6479.T,2022-03-31,,170.08,,,
6479.T,2023-03-31,73152000000.0,178.23,629125000000.0,408381229.0,1540.5335880410898
6479.T,2024-03-31,54035000000.0,133.05,704139000000.0,404386337.0,1741.2531917466836
6479.T,2025-03-31,59686420000.0,,743452000000.0,401585465.0,1851.2921029151291
6479.T,2026-03-31,99034000000.0,246.6,898971000000.0,401595519.0,2238.4985824505675
6480.T,2022-03-31,,,,,
6480.T,2023-03-31,7469000000.0,104.92,71661000000.0,71307513.0,1004.9572195849826
6480.T,2024-03-31,2674000000.0,37.82,76163000000.0,68865048.0,1105.974688349887
6480.T,2025-03-31,559000000.0,8.11,76071000000.0,69128631.0,1100.4268260425988
6480.T,2026-03-31,4069000000.0,58.51,83183000000.0,69782665.0,1192.0295678016882
6481.T,2021-12-31,,,,,
6481.T,2022-12-31,21198000000.0,172.67,331887000000.0,122580550.0,2707.5013124023344
6481.T,2023-12-31,18398000000.0,150.08,357264000000.0,122593226.0,2914.2230093528983
6481.T,2024-12-31,10439000000.0,85.17,383645000000.0,121509229.0,3157.332189145896
6481.T,2025-12-31,-69891000000.0,-618.66,261333000000.0,112019781.0,2332.918326273107
6485.T,2022-03-31,,,,,
6485.T,2023-03-31,1433000000.0,64.76,38224000000.0,22006524.0,1736.93946395169
6485.T,2024-03-31,1681000000.0,78.12,39037000000.0,21208194.0,1840.6564934289077
6485.T,2025-03-31,2023000000.0,113.58,38999000000.0,20737615.0,1880.592343912258
6485.T,2026-03-31,2683000000.0,130.89,40728000000.0,20357929.0,2000.5964260902963
6486.T,2023-03-31,6796000000.0,139.82,104417000000.0,48130821.0,2169.44148947719
6486.T,2024-03-31,7491000000.0,160.84,116759000000.0,45431658.0,2569.9920526783326
6486.T,2025-03-31,4877000000.0,160.84,113828000000.0,45215162.0,2517.4741163152307
6486.T,2026-03-31,9828000000.0,216.75,133059000000.0,45448481.0,2927.688606358483
6490.T,2022-03-31,,,,,
6490.T,2023-03-31,10428000000.0,442.99,59367000000.0,23298243.0,2548.132063005781
6490.T,2024-03-31,10780000000.0,462.57,69948000000.0,23308554.0,3000.9583606087276
6490.T,2025-03-31,8299000000.0,355.82,73858000000.0,23332342.0,3165.4773447089024
6490.T,2026-03-31,8941000000.0,388.19,79418000000.0,22861388.0,3473.8923113504743
6498.T,2021-12-31,,,,,
6498.T,2022-12-31,8549000000.0,95.35,89960000000.0,89699511.0,1002.9040180609235
6498.T,2023-12-31,10591000000.0,118.07,100873000000.0,89714870.0,1124.3732504990533
6498.T,2024-12-31,11824000000.0,132.64,108385000000.0,86975991.0,1246.148491714225
6498.T,2025-12-31,11465000000.0,131.85,118156000000.0,86971873.0,1358.554161527601
6501.T,2022-03-31,,,,,
6501.T,2023-03-31,649124000000.0,136.91,4942854000000.0,4687861235.0,1054.394264722727
6501.T,2024-03-31,589896000000.0,126.914,5703705000000.0,4633108520.0,1231.0752004574242
6501.T,2025-03-31,615724000000.0,133.85,5847091000000.0,4577874576.0,1277.2501524296895
6501.T,2026-03-31,802368000000.0,176.76,6568369000000.0,4499762162.0,1459.7147056947051
6503.T,2023-03-31,213908000000.0,101.3,3239027000000.0,2111519599.0,1533.9791312067287
6503.T,2024-03-31,284949000000.0,135.74,3739324000000.0,2088273403.0,1790.629519404936
6503.T,2025-03-31,324084000000.0,155.7,3949678000000.0,2075384328.0,1903.1067868794275
6503.T,2026-03-31,407758000000.0,198.31,4484266000000.0,2046435776.0,2191.256648554604
6504.T,2022-03-31,,,,,
6504.T,2023-03-31,61348000000.0,429.5,517091000000.0,142834991.0,3620.1983588181133
6504.T,2024-03-31,75353000000.0,527.57,602515000000.0,142830076.0,4218.404252616935
6504.T,2025-03-31,92239000000.0,642.69,691766000000.0,147323768.0,4695.5491933928815
6504.T,2026-03-31,98030000000.0,665.18,800161000000.0,147396669.0,5428.623356474901
6506.T,2022-02-28,,,,,
6506.T,2023-02-28,51783000000.0,198.07,347499000000.0,261469497.0,1329.0230944223676
6506.T,2024-02-29,50687000000.0,193.87,399338000000.0,261383850.0,1527.7837555763297
6506.T,2025-02-28,56987000000.0,218.62,431188000000.0,259346278.0,1662.5956744981704
6506.T,2026-02-28,35240000000.0,135.88,483542000000.0,259367959.0,1864.3089218279272
6507.T,2022-03-31,,,,,
6507.T,2023-03-31,8098000000.0,287.24,62607000000.0,28196122.0,2220.411728960458
6507.T,2024-03-31,7506000000.0,266.23,74449000000.0,28194517.0,2640.5488698387703
6507.T,2025-03-31,12097000000.0,428.87,80127000000.0,28212283.0,2840.1459038249404
6507.T,2026-03-31,14498000000.0,513.87,98905000000.0,28215755.0,3505.3111284812335
6508.T,2023-03-31,7128000000.0,157.13,107896000000.0,45368540.0,2378.2118622287603
6508.T,2024-03-31,11205000000.0,247.0,126406000000.0,45366763.0,2786.312966609498
6508.T,2025-03-31,18487000000.0,407.51,138776000000.0,45365388.0,3059.0722601116076
6508.T,2026-03-31,23625000000.0,520.78,174888000000.0,45363963.0,3855.21873386591
6516.T,2022-03-31,,,,,
6516.T,2023-03-31,11410000000.0,314.303333,93205000000.0,36335802.0,2565.1009436918443
6516.T,2024-03-31,10477000000.0,289.173333,110358000000.0,35778615.0,3084.4681941992444
6516.T,2025-03-31,5637000000.0,157.596667,113347000000.0,35794836.0,3166.5740834795274
6516.T,2026-03-31,8661000000.0,243.89,127860000000.0,35515041.0,3600.1647865196046
6517.T,2023-03-31,3633000000.0,175.64,65892000000.0,20632770.0,3193.5605350129913
6517.T,2024-03-31,5095000000.0,246.83,72813000000.0,20648164.0,3526.366799488807
6517.T,2025-03-31,5647000000.0,274.02,77281000000.0,20457908.0,3777.561224735198
6517.T,2026-03-31,5640000000.0,276.51,81833000000.0,20185192.0,4054.1105578782704
6521.T,2022-02-28,,,,,
6521.T,2023-02-28,557395000.0,56.5,5228132000.0,9958440.0,524.9950795506123
6521.T,2024-02-29,-422303000.0,-41.58,7610425000.0,11005058.0,691.5388360515683
6521.T,2025-02-28,-2703613000.0,-243.91,5412881000.0,11228027.0,482.0865678360054
6521.T,2026-02-28,-538075000.0,-46.99,4694990000.0,11565377.0,405.9521795095828
6523.T,2022-03-31,,-70.78,,,
6523.T,2023-03-31,-3221000000.0,-25.84,138008000000.0,125310133.0,1101.3315259987794
6523.T,2024-03-31,-12892000000.0,-102.48,139515000000.0,126032330.0,1106.9778682977615
6523.T,2025-03-31,10484000000.0,83.13,141639000000.0,126198131.0,1122.354181299246
6523.T,2026-03-31,492000000.0,,161668000000.0,126512054.0,1277.886137237168
6524.T,2021-12-31,,,,,
6524.T,2022-12-31,3066000000.0,115.38,18295000000.0,26989896.0,677.8462577254836
6524.T,2023-12-31,1904000000.0,70.546667,20059000000.0,26989509.0,743.2147061289629
6524.T,2024-12-31,3252000000.0,120.5,23428000000.0,26995004.0,867.8642907406125
6524.T,2025-12-31,2992000000.0,114.73,23439000000.0,25905502.0,904.7884885612331
6525.T,2022-03-31,,,,,
6525.T,2023-03-31,40305000000.0,174.933377,160881000000.0,230404200.0,698.2555005507712
6525.T,2024-03-31,22374000000.0,96.82,187388000000.0,232928202.0,804.4882431196545
6525.T,2025-03-31,36004000000.0,154.6,196168000000.0,232944585.0,842.1230311063036
6525.T,2026-03-31,30099000000.0,129.0,219270000000.0,233615456.0,938.5937204428803
6526.T,2022-03-31,,44.436,,,
6526.T,2023-03-31,19763000000.0,117.4,109864000000.0,168333330.0,652.6574386664839
6526.T,2024-03-31,26134000000.0,148.39,131020000000.0,178686617.0,733.2390203570758
6526.T,2025-03-31,19600000000.0,,137046000000.0,177738978.0,771.0520311419817
6526.T,2026-03-31,8733000000.0,49.74,133056000000.0,175279761.0,759.1064663763434
6532.T,2022-02-28,,,,,
6532.T,2023-02-28,21910000000.0,142.96,57341000000.0,153239730.0,374.1914711021744
6532.T,2024-02-29,25382000000.0,166.04,74127000000.0,152783446.0,485.1769084983199
6532.T,2025-02-28,30760000000.0,202.16,94401000000.0,152058321.0,620.8210072239322
6532.T,2026-02-28,37840000000.0,249.16,117038000000.0,151854154.0,770.7263641928425
6544.T,2022-03-31,,,,,
6544.T,2023-03-31,3153288000.0,17.735,13513716000.0,178116762.0,75.86998465646933
6544.T,2024-03-31,4515000000.0,25.355,16535000000.0,178115446.0,92.83304941447919
6544.T,2025-03-31,5530000000.0,31.05,19959000000.0,178114438.0,112.05717079487964
6544.T,2026-03-31,7319000000.0,41.05,24586000000.0,178763918.0,137.53334719369934
6564.T,2022-03-31,,,,,
6564.T,2023-03-31,1685709000.0,61.12,10983897000.0,27603499.0,397.9168365575683
6564.T,2024-03-31,1907010000.0,69.0,12789790000.0,27658198.0,462.423112308329
6564.T,2025-03-31,2862856000.0,103.51,15452026000.0,27658178.0,558.6783771512354
6564.T,2026-03-31,2888103000.0,104.37,18022199000.0,27680228.0,651.0856413465958
6574.T,2022-03-31,51031000.0,,848399000.0,226804900.0,3.7406555149381693
6574.T,2023-03-31,-34358000.0,-0.1514,815661000.0,227144900.0,3.5909280815902096
6574.T,2024-03-31,-198696000.0,-0.7732,1643786000.0,433344900.0,3.793251057067938
6574.T,2025-03-31,77838000.0,0.1796,1743163000.0,433480700.0,4.021316289283468
6574.T,2026-03-31,,-2.01,,,
6586.T,2022-03-31,,238.54,,,
6586.T,2023-03-31,11705000000.0,43.11,769247000000.0,271541846.0,2832.885654021811
6586.T,2024-03-31,43691000000.0,162.13,868156000000.0,269023899.0,3227.0590205073195
6586.T,2025-03-31,79338000000.0,,926006000000.0,269040768.0,3441.8798566617234
6586.T,2026-03-31,79414000000.0,299.95,997340000000.0,258414872.0,3859.4527949614294
6588.T,2022-03-31,,,,,
6588.T,2023-03-31,-13745000000.0,-248.37,96236000000.0,55348140.0,1738.7395493326424
6588.T,2024-03-31,-6707000000.0,-123.92,88078000000.0,52929096.0,1664.075275345719
6588.T,2025-03-31,29937000000.0,565.44,108088000000.0,52951786.0,2041.2531505547329
6588.T,2026-03-31,-2285000000.0,-43.13,94071000000.0,52987748.0,1775.3349321431815
6590.T,2022-03-31,,,,,
6590.T,2023-03-31,9198000000.0,138.754,33005000000.0,66309285.0,497.7432647629966
6590.T,2024-03-31,8793000000.0,133.254,38734000000.0,65522665.0,591.1542212149033
6590.T,2025-03-31,10328000000.0,157.55,47316000000.0,65576715.0,721.5366003008843
6590.T,2026-03-31,11173000000.0,170.28,55592000000.0,65639000.0,846.9355109005317
6592.T,2021-12-31,,,,,
6592.T,2022-12-31,14295000000.0,55.195,280171000000.0,258537448.0,1083.6766672192107
6592.T,2023-12-31,19416000000.0,75.26,305026000000.0,256178224.0,1190.678876749493
6592.T,2024-12-31,12831000000.0,50.505,319618000000.0,251572092.0,1270.4827370120213
6592.T,2025-12-31,26272000000.0,105.9,334233000000.0,245633354.0,1360.6987591758407
6594.T,2022-03-31,135759000000.0,116.2,1292241000000.0,1161237072.0,1112.8141110534577
6594.T,2023-03-31,44964000000.0,39.06,1354465000000.0,1149513588.0,1178.2940316143527
6594.T,2024-03-31,124455000000.0,109.11,1631481000000.0,1149197296.0,1419.67006507819
6594.T,2025-03-31,164365000000.0,143.06,1719296000000.0,1146307859.0,1499.8553717496584
6613.T,2022-03-31,,,,,
6613.T,2023-03-31,-550379000.0,-15.16,4439807000.0,38525574.0,115.2431109786969
6613.T,2024-03-31,-642627000.0,-15.44,5667790000.0,41751077.0,135.75194718929046
6613.T,2025-03-31,-445768000.0,-10.68,5219265000.0,41760991.0,124.97943355798238
6613.T,2026-03-31,-357147000.0,-8.55,4900028000.0,41840046.0,117.1133511660097
6617.T,2022-03-31,,,,,
6617.T,2023-03-31,2919000000.0,180.78,53785000000.0,16154305.0,3329.4530467265536
6617.T,2024-03-31,4668000000.0,290.29,58249000000.0,16038239.0,3631.8825277513324
6617.T,2025-03-31,3824000000.0,238.37,60966000000.0,16049545.0,3798.6123594157966
6617.T,2026-03-31,6602000000.0,411.33,67924000000.0,16051874.0,4231.530848049269
6622.T,2022-03-31,,445.29,,,
6622.T,2023-03-31,13193000000.0,537.67,113800000000.0,24539291.0,4637.460797053998
6622.T,2024-03-31,16494000000.0,673.2,134134000000.0,24416551.0,5493.568686257121
6622.T,2025-03-31,11961000000.0,,138371000000.0,23904132.0,5788.580819416493
6622.T,2026-03-31,14108000000.0,591.35,154028000000.0,23606814.0,6524.726293010145
6625.T,2022-03-31,,,,,
6625.T,2023-03-31,1820874000.0,17.22,15622312000.0,105756118.0,147.72017255777106
6625.T,2024-03-31,4155737000.0,39.3,19146765000.0,105755858.0,181.04685037872795
6625.T,2025-03-31,65779000.0,0.61,19043767000.0,110370338.0,172.5442482562661
6625.T,2026-03-31,1800700000.0,16.31,18953868000.0,110567722.0,171.4231572935906
6627.T,2021-12-31,,197.19,,,
6627.T,2022-12-31,3134498000.0,344.56,29578299000.0,9097129.0,3251.3883226235444
6627.T,2023-12-31,4094673000.0,450.11,34122064000.0,9097129.0,3750.8607385912633
6627.T,2024-12-31,3509214000.0,,37403187000.0,9097051.0,4111.572750334147
6627.T,2025-12-31,3367998000.0,370.23,40475487000.0,9096989.0,4449.327903991089
6630.T,2022-04-30,5586869000.0,101.54,,,
6630.T,2023-04-30,3913141000.0,71.12,25435944000.0,55021212.0,462.2934151286962
6630.T,2024-04-30,706000000.0,7.24,25112000000.0,55021212.0,456.4057949141506
6630.T,2025-04-30,706000000.0,12.85,25895000000.0,55021182.0,470.63692670215625
6630.T,2025-12-31,,,24384000000.0,55021182.0,443.17477585268887
6632.T,2022-03-31,,,,,
6632.T,2023-03-31,16229000000.0,99.27,98807000000.0,163483209.0,604.3862278235558
6632.T,2024-03-31,13016000000.0,84.34,114801000000.0,150787093.0,761.345004509106
6632.T,2025-03-31,20276000000.0,135.17,125103000000.0,148039546.0,845.0647369588664
6632.T,2026-03-31,16787000000.0,115.21,143834000000.0,141332212.0,1017.7014706314793
6637.T,2022-03-31,,,,,
6637.T,2023-03-31,2345242000.0,180.0,40584783000.0,13029000.0,3114.9576329725996
6637.T,2024-03-31,4014810000.0,308.15,46791673000.0,13028930.0,3591.3672880274894
6637.T,2025-03-31,4451526000.0,341.67,51432263000.0,13028883.0,3947.557361594236
6637.T,2026-03-31,4188625000.0,327.01,55451304000.0,12264675.0,4521.2208232179
6638.T,2022-03-31,,,,,
6638.T,2023-03-31,2807384000.0,97.55,21985708000.0,28779233.0,763.9435005095514
6638.T,2024-03-31,3707497000.0,128.8,27256537000.0,28795833.0,946.544487877812
6638.T,2025-03-31,6156161000.0,213.35,32218627000.0,28853088.0,1116.6439793203417
6638.T,2026-03-31,6741517000.0,233.01,39896729000.0,28962385.0,1377.5360351020815
6644.T,2022-03-31,,,,,
6644.T,2023-03-31,1319000000.0,27.86,46399000000.0,46802425.0,991.3802543351119
6644.T,2024-03-31,2407000000.0,51.36,50073000000.0,46913771.0,1067.3411864503496
6644.T,2025-03-31,3504000000.0,75.47,52616000000.0,45391534.0,1159.1588863244851
6644.T,2026-03-31,5777000000.0,129.22,57255000000.0,44449414.0,1288.0934718284475
6645.T,2022-03-31,,,,,
6645.T,2023-03-31,73861000000.0,372.19,728473000000.0,197427388.0,3689.827472164095
6645.T,2024-03-31,8105000000.0,41.17,786686000000.0,196915589.0,3995.0417536521195
6645.T,2025-03-31,16271000000.0,82.63,771885000000.0,196894506.0,3920.2972986965924
6645.T,2026-03-31,28487000000.0,144.8,835885000000.0,196629396.0,4251.068339751194
6651.T,2023-03-31,5479000000.0,144.45,101164000000.0,37931075.0,2667.048060198663
6651.T,2024-03-31,8715000000.0,229.77,108486000000.0,37930387.0,2860.1342770375636
6651.T,2025-03-31,12097000000.0,318.91,115133000000.0,37935888.0,3034.9362060537505
6651.T,2026-03-31,11493000000.0,302.97,123713000000.0,37937121.0,3261.001276296111
6652.T,2022-03-31,,,,,
6652.T,2023-03-31,10144000000.0,348.37,58811000000.0,29258485.0,2010.0493925095575
6652.T,2024-03-31,4407000000.0,150.1,66004000000.0,29435000.0,2242.3645320197043
6652.T,2025-03-31,1778000000.0,60.36,63808000000.0,29490786.0,2163.6588458510396
6652.T,2026-03-31,3873000000.0,131.22,69918000000.0,29547973.0,2366.2536851512623
6668.T,2022-08-31,2174000000.0,253.56,9145000000.0,8576139.0,1066.3306646499084
6668.T,2023-08-31,1678000000.0,195.66,10867000000.0,8583196.0,1266.0785096833395
6668.T,2024-08-31,1213000000.0,,12093000000.0,8552346.0,1413.9979837111362
6668.T,2025-08-31,2007000000.0,234.4,13179000000.0,8567267.0,1538.296868768068
6674.T,2022-03-31,,105.23,,,
6674.T,2023-03-31,13925000000.0,173.11,230676000000.0,80453442.0,2867.198646392282
6674.T,2024-03-31,32064000000.0,369.74,329990000000.0,100303060.0,3289.929539537478
6674.T,2025-03-31,30416000000.0,303.25,347045000000.0,100301854.0,3460.0058339898683
6674.T,2026-03-31,41863000000.0,,394662000000.0,100319483.0,3934.0513746467373
6675.T,2022-03-31,,,,,
6675.T,2023-03-31,601000000.0,34.356667,24894000000.0,17518971.0,1420.9738688419543
6675.T,2024-03-31,2800000000.0,159.956667,28367000000.0,17460609.0,1624.6283276831869
6675.T,2025-03-31,3502000000.0,201.15,30764000000.0,17367030.0,1771.4024792955388
6675.T,2026-03-31,1375000000.0,79.0,32726000000.0,17423790.0,1878.2365949084556
6676.T,2022-03-31,,,,,
6676.T,2023-03-31,3057000000.0,90.615,62464000000.0,33712294.0,1852.8552224894574
6676.T,2024-03-31,3012000000.0,89.83,63922000000.0,33408694.0,1913.3342955579167
6676.T,2025-03-31,6006000000.0,191.995,45038000000.0,30410924.0,1480.9809790718625
6676.T,2026-03-31,8071000000.0,319.92,42997000000.0,23681058.0,1815.6705667457932
6677.T,2022-09-30,3320380000.0,317.53,28599367000.0,10384318.0,2754.0919875527693
6677.T,2023-09-30,3384924000.0,325.96,31620239000.0,10384318.0,3044.999103455807
6677.T,2024-09-30,2291384000.0,,32168062000.0,10384228.0,3097.7807883262963
6677.T,2025-09-30,2731041000.0,263.0,34590925000.0,10384207.0,3331.10896190725
6701.T,2022-03-31,,,,,
6701.T,2023-03-31,114500000000.0,84.902,1623817000000.0,1331739315.0,1219.3204643808238
6701.T,2024-03-31,149521000000.0,112.25,1915613000000.0,1332273995.0,1437.8521289083633
6701.T,2025-03-31,175183000000.0,131.5,1952018000000.0,1332699468.0,1464.7098215844715
6701.T,2026-03-31,270228000000.0,202.95,2196578000000.0,1326344017.0,1656.1148328382742
6702.T,2022-03-31,,,,,
6702.T,2023-03-31,215182000000.0,110.76,1586835000000.0,1883408210.0,842.5337595825814
6702.T,2024-03-31,254478000000.0,135.59,1752393000000.0,1839285990.0,952.7572164022192
6702.T,2025-03-31,219807000000.0,120.93,1740965000000.0,1777340945.0,979.533501941576
6702.T,2026-03-31,449408000000.0,254.83,2024915000000.0,1734778205.0,1167.2471986123437
6703.T,2022-03-31,,,,,
6703.T,2023-03-31,-2800000000.0,-32.33,99209000000.0,86619602.0,1145.341212719957
6703.T,2024-03-31,25649000000.0,295.93,141247000000.0,86675458.0,1629.6077720177723
6703.T,2025-03-31,12479000000.0,143.93,145667000000.0,86710175.0,1679.9297198973477
6703.T,2026-03-31,21510000000.0,247.99,180329000000.0,86746055.0,2078.8149962554494
6707.T,2022-03-31,,,,,
6707.T,2023-03-31,9533000000.0,394.87,111092000000.0,24142435.0,4601.524245586661
6707.T,2024-03-31,-8112000000.0,-335.99,119373000000.0,24148046.0,4943.381340254197
6707.T,2025-03-31,50934000000.0,2119.53,147432000000.0,23138664.0,6371.672971265757
6707.T,2026-03-31,-9798000000.0,-472.88,119964000000.0,19990838.0,6000.94903475282
6718.T,2022-03-31,,258.64,,,
6718.T,2023-03-31,2929000000.0,179.32,58389000000.0,16334151.0,3574.657782948131
6718.T,2024-03-31,4645000000.0,283.98,64912000000.0,16364780.0,3966.567225468353
6718.T,2025-03-31,3619000000.0,,66761000000.0,16366109.0,4079.2224957074404
6718.T,2026-03-31,2466000000.0,150.69,70032000000.0,16366833.0,4278.897450716336
6723.T,2022-12-31,256615000000.0,137.66,1533735000000.0,1796965856.0,853.5137130618914
6723.T,2023-12-31,337086000000.0,189.77,2001553000000.0,1777084141.0,1126.3130168241144
6723.T,2024-12-31,219084000000.0,122.51,2537382000000.0,1794765990.0,1413.7675965210374
6723.T,2025-12-31,-51763000000.0,-28.65,2443034000000.0,1813334712.0,1347.2603727446872
6724.T,2022-03-31,,,,,
6724.T,2023-03-31,75043000000.0,220.75,727352000000.0,331515643.0,2194.020147640514
6724.T,2024-03-31,52616000000.0,158.68,810992000000.0,331623366.0,2445.5212845285455
6724.T,2025-03-31,55177000000.0,168.75,804752000000.0,320343903.0,2512.1502000304968
6724.T,2026-03-31,18201000000.0,56.81,853503000000.0,320427751.0,2663.6363340452367
6727.T,2023-03-31,1792138000.0,11.34,40489664000.0,156237608.0,259.15440282470274
6727.T,2024-03-31,4561615000.0,29.64,35968223000.0,145243811.0,247.6403142575211
6727.T,2025-03-31,5224000000.0,247.64,30859000000.0,134504814.0,229.42673263724225
6727.T,2026-03-31,9548000000.0,70.98,37417000000.0,134550131.0,278.0896586418039
6728.T,2022-06-30,20211000000.0,410.37,188977000000.0,49248977.0,3837.1761508873574
6728.T,2023-06-30,14169000000.0,287.7,198212000000.0,49248731.0,4024.7128398090094
6728.T,2024-06-30,20233000000.0,291.8,220660000000.0,49274568.0,4478.1721881356725
6728.T,2025-06-30,16687000000.0,338.74,223466000000.0,49243290.0,4537.99898422709
6736.T,2022-03-31,,,,,
6736.T,2023-03-31,6878387000.0,292.82,35013804000.0,22632441.0,1547.0626433975901
6736.T,2024-03-31,-3777621000.0,-169.82,37259390000.0,22238451.0,1675.4489779886198
6736.T,2025-03-31,17228604000.0,774.02,47608277000.0,22267261.0,2138.0392047320056
6736.T,2026-03-31,9663924000.0,441.53,48181211000.0,21517912.0,2239.121109892075
6737.T,2022-03-31,,182.805,,,
6737.T,2023-03-31,5862000000.0,140.485,120577000000.0,41145108.0,2930.5306477747004
6737.T,2024-03-31,5454000000.0,132.565,129422000000.0,41151812.0,3144.9890954983953
6737.T,2025-03-31,4148000000.0,100.81,124352000000.0,41158646.0,3021.2850053424986
6737.T,2026-03-31,7323000000.0,,136927000000.0,39533845.0,3463.5386464433195
6740.T,2022-03-31,,,,,
6740.T,2023-03-31,-25818000000.0,-5.46,124430000000.0,3880393495.0,32.06633558177326
6740.T,2024-03-31,-44313000000.0,-7.16,85660000000.0,3880393495.0,22.075080815998533
6740.T,2025-03-31,-78220000000.0,-12.64,6889000000.0,3880393495.0,1.7753354160800128
6740.T,2026-03-31,-19810000000.0,-3.2,-7415000000.0,3880393495.0,-1.9108886790874284
6741.T,2023-03-31,4075000000.0,65.34,89350000000.0,62371704.0,1432.5406277179793
6741.T,2024-03-31,5346000000.0,85.71,96820000000.0,62371322.0,1552.3159826562598
6741.T,2025-03-31,8503000000.0,136.34,102622000000.0,62371168.0,1645.3435664376207
6741.T,2026-03-31,11594000000.0,185.89,114334000000.0,62370947.0,1833.1291330240665
6742.T,2022-03-31,,,,,
6742.T,2023-03-31,2070000000.0,33.02,46244000000.0,62717339.0,737.3399563396655
6742.T,2024-03-31,3434000000.0,54.76,49646000000.0,62717288.0,791.5839728273965
6742.T,2025-03-31,4783000000.0,76.28,51710000000.0,62717236.0,824.4942426990883
6742.T,2026-03-31,5042000000.0,81.37,55667000000.0,61722372.0,901.8934009859504
6744.T,2022-03-31,,,,,
6744.T,2023-03-31,7022000000.0,116.42,114941000000.0,60332520.0,1905.1251298636291
6744.T,2024-03-31,8574000000.0,142.1,123637000000.0,60339036.0,2049.0383704505984
6744.T,2025-03-31,11098000000.0,187.86,128833000000.0,58854305.0,2189.0157398001725
6744.T,2026-03-31,13648000000.0,231.88,138552000000.0,58862925.0,2353.80759620763
6745.T,2022-03-31,,,,,
6745.T,2023-03-31,4422000000.0,58.883333,46174000000.0,74885967.0,616.5908226837746
6745.T,2024-03-31,5661000000.0,76.076667,52735000000.0,74361084.0,709.1747075661242
6745.T,2025-03-31,7650000000.0,102.616667,59115000000.0,74605290.0,792.370085284837
6745.T,2026-03-31,9377000000.0,125.69,68403000000.0,74605179.0,916.8666427299906
6750.T,2022-03-31,,,,,
6750.T,2023-03-31,8129000000.0,95.32,81187000000.0,84533420.0,960.413053204283
6750.T,2024-03-31,9985000000.0,119.94,86429000000.0,81700538.0,1057.8755307584388
6750.T,2025-03-31,9300000000.0,119.24,82673000000.0,76357335.0,1082.711962118636
6750.T,2026-03-31,20191000000.0,258.96,108179000000.0,80538615.0,1343.1941932450663
6752.T,2022-03-31,,,,,
6752.T,2023-03-31,265502000000.0,113.75,3618402000000.0,2334112848.0,1550.2258183876806
6752.T,2024-03-31,443994000000.0,190.21,4544076000000.0,2334346169.0,1946.6161704485398
6752.T,2025-03-31,366205000000.0,190.21,4694421000000.0,2334589379.0,2010.8122834049782
6752.T,2026-03-31,189540000000.0,81.19,5211272000000.0,2334702707.0,2232.0923278048867
6753.T,2023-03-31,-260840000000.0,-407.31,208742000000.0,649273538.0,321.50085870279224
6753.T,2024-03-31,-149980000000.0,-230.99,143178000000.0,649301302.0,220.51087770651043
6753.T,2025-03-31,36095000000.0,55.59,154646000000.0,649299717.0,238.17352133544824
6753.T,2026-03-31,47434000000.0,73.05,281850000000.0,649306663.0,434.0784040283289
6754.T,2022-03-31,,93.98,,,
6754.T,2023-03-31,9272000000.0,69.98,117286000000.0,131668499.0,890.767350511074
6754.T,2024-03-31,7675000000.0,58.29,125520000000.0,131758117.0,952.654780274372
6754.T,2025-03-31,9257000000.0,,124268000000.0,128992072.0,963.377036070868
6754.T,2026-03-31,11677000000.0,,132717000000.0,127991904.0,1036.91714750958
6758.T,2022-03-31,,,,,
6758.T,2023-03-31,1005277000000.0,151.676,6598537000000.0,6172487800.0,1069.0239031335145
6758.T,2024-03-31,970573000000.0,157.658,7587177000000.0,6107244430.0,1242.3241098277117
6758.T,2025-03-31,1141600000000.0,188.71,8179745000000.0,6025003795.0,1357.6331697563685
6758.T,2026-03-31,-326865000000.0,-54.7,8119011000000.0,5907667254.0,1374.3175861001193
6762.T,2022-03-31,,,,,
6762.T,2023-03-31,114187000000.0,60.238,1458446000000.0,1896408540.0,769.0568615557911
6762.T,2024-03-31,124687000000.0,65.74,1707332000000.0,1896955550.0,900.0379581904278
6762.T,2025-03-31,167161000000.0,88.1,1800070000000.0,1897634785.0,948.5861105776473
6762.T,2026-03-31,195663000000.0,103.09,2187234000000.0,1898154125.0,1152.2952594800488
6768.T,2022-03-31,,,,,
6768.T,2023-03-31,2047000000.0,25.01,52807000000.0,82770370.0,637.9940067925273
6768.T,2024-03-31,2240000000.0,27.42,57678000000.0,81750443.0,705.5374611242167
6768.T,2025-03-31,2782000000.0,34.03,63934000000.0,81802773.0,781.5627472677485
6768.T,2026-03-31,-1385000000.0,-17.29,62821000000.0,79577066.0,789.4359915204715
6770.T,2022-03-31,,110.82,,,
6770.T,2023-03-31,11470000000.0,55.77,398215000000.0,205479450.0,1937.9796860464635
6770.T,2024-03-31,-29814000000.0,-145.04,391174000000.0,205582943.0,1902.7551327543745
6770.T,2025-03-31,37837000000.0,,414000000000.0,205652636.0,2013.103299098972
6770.T,2026-03-31,26879000000.0,134.77,447532000000.0,195114611.0,2293.6877853806654
6777.T,2022-03-31,,,,,
6777.T,2023-03-31,3001874000.0,255.25,14334359000.0,11760524.0,1218.8537687606436
6777.T,2024-03-31,3851491000.0,327.49,17735760000.0,11760499.0,1508.078866381435
6777.T,2025-03-31,5067844000.0,430.92,21428210000.0,11760463.0,1822.054965012857
6777.T,2026-03-31,7667153000.0,651.95,27835257000.0,11760380.0,2366.867142048131
6779.T,2022-03-31,,,,,
6779.T,2023-03-31,6181000000.0,268.68,24038000000.0,23128013.0,1039.3456627683493
6779.T,2024-03-31,2334000000.0,101.11,27372000000.0,23059954.0,1186.9928274791876
6779.T,2025-03-31,1792000000.0,77.75,29168000000.0,23059789.0,1264.8858148702054
6779.T,2026-03-31,2065000000.0,89.73,31916000000.0,22927570.0,1392.0358764579064
6785.T,2022-06-30,2087794000.0,,21183518000.0,14371825.0,1473.9615880377057
6785.T,2023-06-30,1956736000.0,136.22,22912646000.0,14335198.0,1598.348763651538
6785.T,2024-06-30,2267676000.0,158.11,25214961000.0,14345757.0,1757.659843255396
6785.T,2025-06-30,2760595000.0,192.37,26920735000.0,14352857.0,1875.6359796519955
6785.T,2026-06-30,,261.13,,,
6787.T,2022-03-31,,,,,
6787.T,2023-03-31,8847000000.0,345.016001,77319000000.0,25644269.0,3015.0596220933417
6787.T,2024-03-31,11310000000.0,428.7,98183000000.0,25647203.0,3828.2147179947847
6787.T,2025-03-31,14924000000.0,428.7,108238000000.0,25659873.0,4218.181438388257
6787.T,2026-03-31,19782000000.0,758.59,136267000000.0,25666712.0,5309.094519001888
6788.T,2022-03-31,,,,,
6788.T,2023-03-31,1646358000.0,214.78,21028426000.0,7665113.0,2743.3941286971244
6788.T,2024-03-31,2150143000.0,280.51,22314497000.0,7665022.0,2911.2110832819526
6788.T,2025-03-31,2241402000.0,292.41,23967164000.0,7667524.0,3125.802279849401
6788.T,2026-03-31,2030640000.0,269.58,23741504000.0,7434190.0,3193.5562583146248
6794.T,2022-03-31,,,,,
6794.T,2023-03-31,848000000.0,38.23,51095000000.0,22191579.0,2302.4499518488524
6794.T,2024-03-31,2304000000.0,103.7,58002000000.0,22250468.0,2606.776630496042
6794.T,2025-03-31,3902000000.0,174.98,60870000000.0,22328563.0,2726.104675880844
6794.T,2026-03-31,4951000000.0,221.04,67705000000.0,22467807.0,3013.4227163336413
6800.T,2022-03-31,,,,,
6800.T,2023-03-31,3147000000.0,135.01,47155000000.0,23310950.0,2022.8690808396912
6800.T,2024-03-31,1511000000.0,64.86,50302000000.0,23310870.0,2157.8774194184944
6800.T,2025-03-31,2227000000.0,95.58,51937000000.0,23310685.0,2228.0340539113286
6800.T,2026-03-31,3886000000.0,166.71,60226000000.0,23310477.0,2583.6451137400577
6804.T,2022-03-31,,,,,
6804.T,2023-03-31,12637000000.0,232.88,126751000000.0,53279084.0,2379.0011104545265
6804.T,2024-03-31,11632000000.0,224.23,134869000000.0,51690562.0,2609.1610302089575
6804.T,2025-03-31,10037000000.0,194.76,140316000000.0,50887743.0,2757.363398883696
6804.T,2026-03-31,16206000000.0,322.65,150242000000.0,49232672.0,3051.672677851001
6806.T,2022-03-31,,885.39,,,
6806.T,2023-03-31,34648000000.0,1002.04,349853000000.0,34427916.0,10161.898849759016
6806.T,2024-03-31,26480000000.0,772.38,364173000000.0,33830786.0,10764.544459593697
6806.T,2025-03-31,33033000000.0,,370147000000.0,33835508.0,10939.602266352851
6806.T,2026-03-31,33142000000.0,991.91,378075000000.0,32721219.0,11554.428947161168
6807.T,2023-03-31,14639000000.0,160.78,171283000000.0,91100511.0,1880.1541080269023
6807.T,2024-03-31,12245000000.0,137.07,126809000000.0,67351807.0,1882.785416581325
6807.T,2025-03-31,11592000000.0,172.05,133695000000.0,67389893.0,1983.9028383677653
6807.T,2026-03-31,7069000000.0,104.87,144360000000.0,67428249.0,2140.9424409048497
6809.T,2023-03-31,1765000000.0,54.51,46241000000.0,32166002.0,1437.5737463424891
6809.T,2024-03-31,1997000000.0,62.61,46581000000.0,30056354.0,1549.7887734487024
6809.T,2025-03-31,2367000000.0,78.75,49510000000.0,30069946.0,1646.4944765780424
6809.T,2026-03-31,3313000000.0,105.89,58319000000.0,34695901.0,1680.8613789853734
6810.T,2022-03-31,,,,,
6810.T,2023-03-31,5193000000.0,109.33,82816000000.0,45824433.0,1807.2454928138445
6810.T,2024-03-31,7544000000.0,164.59,93894000000.0,45843252.0,2048.153128403718
6810.T,2025-03-31,4090000000.0,93.12,91356000000.0,43125594.0,2118.3708217445073
6810.T,2026-03-31,8260000000.0,202.03,87059000000.0,36861232.0,2361.8038594043737
6814.T,2022-02-28,,,,,
6814.T,2023-02-28,1348000000.0,42.72,52112000000.0,31563736.0,1651.0086131755759
6814.T,2024-02-29,6240000000.0,197.61,61042000000.0,31589345.0,1932.3604208950835
6814.T,2025-02-28,11457000000.0,362.64,72185000000.0,31598120.0,2284.4713546248954
6814.T,2026-02-28,16735000000.0,529.53,89345000000.0,31608824.0,2826.5841209404057
6817.T,2021-12-31,,96.68,,,
6817.T,2022-12-31,5099000000.0,187.54,46829000000.0,27193575.0,1722.0611854086858
6817.T,2023-12-31,5064000000.0,167.46,55056000000.0,32628354.0,1687.3667608240366
6817.T,2024-12-31,590000000.0,,58648000000.0,33048369.0,1774.6110254336606
6817.T,2025-12-31,3618000000.0,109.47,62008000000.0,33061954.0,1875.5092333623113
6820.T,2023-03-31,2574000000.0,179.39,60450000000.0,14352588.0,4211.783965372656
6820.T,2024-03-31,3461000000.0,241.19,65744000000.0,14352377.0,4580.704645648592
6820.T,2025-03-31,2951000000.0,205.63,67359000000.0,14352327.0,4693.2459105760345
6820.T,2026-03-31,2665000000.0,185.69,73090000000.0,14352251.0,5092.580947755164
6823.T,2022-03-31,,,,,
6823.T,2023-03-31,1799586000.0,146.33,26612340000.0,12301739.0,2163.299026259621
6823.T,2024-03-31,2652379000.0,146.33,29211366000.0,12310518.0,2372.8787042104973
6823.T,2025-03-31,2859770000.0,232.19,34803212000.0,12319318.0,2825.092428006161
6823.T,2026-03-31,3345634000.0,271.41,31435769000.0,12330318.0,2549.469445962383
6824.T,2023-03-31,3736894000.0,302.75,40135633000.0,12345973.0,3250.9088591073382
6824.T,2024-03-31,2959416000.0,239.62,44370636000.0,12352773.0,3591.9575305075223
6824.T,2025-03-31,3376817000.0,273.24,47653761000.0,12360913.0,3855.1975084688324
6824.T,2026-03-31,5208541000.0,424.88,53381657000.0,12169001.0,4386.691808144317
6834.T,2022-03-31,,,,,
6834.T,2023-03-31,1082326000.0,118.64,26447211000.0,9123150.0,2898.912217819503
6834.T,2024-03-31,761012000.0,83.42,27158450000.0,9123150.0,2976.8720233691215
6834.T,2025-03-31,2225362000.0,245.34,27993615000.0,8907857.0,3142.575705918943
6834.T,2026-03-31,6210694000.0,695.65,33841313000.0,8939271.0,3785.6904662583784
6841.T,2022-03-31,,,,,
6841.T,2023-03-31,38920000000.0,145.81,379625000000.0,266929510.0,1422.1919487283365
6841.T,2024-03-31,61685000000.0,234.83,436641000000.0,260150684.0,1678.4157292471311
6841.T,2025-03-31,52123000000.0,201.356427,467855000000.0,258859381.0,1807.371238363581
6841.T,2026-03-31,58113000000.0,227.72,520016000000.0,254628367.0,2042.2547814556733
6844.T,2022-03-31,,,,,
6844.T,2023-03-31,1644000000.0,159.56,62538000000.0,10309884.0,6065.829644640036
6844.T,2024-03-31,-712000000.0,-69.08,70916000000.0,10312812.0,6876.494985072936
6844.T,2025-03-31,-2436000000.0,-236.15,66143000000.0,10316952.0,6411.098936972858
6844.T,2026-03-31,5655000000.0,549.0,72560000000.0,10180979.0,7127.015977540077
6845.T,2022-03-31,,,,,
6845.T,2023-03-31,22602000000.0,42.0675,202818000000.0,546210652.0,371.31828033262155
6845.T,2024-03-31,30207000000.0,57.1,221521000000.0,527318460.0,420.08959822874397
6845.T,2025-03-31,40955000000.0,77.96,237203000000.0,516780463.0,459.0014851238678
6845.T,2026-03-31,38565000000.0,75.76,252852000000.0,508035175.0,497.7056952798593
6849.T,2022-03-31,,138.255,,,
6849.T,2023-03-31,17110000000.0,101.64,167602000000.0,168252736.0,996.1323897877061
6849.T,2024-03-31,17026000000.0,101.23,181080000000.0,167793428.0,1079.1841024905934
6849.T,2025-03-31,14098000000.0,,179550000000.0,163064568.0,1101.0975725885467
6849.T,2026-03-31,14513000000.0,89.25,179722000000.0,159972486.0,1123.4556922494785
6855.T,2022-03-31,,,,,
6855.T,2023-03-31,2612000000.0,207.25,24241000000.0,12609514.0,1922.4372961559027
6855.T,2024-03-31,622000000.0,49.32,24668000000.0,12629081.0,1953.2696005354626
6855.T,2025-03-31,3454000000.0,273.53,27913000000.0,12631516.0,2209.7901787877245
6855.T,2026-03-31,5451000000.0,425.98,44878000000.0,14647476.0,3063.8725743602517
6856.T,2021-12-31,,,,,
6856.T,2022-12-31,34072000000.0,807.06,240833000000.0,42230199.0,5702.862067971785
6856.T,2023-12-31,40302000000.0,953.71,283713000000.0,42269723.0,6711.967334160197
6856.T,2024-12-31,33591000000.0,799.44,314688000000.0,41952499.0,7501.054943115546
6856.T,2025-12-31,37090000000.0,883.5,348601000000.0,41995934.0,8300.827408672469
6857.T,2022-03-31,,112.39,,,
6857.T,2023-03-31,130400000000.0,174.35,368694000000.0,736856156.0,500.3608872611495
6857.T,2024-03-31,62290000000.0,84.45,431178000000.0,738411581.0,583.9263780452544
6857.T,2025-03-31,161177000000.0,,506539000000.0,733719025.0,690.3719036043805
6857.T,2026-03-31,375353000000.0,515.15,795726000000.0,725515776.0,1096.7728426073536
6859.T,2022-03-31,,,,,
6859.T,2023-03-31,3330000000.0,150.34,46952000000.0,21832414.0,2150.563835955108
6859.T,2024-03-31,4969000000.0,227.61,52714000000.0,21832309.0,2414.4949579084832
6859.T,2025-03-31,6003000000.0,274.97,56692000000.0,21832190.0,2596.7161333791983
6859.T,2026-03-31,5879000000.0,270.39,61400000000.0,21368758.0,2873.3537063782555
6861.T,2022-03-31,,,,,
6861.T,2023-03-31,362963000000.0,1496.6,2491633000000.0,242525977.0,10273.674724749177
6861.T,2024-03-31,369642000000.0,1524.14,2806193000000.0,242525621.0,11570.707409919383
6861.T,2025-03-31,398656000000.0,1643.77,3108552000000.0,242525334.0,12817.43209556821
6861.T,2026-03-31,445185000000.0,1835.63,3471471000000.0,242525136.0,14313.860646592937
6862.T,2022-03-31,,,,,
6862.T,2023-03-31,590743000.0,78.42,4339892000.0,7455234.0,582.1268655014718
6862.T,2024-03-31,1483351000.0,198.63,5747874000.0,7429369.0,773.6692039391232
6862.T,2025-03-31,373818000.0,50.36,5908699000.0,7409538.0,797.4449958958305
6862.T,2026-03-31,2108883000.0,283.22,8081361000.0,7440310.0,1086.1591788514188
6866.T,2021-12-31,,331.35,,,
6866.T,2022-12-31,5330344000.0,390.47,32779476000.0,13652365.0,2401.0108138773026
6866.T,2023-12-31,6329589000.0,463.51,37122852000.0,13656973.0,2718.2342675789137
6866.T,2024-12-31,6187858000.0,,39820385000.0,13533648.0,2942.3245676258166
6866.T,2025-12-31,5457622000.0,403.18,43956277000.0,13538745.0,3246.702482394048
6869.T,2022-03-31,,70.293333,,,
6869.T,2023-03-31,45784000000.0,72.94,387665000000.0,627740976.0,617.5556715609401
6869.T,2024-03-31,49639000000.0,79.27,432045000000.0,623498784.0,692.9363955263143
6869.T,2025-03-31,53669000000.0,,463776000000.0,623599805.0,743.7077373685196
6869.T,2026-03-31,35456000000.0,56.89,505000000000.0,621484711.0,812.5702709362387
6871.T,2021-12-31,,,,,
6871.T,2022-12-31,7530000000.0,195.69,38630000000.0,38544090.0,1002.228876074127
6871.T,2023-12-31,4127000000.0,106.99,41200000000.0,38581439.0,1067.8710039819925
6871.T,2024-12-31,8811000000.0,228.36,49644000000.0,38590364.0,1286.4351318375748
6871.T,2025-12-31,12063000000.0,311.53,66051000000.0,38764228.0,1703.916301390034
6875.T,2022-03-31,,,,,
6875.T,2023-03-31,7086161000.0,369.4,74535051000.0,19192947.0,3883.460471182461
6875.T,2024-03-31,4486913000.0,242.3,102408998000.0,18158198.0,5639.821638689037
6875.T,2025-03-31,5371919000.0,242.3,117805380000.0,17070280.0,6901.197871388167
6875.T,2026-03-31,9284249000.0,578.31,184767296000.0,14960963.0,12349.960092809533
6877.T,2022-09-30,6197000000.0,393.2,63585000000.0,15721851.0,4044.371111264189
6877.T,2023-09-30,7211000000.0,449.27,74034000000.0,17312082.0,4276.435381948861
6877.T,2024-09-30,6724000000.0,389.75,73728000000.0,16492516.0,4470.391297483053
6877.T,2025-09-30,6762000000.0,424.9,74532000000.0,15373113.0,4848.204784548191
6890.T,2022-03-31,,,,,
6890.T,2023-03-31,29702000000.0,644.81,183766000000.0,46917067.0,3916.8262585553357
6890.T,2024-03-31,15154000000.0,322.65,204406000000.0,47012202.0,4347.935031845562
6890.T,2025-03-31,15692000000.0,334.13,236828000000.0,46820527.0,5058.208763861201
6890.T,2026-03-31,14886000000.0,317.88,259695000000.0,46838318.0,5544.498843873941
6902.T,2022-03-31,,,,,
6902.T,2023-03-31,314633000000.0,104.0,4376928000000.0,2995288080.0,1461.2711308890196
6902.T,2024-03-31,312791000000.0,104.97,5534986000000.0,2910764976.0,1901.5571664622091
6902.T,2025-03-31,419081000000.0,210.74,4978266000000.0,2817315777.0,1767.0244992206992
6902.T,2026-03-31,443755000000.0,162.96,5492689000000.0,2691940310.0,2040.4200567136647
6905.T,2022-05-31,,,,,
6905.T,2023-05-31,3162673000.0,93.54,42205727000.0,33132974.0,1273.828512949064
6905.T,2024-05-31,5169523000.0,155.87,47086435000.0,33180162.0,1419.1140778637548
6905.T,2025-05-31,-113000000.0,-2.84,55833000000.0,41134170.0,1357.3386797399826
6905.T,2026-05-31,-3406000000.0,-2.81,52161000000.0,41134162.0,1268.0700776157782
6908.T,2022-03-31,3913000000.0,166.22,61337000000.0,23522705.0,2607.5657540236125
6908.T,2023-03-31,5541000000.0,235.58,67417000000.0,23523802.0,2865.905774925329
6908.T,2024-03-31,5593000000.0,237.75,76232000000.0,23525898.0,3240.3438967558222
6908.T,2025-03-31,2662000000.0,,70621000000.0,21454605.0,3291.647643944039
6914.T,2021-12-31,,,,,
6914.T,2022-12-31,4752000000.0,133.79,39721000000.0,35524964.0,1118.1151372876832
6914.T,2023-12-31,4608000000.0,129.73,44253000000.0,35524690.0,1245.6970067859845
6914.T,2024-12-31,5689000000.0,159.86,50060000000.0,35614329.0,1405.6140156396038
6914.T,2025-12-31,6595000000.0,185.16,56123000000.0,35620589.0,1575.5775402815489
6920.T,2022-06-30,24850000000.0,,72745000000.0,90180704.0,806.658151615228
6920.T,2023-06-30,46164000000.0,511.89,109142000000.0,90183806.0,1210.2172755938022
6920.T,2024-06-30,59076000000.0,655.05,151315000000.0,90187481.0,1677.782751244599
6920.T,2025-06-30,84652000000.0,938.61,209898000000.0,90190358.0,2327.277601004755
6920.T,2026-06-30,,862.99,,,
6923.T,2022-03-31,,133.75,,,
6923.T,2023-03-31,26496000000.0,162.32,476641000000.0,165632099.0,2877.7091087881463
6923.T,2024-03-31,26497000000.0,162.41,524796000000.0,160379886.0,3272.2058425705577
6923.T,2025-03-31,32058000000.0,,485890000000.0,149112076.0,3258.5556652031323
6923.T,2026-03-31,32813000000.0,240.51,454525000000.0,122910306.0,3698.021872958318
6925.T,2022-03-31,,104.54,,,
6925.T,2023-03-31,13699000000.0,115.69,244092000000.0,117676248.0,2074.2673576744223
6925.T,2024-03-31,10785000000.0,105.293989,236963000000.0,102427499.0,2313.470526113305
6925.T,2025-03-31,6797000000.0,,200498000000.0,88589983.0,2263.212986506612
6925.T,2026-03-31,7995000000.0,,198322000000.0,79817190.0,2484.702856615223
6929.T,2022-12-31,5022000000.0,206.0,48772000000.0,23605257.0,2066.149925840672
6929.T,2023-12-31,3693000000.0,156.55,50456000000.0,23591852.0,2138.7044984853246
6929.T,2024-12-31,4162000000.0,181.29,49892000000.0,22057168.0,2261.9404268036587
6929.T,2025-12-31,7004000000.0,324.59,47592000000.0,21192962.0,2245.651174196415
6932.T,2022-03-31,,,,,
6932.T,2023-03-31,2962000000.0,200.48,31534000000.0,14776321.0,2134.0900756013625
6932.T,2024-03-31,4649000000.0,314.67,38565000000.0,14776169.0,2609.945785000158
6932.T,2025-03-31,4799000000.0,324.85,44050000000.0,14776125.0,2981.160486934159
6932.T,2026-03-31,4342000000.0,294.0,50022000000.0,14768618.0,3387.046777159515
6941.T,2022-03-31,,,,,
6941.T,2023-03-31,7212455000.0,346.07,36891251000.0,20736352.0,1779.061765541017
6941.T,2024-03-31,2060181000.0,100.43,38074286000.0,20443377.0,1862.4264474504384
6941.T,2025-03-31,5240971000.0,259.47,39533645000.0,19401844.0,2037.6230733532338
6941.T,2026-03-31,9073625000.0,492.25,46547939000.0,18456920.0,2521.9776105655765
6946.T,2022-03-31,,,,,
6946.T,2023-03-31,1820000000.0,128.196,12168000000.0,15933475.0,763.6752183688743
6946.T,2024-03-31,2149000000.0,131.86,14304000000.0,16694340.0,856.8173404878539
6946.T,2025-03-31,1964000000.0,124.37,13957000000.0,15390842.0,906.8379754661896
6946.T,2026-03-31,3820000000.0,253.57,16103000000.0,14788813.0,1088.8635889844575
6947.T,2022-03-31,,,,,
6947.T,2023-03-31,3196338000.0,137.48,40884057000.0,23248558.0,1758.5631332489525
6947.T,2024-03-31,3868443000.0,171.37,40454614000.0,22249794.0,1818.2017325643553
6947.T,2025-03-31,5226214000.0,236.99,39948567000.0,21666509.0,1843.7934325275937
6947.T,2026-03-31,5400236000.0,253.15,41277797000.0,21075766.0,1958.5431438174062
6951.T,2022-03-31,,,,,
6951.T,2023-03-31,17830000000.0,349.34,101892000000.0,51061414.0,1995.4794044677258
6951.T,2024-03-31,21704000000.0,424.92,125513000000.0,51083959.0,2456.994376649625
6951.T,2025-03-31,18688000000.0,365.55,136651000000.0,51138896.0,2672.153892410974
6951.T,2026-03-31,22097000000.0,432.58,144897000000.0,48701239.0,2975.2220472255335
6952.T,2023-03-31,13079000000.0,54.65,221600000000.0,239218914.0,926.3481565675864
6952.T,2024-03-31,11909000000.0,50.91,231153000000.0,231786146.0,997.2684044714217
6952.T,2025-03-31,8064000000.0,35.22,218876000000.0,228046377.0,959.7872278409404
6952.T,2026-03-31,18227000000.0,80.05,235163000000.0,224841810.0,1045.9042292890276
6954.T,2022-03-31,,,,,
6954.T,2023-03-31,170587000000.0,178.55,1615376000000.0,952920290.0,1695.1848092142104
6954.T,2024-03-31,133159000000.0,140.23,1705556000000.0,945647941.0,1803.5845329461781
6954.T,2025-03-31,147557000000.0,157.31,1724545000000.0,933264319.0,1847.8634239953194
6954.T,2026-03-31,166543000000.0,178.47,1864871000000.0,933158809.0,1998.4497622633492
6958.T,2022-03-31,,,,,
6958.T,2023-03-31,1588000000.0,26.83,56846000000.0,59211975.0,960.0422887431132
6958.T,2024-03-31,3855000000.0,64.21,70814000000.0,71230587.0,994.151571430964
6958.T,2025-03-31,3789000000.0,53.19,79110000000.0,71251881.0,1110.2864779106674
6958.T,2026-03-31,4026000000.0,56.49,83489000000.0,71292834.0,1171.0714151158586
6960.T,2022-03-31,,536.19,,,
6960.T,2023-03-31,17278000000.0,571.25,163047000000.0,30250000.0,5389.98347107438
6960.T,2024-03-31,18693000000.0,622.44,169005000000.0,28825239.0,5863.091022419623
6960.T,2025-03-31,18605000000.0,645.41,181651000000.0,28829066.0,6300.967225230259
6960.T,2026-03-31,18790000000.0,,188793000000.0,27015884.0,6988.222188102377
6961.T,2022-03-31,,287.1,,,
6961.T,2023-03-31,4621000000.0,523.94,46600000000.0,8822465.0,5281.970515043131
6961.T,2024-03-31,3443000000.0,390.14,51938000000.0,8828521.0,5882.978587240151
6961.T,2025-03-31,3943000000.0,,55448000000.0,8835064.0,6275.9024722401555
6961.T,2026-03-31,5233000000.0,446.47,62419000000.0,9031712.0,6911.092824926215
6963.T,2022-03-31,,,,,
6963.T,2023-03-31,80375000000.0,204.66,914912000000.0,392570888.0,2330.565072364714
6963.T,2024-03-31,53965000000.0,138.81,967469000000.0,385941100.0,2506.778884135429
6963.T,2025-03-31,-50065000000.0,-129.709102,889031000000.0,385979080.0,2303.313951626601
6963.T,2026-03-31,-158424000000.0,-410.387586,757963000000.0,386035069.0,1963.4563304402793
6965.T,2022-09-30,41295000000.0,133.35,280561000000.0,309676680.0,905.980392194853
6965.T,2023-09-30,42825000000.0,138.28,318644000000.0,309703020.0,1028.8695279755425
6965.T,2024-09-30,25145000000.0,81.19,331306000000.0,309738408.0,1069.6316357382452
6965.T,2025-09-30,14203000000.0,47.32,321520000000.0,298761184.0,1076.17728546691
6966.T,2022-01-31,,,,,
6966.T,2023-01-31,17581000000.0,96.198,80305000000.0,183036050.0,438.73870748412673
6966.T,2024-01-31,15545000000.0,85.06,96633000000.0,182751805.0,528.7663232655897
6966.T,2025-01-31,12219000000.0,66.86,109983000000.0,182749930.0,601.8223919429134
6966.T,2026-01-31,3151000000.0,17.25,113249000000.0,182749385.0,619.6956558841498
6971.T,2022-03-31,,102.7875,,,
6971.T,2023-03-31,127988000000.0,89.15,3023777000000.0,1435652000.0,2106.2047069902733
6971.T,2024-03-31,101074000000.0,71.58,3225595000000.0,1408643212.0,2289.859470816802
6971.T,2025-03-31,24097000000.0,,3217788000000.0,1408748115.0,2284.147155717756
6971.T,2026-03-31,140969000000.0,102.7,3339431000000.0,1317405992.0,2534.8533559728944
6976.T,2022-03-31,,433.46,,,
6976.T,2023-03-31,23216000000.0,186.32,318476000000.0,124608481.0,2555.8131954116348
6976.T,2024-03-31,8317000000.0,66.75,330098000000.0,124627089.0,2648.685792540657
6976.T,2025-03-31,2328000000.0,,319169000000.0,124733066.0,2558.816280520195
6976.T,2026-03-31,14806000000.0,118.49,344412000000.0,125050574.0,2754.1816801256746
6981.T,2022-03-31,,,,,
6981.T,2023-03-31,243946000000.0,128.64,2359985000000.0,1889170662.0,1249.21747276213
6981.T,2024-03-31,180838000000.0,95.72,2556147000000.0,1889233361.0,1353.0075493939999
6981.T,2025-03-31,233818000000.0,125.08,2580805000000.0,1862361050.0,1385.770498153406
6981.T,2026-03-31,233920000000.0,127.66,2718743000000.0,1820292151.0,1493.5750827175873
6988.T,2022-03-31,,,,,
6988.T,2023-03-31,109173000000.0,147.754,902211000000.0,729592140.0,1236.596381095882
6988.T,2024-03-31,102679000000.0,143.91,984020000000.0,707237315.0,1391.3575812950423
6988.T,2025-03-31,137237000000.0,195.74,1044083000000.0,694934700.0,1502.418860361988
6988.T,2026-03-31,133498000000.0,197.2,1148027000000.0,673659750.0,1704.1644539398412
6993.T,2022-03-31,,,,,
6993.T,2023-03-31,-279355000.0,-2.39,427195000.0,116971866.0,3.6521175100344214
6993.T,2024-03-31,-539656000.0,-4.6,29632000.0,120201513.0,0.24651935953584878
6993.T,2025-03-31,-968055000.0,-6.58,423899000.0,168557096.0,2.5148689082778217
6993.T,2026-03-31,-2053647000.0,-5.59,5350429000.0,739883647.0,7.231446487152865
6994.T,2023-03-31,760676000.0,23.05,25321595000.0,32997003.0,767.3907536390502
6994.T,2024-03-31,182146000.0,6.72,22289042000.0,25255593.0,882.5388499094042
6994.T,2025-03-31,1194672000.0,47.3,23383971000.0,25255412.0,925.8994072240833
6994.T,2026-03-31,1990743000.0,78.83,25379871000.0,25254838.0,1004.9508533770836
6995.T,2023-03-31,10900000000.0,119.37,277375000000.0,91322816.0,3037.302310082072
6995.T,2024-03-31,24850000000.0,276.8,317866000000.0,84579878.0,3758.1752009621014
6995.T,2025-03-31,26047000000.0,328.34,307897000000.0,85038725.0,3620.6681132625167
6995.T,2026-03-31,29471000000.0,346.32,347775000000.0,85110626.0,4086.1525328223997
6996.T,2022-03-31,,,,,
6996.T,2023-03-31,7814000000.0,114.22,98837000000.0,68417000.0,1444.6263355598755
6996.T,2024-03-31,8253000000.0,120.64,110898000000.0,68415369.0,1620.951573030323
6996.T,2025-03-31,5877000000.0,86.04,110431000000.0,67159245.0,1644.31568580022
6996.T,2026-03-31,6310000000.0,93.97,119602000000.0,67158643.0,1780.8876811283992
6997.T,2022-03-31,,,,,
6997.T,2023-03-31,2273000000.0,112.09,50257000000.0,20277816.0,2478.4227256031913
6997.T,2024-03-31,-21291000000.0,-1029.15,53097000000.0,21358189.0,2486.025383519174
6997.T,2025-03-31,37000000.0,1.75,56118000000.0,21328175.0,2631.167458068963
6997.T,2026-03-31,2367000000.0,106.29,62479000000.0,24085280.0,2594.0740568513215
6999.T,2022-03-31,,,,,
6999.T,2023-03-31,7367000000.0,198.75,73722000000.0,37075107.0,1988.4500940213065
6999.T,2024-03-31,2769000000.0,74.66,78572000000.0,37094511.0,2118.1570502439026
6999.T,2025-03-31,260000000.0,7.02,78109000000.0,37117985.0,2104.3437568068416
6999.T,2026-03-31,3951000000.0,106.41,88576000000.0,37137296.0,2385.0955653852666
7003.T,2022-03-31,,,,,
7003.T,2023-03-31,15554000000.0,177.47,106535000000.0,87511117.0,1217.38818623467
7003.T,2024-03-31,25051000000.0,255.73,142096000000.0,100872880.0,1408.6640532123204
7003.T,2025-03-31,39074000000.0,385.39,169849000000.0,100888399.0,1683.5335051753573
7003.T,2026-03-31,38456000000.0,381.15,229104000000.0,100902685.0,2270.5441386420985
7004.T,2022-03-31,,,,,
7004.T,2023-03-31,15577000000.0,92.43,139619000000.0,168527843.0,828.4625110878562
7004.T,2024-03-31,18999000000.0,112.74,162656000000.0,168522127.0,965.1907609734833
7004.T,2025-03-31,22103000000.0,131.33,189363000000.0,168188380.0,1125.898233873232
7004.T,2026-03-31,11137000000.0,66.2,196811000000.0,168230573.0,1169.88842450177
7011.T,2022-03-31,,,,,
7011.T,2023-03-31,130451000000.0,38.84,1740974000000.0,3357046970.0,518.6028123997323
7011.T,2024-03-31,222023000000.0,66.07,2244620000000.0,3360896993.0,667.8633723898839
7011.T,2025-03-31,332129000000.0,98.86,2346702000000.0,3357667786.0,698.9083344649869
7011.T,2026-03-31,245447000000.0,98.86,3088566000000.0,3360209340.0,919.1588045523378
7012.T,2022-03-31,,,,,
7012.T,2023-03-31,53029000000.0,63.326,576201000000.0,837409000.0,688.0759581041044
7012.T,2024-03-31,25377000000.0,30.302,634090000000.0,837508570.0,757.1146406298864
7012.T,2025-03-31,88001000000.0,105.088,702915000000.0,835682875.0,841.1264859292468
7012.T,2026-03-31,108157000000.0,129.41,878121000000.0,835848060.0,1050.5749095116641
7013.T,2022-03-31,,62.824286,,,
7013.T,2023-03-31,44545000000.0,42.068571,431245000000.0,1059018478.0,407.2119693458267
7013.T,2024-03-31,-68214000000.0,-64.397143,375989000000.0,1059496270.0,354.8752465169132
7013.T,2025-03-31,112740000000.0,106.405714,481726000000.0,1059549904.0,454.65154419003187
7013.T,2026-03-31,160992000000.0,,652243000000.0,1060161928.0,615.229601038833
7014.T,2022-03-31,,,,,
7014.T,2023-03-31,11194000000.0,161.85,49964000000.0,69243912.0,721.565240277008
7014.T,2024-03-31,19954000000.0,287.86,79684000000.0,69335998.0,1149.244292986163
7014.T,2025-03-31,26245000000.0,378.35,104764000000.0,69376140.0,1510.0868973108045
7014.T,2026-03-31,21590000000.0,310.801774,136972000000.0,69465498.0,1971.7990073287892
7059.T,2022-03-31,,,,,
7059.T,2023-03-31,864595000.0,23.27,7112170000.0,37174372.0,191.3191700992286
7059.T,2024-03-31,1463461000.0,38.84,8116289000.0,38166620.0,212.65412027578026
7059.T,2025-03-31,1820790000.0,47.73,8399947000.0,38088478.0,220.5377437239682
7059.T,2026-03-31,2880214000.0,75.35,9925077000.0,38324078.0,258.97758062176996
7071.T,2022-09-30,4279000000.0,44.03,20458000000.0,97834288.0,209.10869203647704
7071.T,2023-09-30,6310000000.0,64.44,26523000000.0,98032444.0,270.55328744022745
7071.T,2024-09-30,7438000000.0,75.86,33212000000.0,97859144.0,339.38576041498993
7071.T,2025-09-30,3660000000.0,37.52,36132000000.0,97533843.0,370.4560272478959
7085.T,2022-08-31,2247804000.0,24.2,12355947000.0,92057370.0,134.2200738517731
7085.T,2023-08-31,2551368000.0,27.71,15070157000.0,92057370.0,163.70397068697488
7085.T,2024-08-31,3566000000.0,38.75,19408000000.0,92060059.0,210.8188959557369
7085.T,2025-08-31,4303000000.0,46.75,20159000000.0,92061283.0,218.97370254985475
7102.T,2022-03-31,,,,,
7102.T,2023-03-31,3118000000.0,216.08,50960000000.0,14431477.0,3531.170094370798
7102.T,2024-03-31,5381000000.0,372.93,62226000000.0,14430742.0,4312.044384134925
7102.T,2025-03-31,6416000000.0,444.62,64647000000.0,14429819.0,4480.097775308201
7102.T,2026-03-31,11661000000.0,808.18,82246000000.0,14429229.0,5699.958050426672
7128.T,2021-12-31,,,,,
7128.T,2022-12-31,4531000000.0,178.91,71326000000.0,25327814.0,2816.1135422109464
7128.T,2023-12-31,4698000000.0,188.26,71837000000.0,24387865.0,2945.6042995153534
7128.T,2024-12-31,4613000000.0,190.77,72337000000.0,24042274.0,3008.74201832988
7128.T,2025-12-31,1906000000.0,79.84,72685000000.0,24043722.0,3023.0344536507287
7130.T,2022-03-31,,,,,
7130.T,2023-03-31,7868000000.0,332.57,64425000000.0,23686628.0,2719.8890445697884
7130.T,2024-03-31,8456000000.0,347.26,90458000000.0,27686426.0,3267.232830990898
7130.T,2025-03-31,8540000000.0,308.19,89159000000.0,27726252.0,3215.688871326712
7130.T,2026-03-31,11082000000.0,399.34,107798000000.0,27765796.0,3882.4026510891313
7148.T,2022-09-30,8475000000.0,99.24,36069000000.0,85404819.0,422.3297985093792
7148.T,2023-09-30,12466000000.0,145.97,44190000000.0,85401499.0,517.4382243571627
7148.T,2024-09-30,20457000000.0,240.07,53205000000.0,84541411.0,629.3365508176815
7148.T,2025-09-30,18156000000.0,216.18,57060000000.0,83733319.0,681.4491612353262
7157.T,2022-03-31,,,,,
7157.T,2023-03-31,3562000000.0,51.1,75687000000.0,69736117.0,1085.3343038873243
7157.T,2024-03-31,5734000000.0,75.97,90870000000.0,80279482.0,1131.9206070612165
7157.T,2025-03-31,5993000000.0,74.63,92109000000.0,80317942.0,1146.8047824233345
7157.T,2026-03-31,8041000000.0,100.11,95600000000.0,80340321.0,1189.9379889209056
7164.T,2022-03-31,,,,,
7164.T,2023-03-31,28584000000.0,207.985,205619000000.0,137445786.0,1496.0007577096617
7164.T,2024-03-31,28796000000.0,209.54,225081000000.0,137412424.0,1637.9959937247013
7164.T,2025-03-31,32089000000.0,236.54,238677000000.0,135000822.0,1767.9670128230775
7164.T,2026-03-31,32526000000.0,243.7,245146000000.0,132861715.0,1845.1214482667185
7167.T,2023-03-31,32176000000.0,29.9,904747000000.0,1064433694.0,849.9796700347594
7167.T,2024-03-31,43366000000.0,41.66,989366000000.0,1016202636.0,973.5912552779483
7167.T,2025-03-31,58228000000.0,58.38,965978000000.0,984477143.0,981.209169627212
7167.T,2026-03-31,84163000000.0,89.03,1077154000000.0,938552477.0,1147.6758374161745
7172.T,2021-12-31,,,,,
7172.T,2022-12-31,4412000000.0,90.636323,45781000000.0,48678944.0,940.4682237971308
7172.T,2023-12-31,2359000000.0,39.03,47861000000.0,48759842.0,981.5659369856038
7172.T,2024-12-31,8055000000.0,133.19,66843000000.0,60481643.0,1105.178310053515
7172.T,2025-12-31,10542000000.0,174.13,73492000000.0,60545110.0,1213.8387394126462
7173.T,2022-03-31,,,,,
7173.T,2023-03-31,21150000000.0,86.625,326917000000.0,240904920.0,1357.037456935292
7173.T,2024-03-31,25652000000.0,104.95,365101000000.0,242041984.0,1508.420125989382
7173.T,2025-03-31,31361000000.0,128.46125,371288000000.0,241813056.0,1535.434050343419
7173.T,2026-03-31,42357000000.0,172.38875,423379000000.0,242266920.0,1747.5724708928483
7177.T,2021-12-31,,,,,
7177.T,2022-12-31,1212000000.0,10.66,39595000000.0,113806653.0,347.9146337780446
7177.T,2023-12-31,7649000000.0,65.41,46428000000.0,117989368.0,393.49308151222573
7177.T,2024-12-31,4745000000.0,40.22,48114000000.0,117989368.0,407.78250460668625
7177.T,2025-12-31,10448000000.0,88.55,52844000000.0,117989318.0,447.87105219135174
7180.T,2023-03-31,24668000000.0,57.02,651622000000.0,432612978.0,1506.2469993676427
7180.T,2024-03-31,26394000000.0,61.01,716926000000.0,432611179.0,1657.2063663662284
7180.T,2025-03-31,30368000000.0,70.19,703741000000.0,432645791.0,1626.5985123151238
7180.T,2026-03-31,37674000000.0,87.54,760964000000.0,423557534.0,1796.6012617308324
7181.T,2022-03-31,,,,,
7181.T,2023-03-31,97614000000.0,83.16,2375377000000.0,1148116647.0,2068.9335061962565
7181.T,2024-03-31,87056000000.0,75.816667,3395745000000.0,1148295747.0,2957.2041948876085
7181.T,2025-03-31,123472000000.0,107.520321,3241426000000.0,1148359662.0,2822.6574889914586
7181.T,2026-03-31,168798000000.0,152.55,4153628000000.0,1083612396.0,3833.130753517146
7182.T,2023-03-31,325070000000.0,86.84,9615093000000.0,3668236617.0,2621.175786600028
7182.T,2024-03-31,356133000000.0,98.43,9666828000000.0,3616152756.0,2673.2355219122273
7182.T,2025-03-31,414324000000.0,114.6,9040153000000.0,3599956860.0,2511.183703462491
7182.T,2026-03-31,525583000000.0,147.1,9213450000000.0,3561946621.0,2586.6333722354793
7184.T,2022-03-31,,,,,
7184.T,2023-03-31,4203000000.0,65.4,115121000000.0,64007700.0,1798.549237044918
7184.T,2024-03-31,5284000000.0,83.02,148675000000.0,63377629.0,2345.859293663384
7184.T,2025-03-31,13354000000.0,208.95,152517000000.0,63748785.0,2392.469127058657
7184.T,2026-03-31,15055000000.0,238.88,198569000000.0,62850695.0,3159.3763601182136
7186.T,2022-03-31,,,,,
7186.T,2023-03-31,56159000000.0,47.39,1155437000000.0,1174114065.0,984.0926315791984
7186.T,2024-03-31,66931000000.0,57.16,1278698000000.0,1164144944.0,1098.4010252249138
7186.T,2025-03-31,82805000000.0,71.63,1287703000000.0,1141487092.0,1128.092476055787
7186.T,2026-03-31,106523000000.0,94.02,1403856000000.0,1111477483.0,1263.0539272922006
7189.T,2022-03-31,,,,,
7189.T,2023-03-31,26064000000.0,181.566133,529823000000.0,141494955.0,3744.4656595706892
7189.T,2024-03-31,23576000000.0,167.11,575880000000.0,140286911.0,4105.01589845399
7189.T,2025-03-31,30982000000.0,221.37,547568000000.0,139284547.0,3931.2903821268847
7189.T,2026-03-31,40116000000.0,288.02,616917000000.0,139282463.0,4429.251082385009
7198.T,2022-03-31,,,,,
7198.T,2023-03-31,2820000000.0,79.64,32765000000.0,35559740.0,921.4071868916927
7198.T,2024-03-31,1516000000.0,39.43,42012000000.0,44270010.0,948.9945902429207
7198.T,2025-03-31,1904000000.0,42.98,42003000000.0,44352810.0,947.020042247605
7198.T,2026-03-31,1801000000.0,40.59,42112000000.0,44452310.0,947.3523423192181
7199.T,2022-03-31,,,,,
7199.T,2023-03-31,3994000000.0,103.17,13322000000.0,38741115.0,343.87239499947276
7199.T,2024-03-31,4608000000.0,119.39,15310000000.0,37886261.0,404.1042741061199
7199.T,2025-03-31,4651000000.0,122.61,18923000000.0,38030836.0,497.56991931494747
7199.T,2026-03-31,6069000000.0,157.22,25270000000.0,38885429.0,649.8578169216032
7201.T,2022-03-31,,55.07,,,
7201.T,2023-03-31,221900000000.0,56.67,5134922000000.0,3917356112.0,1310.8131742912628
7201.T,2024-03-31,426649000000.0,110.47,5981951000000.0,3740203171.0,1599.365255444301
7201.T,2025-03-31,-670898000000.0,,4958543000000.0,3492271784.0,1419.8617137182127
7201.T,2026-03-31,-533095000000.0,-152.58,4798981000000.0,3496382520.0,1372.5560554512783
7202.T,2022-03-31,,,,,
7202.T,2023-03-31,151743000000.0,195.75,1308505000000.0,775177795.0,1688.006297961618
7202.T,2024-03-31,168996000000.0,229.92,1381940000000.0,748681304.0,1845.8321219144534
7202.T,2025-03-31,140062000000.0,229.92,1372860000000.0,712004076.0,1928.1631191111328
7202.T,2026-03-31,134876000000.0,193.14,1479507000000.0,687237114.0,2152.8333814637376
7203.T,2022-03-31,,,,,
7203.T,2023-03-31,2451318000000.0,179.47,28338706000000.0,13565179729.0,2089.077075729175
7203.T,2024-03-31,4944933000000.0,365.94,34220991000000.0,13474172027.0,2539.747223905619
7203.T,2025-03-31,4765086000000.0,359.56,35924826000000.0,13048929774.0,2753.086009519358
7203.T,2026-03-31,3848098000000.0,295.25,39918854000000.0,13033384474.0,3062.8156546469727
7211.T,2022-03-31,,49.76,,,
7211.T,2023-03-31,168730000000.0,113.38,801168000000.0,1488326496.0,538.3012411276726
7211.T,2024-03-31,154709000000.0,113.38,1010235000000.0,1486808303.0,679.4655356454516
7211.T,2025-03-31,40987000000.0,,934407000000.0,1338156383.0,698.2793729273718
7211.T,2026-03-31,10015000000.0,7.48,919468000000.0,1338352676.0,687.0147282464133
7220.T,2022-03-31,,,,,
7220.T,2023-03-31,2436000000.0,37.32,102735000000.0,65302346.0,1573.2206619345652
7220.T,2024-03-31,7921000000.0,121.24,115776000000.0,65486121.0,1767.9471349356606
7220.T,2025-03-31,7782000000.0,118.771197,114760000000.0,65520936.0,1751.5012300801075
7220.T,2026-03-31,1264000000.0,19.29,122028000000.0,65540871.0,1861.8611278449443
7222.T,2022-03-31,,,,,
7222.T,2023-03-31,3883000000.0,28.67,172985000000.0,135453691.0,1277.0785256785657
7222.T,2024-03-31,407000000.0,3.01,174331000000.0,135452763.0,1287.0243185810834
7222.T,2025-03-31,3033000000.0,22.39,176559000000.0,135452698.0,1303.4734826765873
7222.T,2026-03-31,6893000000.0,50.9,183818000000.0,135452678.0,1357.0643468562505
7224.T,2022-03-31,,104.96,,,
7224.T,2023-03-31,7313000000.0,111.0,98745000000.0,65912159.0,1498.1302615197296
7224.T,2024-03-31,7279000000.0,110.38,107008000000.0,65970955.0,1622.0471569647582
7224.T,2025-03-31,8957000000.0,,112026000000.0,66090764.0,1695.0326069766722
7224.T,2026-03-31,11507000000.0,174.02,124878000000.0,66143345.0,1887.9903941961206
7226.T,2022-03-31,,,,,
7226.T,2023-03-31,3580000000.0,90.91,111536000000.0,38324709.0,2910.2895471430716
7226.T,2024-03-31,3501000000.0,91.49,117039000000.0,38335558.0,3053.0141233368768
7226.T,2025-03-31,5820000000.0,151.74,116105000000.0,38420400.0,3021.9622908663105
7226.T,2026-03-31,3692000000.0,96.04,113328000000.0,38507221.0,2943.032425009325
7231.T,2023-03-31,6321000000.0,276.51,120265000000.0,22825510.0,5268.88555830735
7231.T,2024-03-31,4676000000.0,204.88,139680000000.0,22825924.0,6119.357972102247
7231.T,2025-03-31,6387000000.0,281.13,135277000000.0,22054244.0,6133.830749310654
7231.T,2026-03-31,10151000000.0,465.37,143970000000.0,21615040.0,6660.639998815639
7236.T,2022-03-31,,,,,
7236.T,2023-03-31,-3595000000.0,-55.088,42261000000.0,65234110.0,647.8359251011473
7236.T,2024-03-31,1245000000.0,19.052,44889000000.0,65434670.0,686.0124762606735
7236.T,2025-03-31,4250000000.0,65.384,48688000000.0,63322410.0,768.8905081155312
7236.T,2026-03-31,8765000000.0,147.751,53006000000.0,56611730.0,936.307722798791
7239.T,2022-03-31,,,,,
7239.T,2023-03-31,5823000000.0,170.09,80368000000.0,34245846.0,2346.7955792360917
7239.T,2024-03-31,5422000000.0,158.25,89775000000.0,34281029.0,2618.795369298862
7239.T,2025-03-31,11310000000.0,329.93,96278000000.0,34282429.0,2808.377434399412
7239.T,2026-03-31,9297000000.0,271.03,104885000000.0,34320529.0,3056.04263850362
7240.T,2022-03-31,,,,,
7240.T,2023-03-31,13320000000.0,77.55,522424000000.0,169457785.0,3082.915311326653
7240.T,2024-03-31,31602000000.0,188.34,586054000000.0,164576143.0,3560.9900032716164
7240.T,2025-03-31,30320000000.0,184.81,579004000000.0,163150910.0,3548.8861202183916
7240.T,2026-03-31,46338000000.0,284.84,624855000000.0,158845095.0,3933.7380861524243
7241.T,2023-03-31,10576000000.0,118.26,94070000000.0,89426772.0,1051.9221246183413
7241.T,2024-03-31,12831000000.0,143.44,124377000000.0,89466158.0,1390.2128221489068
7241.T,2025-03-31,6208000000.0,69.38,117618000000.0,89489772.0,1314.3177971221114
7241.T,2026-03-31,16026000000.0,69.38,138882000000.0,89303044.0,1555.176551428639
7242.T,2023-03-31,27210000000.0,514.2,182830000000.0,51099252.0,3577.938870807737
7242.T,2024-03-31,15818000000.0,294.795,217191000000.0,50082330.0,4336.679223989779
7242.T,2025-03-31,14899000000.0,281.13,225537000000.0,47903396.0,4708.163070526357
7242.T,2026-03-31,29036000000.0,631.99,249785000000.0,43169651.0,5786.125071986336
7244.T,2021-12-31,,,,,
7244.T,2022-12-31,4423000000.0,46.02,54333000000.0,96113401.0,565.3009823260754
7244.T,2023-12-31,7838000000.0,81.53,64037000000.0,96153284.0,665.9886936362984
7244.T,2024-12-31,4470000000.0,46.48,70048000000.0,96181737.0,728.2879493016434
7244.T,2025-12-31,6203000000.0,64.47,79106000000.0,96249194.0,821.8874019869714
7245.T,2022-03-31,,,,,
7245.T,2023-03-31,-2208000000.0,-47.05,61134000000.0,47109253.0,1297.7068432819344
7245.T,2024-03-31,2569000000.0,54.5,68817000000.0,47135192.0,1459.9919312941379
7245.T,2025-03-31,2720000000.0,57.7,72748000000.0,47145797.0,1543.0431688322078
7245.T,2026-03-31,4396000000.0,93.73,82087000000.0,46865347.0,1751.550031198958
7246.T,2023-03-31,6793000000.0,65.54,100266000000.0,103117270.0,972.3492485788269
7246.T,2024-03-31,8078000000.0,79.41,107820000000.0,101432237.0,1062.975669165218
7246.T,2025-03-31,6080000000.0,60.99,113991000000.0,99266796.0,1148.3295985497507
7246.T,2026-03-31,8475000000.0,85.85,120194000000.0,97552944.0,1232.0899305714443
7259.T,2022-03-31,,,,,
7259.T,2023-03-31,37670000000.0,46.59,1751326000000.0,808570152.0,2165.954302997818
7259.T,2024-03-31,90813000000.0,112.31,1977263000000.0,808602138.0,2445.2853969574835
7259.T,2025-03-31,107586000000.0,137.81,1977263000000.0,757661032.0,2609.6934070643874
7259.T,2026-03-31,171697000000.0,137.81,2200573000000.0,724572870.0,3037.062373036407
7261.T,2023-03-31,142814000000.0,226.71,1440073000000.0,629962979.0,2285.9644899863233
7261.T,2024-03-31,207696000000.0,329.65,1738056000000.0,630075585.0,2758.4880947259685
7261.T,2025-03-31,114079000000.0,181.0,1792680000000.0,630349951.0,2843.9440617962387
7261.T,2026-03-31,35086000000.0,55.64,1905899000000.0,630779930.0,3021.4959439181903
7267.T,2022-03-31,,,,,
7267.T,2023-03-31,651416000000.0,136.623333,11184250000000.0,4993021767.0,2239.976215188809
7267.T,2024-03-31,1107174000000.0,225.88,12696995000000.0,4828907376.0,2629.3722391746287
7267.T,2025-03-31,835837000000.0,178.93,12326529000000.0,4346509571.0,2835.9603950357896
7267.T,2026-03-31,-423941000000.0,-106.06,11817512000000.0,3892580441.0,3035.906946335088
7269.T,2022-03-31,,,,,
7269.T,2023-03-31,221107000000.0,113.8,2294186000000.0,1944129064.0,1180.0584860759018
7269.T,2024-03-31,317017000000.0,163.88,2719773000000.0,1929152805.0,1409.8276678502925
7269.T,2025-03-31,416050000000.0,215.66,,1929275118.0,
7269.T,2026-03-31,439267000000.0,227.69,,1929273897.0,
7270.T,2022-03-31,,,,,
7270.T,2023-03-31,200431000000.0,261.33,2100973000000.0,766981808.0,2739.273576095041
7270.T,2024-03-31,385084000000.0,509.2,2563204000000.0,751794124.0,3409.449366752433
7270.T,2025-03-31,338062000000.0,458.03,2714517000000.0,731033995.0,3713.256864340488
7270.T,2026-03-31,90842000000.0,125.5,2780407000000.0,715428374.0,3886.352709852126
7272.T,2021-12-31,,,,,
7272.T,2022-12-31,174439000000.0,,964151000000.0,1014645486.0,950.2343560418698
7272.T,2023-12-31,158421000000.0,157.89,1075773000000.0,991530906.0,1084.961642133624
7272.T,2024-12-31,108069000000.0,,1161568000000.0,977563982.0,1188.2270842503278
7272.T,2025-12-31,16109000000.0,,1132235000000.0,970378192.0,1166.7976561451826
7276.T,2022-03-31,,,,,
7276.T,2023-03-31,29660000000.0,92.26,628828000000.0,321492872.0,1955.9624948698706
7276.T,2024-03-31,40879000000.0,130.93,671929000000.0,307774519.0,2183.185931646278
7276.T,2025-03-31,46240000000.0,156.49,627200000000.0,283746525.0,2210.423546156204
7276.T,2026-03-31,16539000000.0,60.23,616821000000.0,263223910.0,2343.331956432073
7278.T,2022-03-31,,265.92,,,
7278.T,2023-03-31,4591000000.0,97.78,225563000000.0,46954736.0,4803.839169705906
7278.T,2024-03-31,-10023000000.0,-213.43,218548000000.0,46965969.0,4653.326752398103
7278.T,2025-03-31,12744000000.0,,180478000000.0,36630407.0,4926.9995826145205
7278.T,2026-03-31,13680000000.0,304.13,192711000000.0,36539390.0,5274.061772788215
7279.T,2022-10-31,-7120000000.0,-189.85,172353000000.0,37514835.0,4594.262509751143
7279.T,2023-10-31,-2991000000.0,-79.75,175426000000.0,37514621.0,4676.203446117715
7279.T,2024-10-31,1973000000.0,52.6,168994000000.0,37515311.0,4504.6674409816305
7279.T,2025-10-31,8419000000.0,224.87,175144000000.0,36965060.0,4738.095920850663
7280.T,2022-03-31,,,,,
7280.T,2023-03-31,1185000000.0,26.49,66768000000.0,44756009.0,1491.8220255072342
7280.T,2024-03-31,13741000000.0,293.62,101638000000.0,44755768.0,2270.947512284897
7280.T,2025-03-31,11864000000.0,251.86,95697000000.0,44755403.0,2138.222283463742
7280.T,2026-03-31,11820000000.0,240.19,119827000000.0,45983616.0,2605.8629230028364
7282.T,2022-03-31,,180.39,,,
7282.T,2023-03-31,16004000000.0,123.62,448413000000.0,129486694.0,3463.0044690151717
7282.T,2024-03-31,51454000000.0,400.22,522337000000.0,127028276.0,4111.974250520411
7282.T,2025-03-31,36331000000.0,,542625000000.0,127213300.0,4265.4738144517905
7282.T,2026-03-31,62009000000.0,494.11,568563000000.0,117252860.0,4849.033106740424
7283.T,2022-03-31,,,,,
7283.T,2023-03-31,8504000000.0,135.01,106494000000.0,63014011.0,1690.0051006116719
7283.T,2024-03-31,11744000000.0,187.63,134767000000.0,62421879.0,2158.970575044689
7283.T,2025-03-31,13234000000.0,211.86,135827000000.0,62503916.0,2173.095842506892
7283.T,2026-03-31,13074000000.0,227.61,141852000000.0,57027699.0,2487.422822372686
7287.T,2022-03-31,,,,,
7287.T,2023-03-31,1306000000.0,21.65,199542000000.0,60348028.0,3306.5206372609227
7287.T,2024-03-31,5300000000.0,88.04,221537000000.0,59602573.0,3716.9032954332356
7287.T,2025-03-31,6122000000.0,104.88,216694000000.0,57361313.0,3777.7029267095054
7287.T,2026-03-31,8220000000.0,143.23,231592000000.0,57476059.0,4029.364643807607
7292.T,2022-03-31,,,,,
7292.T,2023-03-31,5370000000.0,437.69,76107000000.0,12157296.0,6260.191410984811
7292.T,2024-03-31,5887000000.0,493.73,82978000000.0,11563871.0,7175.624840505398
7292.T,2025-03-31,5943000000.0,513.64,88920000000.0,11576166.0,7681.299663463707
7292.T,2026-03-31,6079000000.0,524.89,94851000000.0,11585053.0,8187.360040562611
7296.T,2022-03-31,,,,,
7296.T,2023-03-31,9566000000.0,192.41,160055000000.0,49727666.0,3218.630852290554
7296.T,2024-03-31,12231000000.0,245.91,185322000000.0,49745733.0,3725.384848585908
7296.T,2025-03-31,15859000000.0,323.77,184221000000.0,48423680.0,3804.3577026776984
7296.T,2026-03-31,18760000000.0,387.36,205015000000.0,48434662.0,4232.815746706357
7309.T,2021-12-31,,,,,
7309.T,2022-12-31,128178000000.0,1408.22,740108000000.0,90629066.0,8166.342572701787
7309.T,2023-12-31,61142000000.0,676.77,801164000000.0,89965973.0,8905.189076318888
7309.T,2024-12-31,76329000000.0,853.36,882395000000.0,89065922.0,9907.212323025185
7309.T,2025-12-31,33991000000.0,388.17,868256000000.0,86465479.0,10041.649107154082
7313.T,2023-03-31,5343000000.0,41.35,298791000000.0,127504854.0,2343.3696100699035
7313.T,2024-03-31,10214000000.0,80.09,326932000000.0,127529446.0,2563.5804926181518
7313.T,2025-03-31,8630000000.0,70.69,306302000000.0,119254564.0,2568.471928671845
7313.T,2026-03-31,7134000000.0,60.37,309869000000.0,116685153.0,2655.5992089242063
7322.T,2023-03-31,6332000000.0,59.6025,194655000000.0,104010340.0,1871.4966223550466
7322.T,2024-03-31,6904000000.0,66.37,213107000000.0,104028964.0,2048.5352521630416
7322.T,2025-03-31,8653000000.0,83.1325,205972000000.0,104101176.0,1978.5751507744735
7322.T,2026-03-31,12349000000.0,118.61,231130000000.0,104061452.0,2221.0914373941273
7326.T,2022-03-31,,,,,
7326.T,2023-03-31,1240000000.0,49.97,38760000000.0,24820418.0,1561.6175360140994
7326.T,2024-03-31,1450000000.0,58.45,39884000000.0,24820388.0,1606.9047752194688
7326.T,2025-03-31,1988000000.0,80.12,42404000000.0,24820388.0,1708.4342114232863
7326.T,2026-03-31,2880000000.0,116.04,47960000000.0,24820388.0,1932.2824445774177
7327.T,2022-03-31,,,,,
7327.T,2023-03-31,17768000000.0,65.298333,415422000000.0,269597868.0,1540.8949747332572
7327.T,2024-03-31,21203000000.0,79.118333,499880000000.0,262788342.0,1902.2152816809507
7327.T,2025-03-31,29349000000.0,111.97,478861000000.0,261779868.0,1829.2506740816295
7327.T,2026-03-31,42103000000.0,160.59,569440000000.0,262445800.0,2169.743238413417
7337.T,2022-03-31,,,,,
7337.T,2023-03-31,12508000000.0,40.25,498467000000.0,310821921.0,1603.7060655062357
7337.T,2024-03-31,27691000000.0,90.35,535105000000.0,303857672.0,1761.0383061185305
7337.T,2025-03-31,35835000000.0,118.55,504534000000.0,300404075.0,1679.5178294435586
7337.T,2026-03-31,43734000000.0,145.84,568721000000.0,298519651.0,1905.1375616139924
7350.T,2022-03-31,,,,,
7350.T,2023-03-31,5835000000.0,251.03,153665000000.0,22895494.0,6711.582637177429
7350.T,2024-03-31,6262000000.0,290.49,156919000000.0,21340706.0,7353.036961382627
7350.T,2025-03-31,7941000000.0,371.9,153508000000.0,21332564.0,7195.947003838826
7350.T,2026-03-31,11292000000.0,529.11,162302000000.0,21346641.0,7603.163420418229
7366.T,2022-03-31,,,,,
7366.T,2023-03-31,1812000000.0,50.85,6886000000.0,35646952.0,193.1721960407723
7366.T,2024-03-31,3545000000.0,99.38,10427000000.0,35679252.0,292.24267369730734
7366.T,2025-03-31,2402000000.0,67.27,12469000000.0,35692733.0,349.34282000764694
7366.T,2026-03-31,2738000000.0,77.54,14360000000.0,34707933.0,413.73826554292356
7380.T,2022-03-31,,92.09,,,
7380.T,2023-03-31,18630000000.0,101.156,388723000000.0,182904280.0,2125.2810486446792
7380.T,2024-03-31,19318000000.0,106.11,447344000000.0,182475235.0,2451.532669625004
7380.T,2025-03-31,20840000000.0,115.45,419127000000.0,179436025.0,2335.80185472789
7380.T,2026-03-31,27380000000.0,,468462000000.0,177105130.0,2645.106892160605
7381.T,2022-03-31,,,,,
7381.T,2023-03-31,8741000000.0,33.606,229643000000.0,250992830.0,914.9384864898332
7381.T,2024-03-31,9055000000.0,37.834,244219000000.0,231854050.0,1053.3307483738154
7381.T,2025-03-31,8120000000.0,35.5,212021000000.0,227036980.0,933.8610828949539
7381.T,2026-03-31,12632000000.0,55.98,244546000000.0,223224942.0,1095.5137799968606
7383.T,2022-03-31,,,,,
7383.T,2023-03-31,-443000000.0,-4.59,18367000000.0,96825287.0,189.69218237380488
7383.T,2024-03-31,-828000000.0,-8.55,17703000000.0,97287285.0,181.96622508275362
7383.T,2025-03-31,1350000000.0,13.86,19168000000.0,99306627.0,193.01833703404304
7383.T,2026-03-31,1732000000.0,17.44,21018000000.0,99480999.0,211.27652728939725
7384.T,2023-03-31,48957000000.0,1713.65,184440000000.0,28387957.0,6497.121296893609
7384.T,2024-03-31,2817000000.0,99.18,167349000000.0,28403735.0,5891.795568434926
7384.T,2025-03-31,1227000000.0,43.2,158304000000.0,28402770.0,5573.540890553984
7384.T,2026-03-31,3783000000.0,133.47,162762000000.0,28315189.0,5748.222270386399
7388.T,2021-11-30,,,,,
7388.T,2022-11-30,2366809000.0,115.03,8656778000.0,23000000.0,376.38165217391304
7388.T,2023-11-30,3953751000.0,171.74,12647478000.0,23187470.0,545.4445008446372
7388.T,2024-11-30,3903160000.0,169.85,11832666000.0,22898293.0,516.7488249014893
7388.T,2025-11-30,2042386000.0,88.79,11821422000.0,23236495.0,508.7437670784686
7389.T,2023-03-31,81806000000.0,386.1,318926000000.0,244634595.0,1303.6831524175884
7389.T,2024-03-31,8295000000.0,33.88,379528000000.0,244975380.0,1549.2495613232645
7389.T,2025-03-31,9097000000.0,37.086,353790000000.0,245552760.0,1440.7901584979131
7389.T,2026-03-31,21808000000.0,89.477422,430978000000.0,243726290.0,1768.2868762331711
7409.T,2022-06-30,7321000.0,0.365952,955006000.0,22213380.0,42.99237666667567
7409.T,2023-06-30,673039000.0,33.6429,1622077000.0,22213380.0,73.022520660971
7409.T,2024-06-30,698736000.0,30.563333,3094079000.0,22962780.0,134.7432235992332
7409.T,2025-06-30,734432000.0,31.903333,3890226000.0,23060058.0,168.6997491506743
7412.T,2022-03-31,,,,,
7412.T,2023-03-31,-2165000000.0,-11.38,8217000000.0,193105832.0,42.55179615704201
7412.T,2024-03-31,-1470000000.0,-7.79,6765000000.0,193114631.0,35.03100704990084
7412.T,2025-03-31,530000000.0,2.58,7302000000.0,193125415.0,37.80962748999141
7412.T,2026-03-31,-1507000000.0,-7.86,3681000000.0,193136265.0,19.05908245662719
7414.T,2022-03-31,,363.91,,,
7414.T,2023-03-31,7023000000.0,298.93,89620000000.0,25003128.0,3584.3515259370747
7414.T,2024-03-31,5761000000.0,229.93,94731000000.0,25487840.0,3716.7135386913915
7414.T,2025-03-31,4885000000.0,,97386000000.0,25121903.0,3876.537537781274
7414.T,2026-03-31,-2218000000.0,-89.57,92815000000.0,24432503.0,3798.8330544766536
7419.T,2022-03-31,,,,,
7419.T,2023-03-31,23315000000.0,238.83,159197000000.0,98051232.0,1623.6103999182794
7419.T,2024-03-31,19979000000.0,203.67,176817000000.0,97885869.0,1806.3587911754657
7419.T,2025-03-31,32292000000.0,111.656667,204996000000.0,95784797.0,2140.1726205046925
7419.T,2026-03-31,38931000000.0,134.61,245445000000.0,289397971.0,848.1227396027597
7421.T,2022-03-31,,,,,
7421.T,2023-03-31,-3041000000.0,-61.65,8625000000.0,49336981.0,174.81815516843238
7421.T,2024-03-31,1396000000.0,28.29,10031000000.0,49342981.0,203.29132526468152
7421.T,2025-03-31,1032000000.0,20.77,10847000000.0,49348876.0,219.80237199323446
7421.T,2026-03-31,-394000000.0,-7.99,10209000000.0,49352376.0,206.8593414833766
7433.T,2022-03-31,,,,,
7433.T,2023-03-31,8929000000.0,470.52,63861000000.0,18693824.0,3416.15498252257
7433.T,2024-03-31,5175000000.0,276.2,65933000000.0,18801709.0,3506.755689070605
7433.T,2025-03-31,5131000000.0,272.76,65546000000.0,18816695.0,3483.395994886456
7433.T,2026-03-31,5009000000.0,266.14,68223000000.0,18826390.0,3623.796171225604
7438.T,2022-03-31,,,,,
7438.T,2023-03-31,2414000000.0,94.75,31284000000.0,25479478.0,1227.8116529702845
7438.T,2024-03-31,3265000000.0,128.02,33897000000.0,25533518.0,1327.5491454017422
7438.T,2025-03-31,3272000000.0,128.02,36328000000.0,25590408.0,1419.594404278353
7438.T,2026-03-31,3302000000.0,128.95,38534000000.0,25634960.0,1503.1815926375543
7447.T,2022-08-31,3778265000.0,115.77,42255260000.0,32260183.0,1309.82703972882
7447.T,2023-08-31,3226360000.0,100.04,43214125000.0,32104309.0,1346.0537337838357
7447.T,2024-08-31,2822054000.0,88.77,42697477000.0,31489847.0,1355.912494589129
7447.T,2025-08-31,2573481000.0,83.24,41318417000.0,30479775.0,1355.601115821885
7453.T,2022-08-31,24558000000.0,93.24,242218000000.0,527454000.0,459.221088474066
7453.T,2023-08-31,22052000000.0,83.51,264228000000.0,528718000.0,499.75223086787287
7453.T,2024-08-31,41566000000.0,157.1,293299000000.0,529440524.0,553.9791283524795
7453.T,2025-08-31,50846000000.0,,332091000000.0,530475922.0,626.024643584106
7456.T,2022-03-31,,366.4,,,
7456.T,2023-03-31,9696000000.0,371.7,84480000000.0,26085711.0,3238.5546247905604
7456.T,2024-03-31,7286000000.0,280.2,91114000000.0,25917255.0,3515.572926222318
7456.T,2025-03-31,9456000000.0,,99741000000.0,25917128.0,3848.458826147712
7456.T,2026-03-31,16753000000.0,647.59,118460000000.0,25841906.0,4584.02719985128
7458.T,2022-03-31,,,,,
7458.T,2023-03-31,8320000000.0,76.21,106740000000.0,109186400.0,977.594279140992
7458.T,2024-03-31,12568000000.0,117.01,107955000000.0,106854593.0,1010.2981722086574
7458.T,2025-03-31,18178000000.0,172.56,116795000000.0,104487893.0,1117.7850050053166
7458.T,2026-03-31,15889000000.0,153.38,124102000000.0,103376893.0,1200.4810398006448
7459.T,2022-03-31,,,,,
7459.T,2023-03-31,38806000000.0,184.82,561357000000.0,209961755.0,2673.615487734897
7459.T,2024-03-31,41474000000.0,195.83,600349000000.0,210017068.0,2858.5724280276117
7459.T,2025-03-31,40279000000.0,193.2,619564000000.0,207950237.0,2979.385880671057
7459.T,2026-03-31,42534000000.0,206.67,652171000000.0,204698639.0,3186.0055503349
7460.T,2022-03-31,,,,,
7460.T,2023-03-31,1013800000.0,40.613333,36276603000.0,24888000.0,1457.5941417550628
7460.T,2024-03-31,2075000000.0,83.163333,40037000000.0,25013052.0,1600.6443356052673
7460.T,2025-03-31,2625000000.0,104.616667,43176000000.0,25152852.0,1716.5449071143105
7460.T,2026-03-31,3670000000.0,147.92,46744000000.0,24364059.0,1918.5637335716515
7463.T,2022-03-31,3819508000.0,,42658983000.0,39816692.0,1071.3844083280449
7463.T,2023-03-31,3364570000.0,88.97,42355666000.0,37293692.0,1135.7327131891366
7463.T,2024-03-31,10299218000.0,278.86,49584825000.0,35924805.0,1380.2392246805516
7463.T,2025-03-31,6012061000.0,169.07,53863037000.0,35521945.0,1516.3312988632802
7463.T,2026-03-31,,235.43,,,
7475.T,2022-03-31,,,,,
7475.T,2023-03-31,1684000000.0,192.5,30570000000.0,8748367.0,3494.366434329973
7475.T,2024-03-31,1545000000.0,178.52,31445000000.0,8650799.0,3634.9243578541127
7475.T,2025-03-31,1622000000.0,187.67,32321000000.0,8576543.0,3768.534711479905
7475.T,2026-03-31,1324000000.0,157.74,32983000000.0,8355309.0,3947.5499948595557
7476.T,2022-03-31,,,,,
7476.T,2023-03-31,8112602000.0,109.45,63968121000.0,72375866.0,883.8322017452613
7476.T,2024-03-31,7500000000.0,103.65,64661000000.0,71608844.0,902.9750571032819
7476.T,2025-03-31,8229000000.0,114.89,66708000000.0,71649083.0,931.037735681837
7476.T,2026-03-31,9179000000.0,128.35,71176000000.0,71267610.0,998.7145633198588
7480.T,2022-03-31,,,,,
7480.T,2023-03-31,3309496000.0,236.74,18610823000.0,13994213.0,1329.8942212756087
7480.T,2024-03-31,2091883000.0,149.38,18467296000.0,14016465.0,1317.54304669544
7480.T,2025-03-31,1789904000.0,127.66,18694338000.0,14029065.0,1332.5434018589265
7480.T,2026-03-31,1722899000.0,129.04,16758552000.0,12680465.0,1321.6039001724305
7482.T,2022-03-31,,,,,
7482.T,2023-03-31,1542000000.0,66.23,32616000000.0,23302488.0,1399.6788669089756
7482.T,2024-03-31,2372000000.0,101.74,34688000000.0,23333645.0,1486.6087145835982
7482.T,2025-03-31,2088000000.0,89.42,35107000000.0,23360883.0,1502.8113449307546
7482.T,2026-03-31,2738000000.0,117.12,36875000000.0,23390636.0,1576.4855645652387
7483.T,2022-03-31,,,,,
7483.T,2023-03-31,5621000000.0,164.34,78092000000.0,34140981.0,2287.339077925148
7483.T,2024-03-31,5784000000.0,169.42,82592000000.0,34140937.0,2419.148601574702
7483.T,2025-03-31,6409000000.0,185.25,87720000000.0,35079210.0,2500.626439420956
7483.T,2026-03-31,8643000000.0,243.86,94831000000.0,35871328.0,2643.643413480538
7500.T,2022-06-30,1160117000.0,344.46,13667560000.0,3370171.0,4055.4500053558113
7500.T,2023-06-30,1549072000.0,459.1,15180922000.0,3376745.0,4495.726505851049
7500.T,2024-06-30,2528456000.0,748.01,18275232000.0,3382530.0,5402.829243199617
7500.T,2025-06-30,2681935000.0,792.12,20480298000.0,3387920.0,6045.094925500011
7504.T,2023-03-31,2978764000.0,154.24,34267141000.0,19312218.0,1774.3762523807468
7504.T,2024-03-31,3114738000.0,161.19,36900617000.0,19329117.0,1909.0689450532066
7504.T,2025-03-31,3465564000.0,179.11,39769719000.0,19346243.0,2055.6817672557922
7504.T,2026-03-31,3764003000.0,192.76,42516427000.0,19553496.0,2174.364471703679
7508.T,2022-03-31,,119.28,,,
7508.T,2023-03-31,3824000000.0,86.78,26756000000.0,44063308.0,607.2172338944683
7508.T,2024-03-31,5175000000.0,117.46,29972000000.0,44063308.0,680.2031295516896
7508.T,2025-03-31,4939000000.0,,32571000000.0,43702688.0,745.2859650189023
7508.T,2026-03-31,4767000000.0,109.04,35522000000.0,43751498.0,811.9036289911719
7510.T,2022-03-31,,,,,
7510.T,2023-03-31,2738000000.0,171.56,35593000000.0,15960055.0,2230.1301593258922
7510.T,2024-03-31,2501000000.0,156.6,39063000000.0,15984990.0,2443.73002422898
7510.T,2025-03-31,2659000000.0,166.21,40819000000.0,16005190.0,2550.360226901399
7510.T,2026-03-31,2957000000.0,184.63,44203000000.0,16026990.0,2758.035039642503
7512.T,2022-02-28,,,,,
7512.T,2023-02-28,4705000000.0,33.82,67159000000.0,139159212.0,482.60549218976604
7512.T,2024-02-29,6193000000.0,44.49,71662000000.0,139244692.0,514.6479838527705
7512.T,2025-02-28,3606000000.0,25.9,73061000000.0,139303752.0,524.4725928128627
7512.T,2026-02-28,3732000000.0,26.79,74356000000.0,139126479.0,534.4489455526291
7513.T,2022-08-31,5761000000.0,74.71,61939000000.0,77117716.0,803.1747205791208
7513.T,2023-08-31,2869000000.0,37.17,63797000000.0,77206273.0,826.3188666029766
7513.T,2024-08-31,4001000000.0,51.87,66477000000.0,76995593.0,863.3870772318098
7513.T,2025-08-31,4709000000.0,61.05,70246000000.0,77306408.0,908.6698220411431
7516.T,2022-02-28,,,,,
7516.T,2023-02-28,13235000000.0,431.11,149553000000.0,30410113.0,4917.870578119851
7516.T,2024-02-29,14054000000.0,473.9,157256000000.0,29369595.0,5354.380950775794
7516.T,2025-02-28,14210000000.0,492.53,165790000000.0,28674409.0,5781.810533566708
7516.T,2026-02-28,12263000000.0,432.27,173395000000.0,28165719.0,6156.242629559714
7522.T,2022-03-31,,,,,
7522.T,2023-03-31,1674000000.0,41.27,17675000000.0,39984880.0,442.0420919107423
7522.T,2024-03-31,4190000000.0,92.67,21885000000.0,40068751.0,546.1862287646551
7522.T,2025-03-31,3522000000.0,75.9,26794000000.0,40066037.0,668.7459505915197
7522.T,2026-03-31,4107000000.0,90.48,30156000000.0,40104432.0,751.9368432895396
7532.T,2022-06-30,61928000000.0,20.528,392491000000.0,2981528200.0,131.6408813440034
7532.T,2023-06-30,66167000000.0,22.188,454032000000.0,2982965080.0,152.20828532126163
7532.T,2024-06-30,88701000000.0,29.728,537937000000.0,2984776440.0,180.22689833346448
7532.T,2025-06-30,90512000000.0,30.318,607835000000.0,2986399595.0,203.5343833483208
7537.T,2022-03-31,,,,,
7537.T,2023-03-31,5201000000.0,199.04,47746000000.0,26135200.0,1826.8848143499954
7537.T,2024-03-31,3401000000.0,130.07,50695000000.0,26158166.0,1938.0181316992941
7537.T,2025-03-31,4409000000.0,168.52,54804000000.0,26168686.0,2094.2587640816205
7537.T,2026-03-31,3303000000.0,126.11,56886000000.0,26242942.0,2167.6685487473164
7545.T,2022-02-28,,,,,
7545.T,2023-02-28,7640000000.0,126.51,77097000000.0,60115967.0,1282.471260921412
7545.T,2024-02-29,8202000000.0,136.66,84982000000.0,60036803.0,1415.4984235253166
7545.T,2025-02-28,8195000000.0,136.48,91267000000.0,60029918.0,1520.3585652074355
7545.T,2026-02-28,6847000000.0,114.17,98665000000.0,59930417.0,1646.3259382960744
7550.T,2023-03-31,13265000000.0,87.3,115633000000.0,151823825.0,761.6261808711512
7550.T,2024-03-31,30693000000.0,195.41,214382000000.0,156664790.0,1368.4121365113374
7550.T,2025-03-31,39290000000.0,240.45,240061000000.0,156663882.0,1532.3314916963438
7550.T,2026-03-31,45812000000.0,275.85,340962000000.0,156462287.0,2179.1960640329894
7552.T,2022-03-31,,,,,
7552.T,2023-03-31,3561000000.0,80.38,45211000000.0,44377356.0,1018.7853462923749
7552.T,2024-03-31,6581000000.0,147.73,51298000000.0,44609636.0,1149.930925237767
7552.T,2025-03-31,6764000000.0,153.41,55670000000.0,43891276.0,1268.3613937311825
7552.T,2026-03-31,10096000000.0,230.91,60284000000.0,43312589.0,1391.8355238473507
7564.T,2023-03-31,16656000000.0,204.1,114234000000.0,81610269.0,1399.7503181860607
7564.T,2024-03-31,15986000000.0,195.88,125426000000.0,81610181.0,1536.8915797405227
7564.T,2025-03-31,16892000000.0,206.99,135301000000.0,81610155.0,1657.8941677049872
7564.T,2026-03-31,20618000000.0,252.64,153454000000.0,81613128.0,1880.2612246402318
7575.T,2022-03-31,,,,,
7575.T,2023-03-31,6891000000.0,88.22,56196000000.0,77920415.0,721.1973909533208
7575.T,2024-03-31,7515000000.0,98.73,58101000000.0,74929270.0,775.4112645165234
7575.T,2025-03-31,9317000000.0,131.43,59913000000.0,70096803.0,854.7180104633303
7575.T,2026-03-31,9350000000.0,133.3,65894000000.0,70154478.0,939.2700491620792
7581.T,2022-08-31,5660000000.0,115.91,94522000000.0,48881342.0,1933.7030476781918
7581.T,2023-08-31,5154000000.0,105.62,99030000000.0,48937342.0,2023.6080660040752
7581.T,2024-08-31,8149000000.0,166.28,110802000000.0,49110842.0,2256.1616842162875
7581.T,2025-08-31,11164000000.0,227.46,117156000000.0,49104430.0,2385.8539850681495
7593.T,2022-03-31,,,,,
7593.T,2023-03-31,7180000000.0,61.91,64500000000.0,115987670.0,556.0935916722873
7593.T,2024-03-31,6697000000.0,56.86,72851000000.0,120071670.0,606.7292975936789
7593.T,2025-03-31,5302000000.0,43.83,71244000000.0,121021669.0,588.687964632185
7593.T,2026-03-31,4898000000.0,41.5,70684000000.0,116255169.0,608.0073738484695
7595.T,2022-03-31,,52.84,,,
7595.T,2023-03-31,5420745000.0,63.52,41816877000.0,85275756.0,490.3723984575405
7595.T,2024-03-31,6520169000.0,76.529796,50120662000.0,85197784.0,588.2859817105102
7595.T,2025-03-31,7447460000.0,87.3925,57188195000.0,85226492.0,671.0143015155428
7595.T,2026-03-31,19190410000.0,,48787926000.0,68712592.0,710.0288983422428
7596.T,2022-03-31,,,,,
7596.T,2023-03-31,803016000.0,57.56,16318091000.0,13953000.0,1169.5041209775675
7596.T,2024-03-31,1361671000.0,97.59,17238990000.0,13953691.0,1235.4430093084331
7596.T,2025-03-31,1428241000.0,102.35,17513950000.0,13955191.0,1255.013277854814
7596.T,2026-03-31,1302829000.0,93.35,18790541000.0,13957461.0,1346.2721479214595
7599.T,2022-02-28,,,,,
7599.T,2023-02-28,14205000000.0,141.48,62232000000.0,100407349.0,619.7952701649358
7599.T,2024-02-29,11442000000.0,113.96,69023000000.0,100407309.0,687.430035596313
7599.T,2025-02-28,13447000000.0,133.93,79436000000.0,100407230.0,791.138247713835
7599.T,2026-02-28,11914000000.0,118.66,87928000000.0,100407228.0,875.7138480110217
7606.T,2022-03-31,,,,,
7606.T,2023-03-31,4341000000.0,152.37,33702000000.0,28495284.0,1182.722025160374
7606.T,2024-03-31,4876000000.0,175.43,35030000000.0,27596090.0,1269.382727770492
7606.T,2025-03-31,4282000000.0,175.43,37822000000.0,27608390.0,1369.9458751488226
7606.T,2026-03-31,6112000000.0,221.34,42136000000.0,27620280.0,1525.5457222012233
7607.T,2022-08-31,3784456000.0,283.26,36109281000.0,13364028.0,2701.975856381025
7607.T,2023-08-31,3585096000.0,268.08,39104912000.0,13376819.0,2923.3341648713345
7607.T,2024-08-31,2729798000.0,203.93,41474388000.0,13389625.0,3097.501834442712
7607.T,2025-08-31,3312345000.0,247.22,43466362000.0,13401564.0,3243.37980253648
7609.T,2022-12-31,4237486000.0,190.89,26006312000.0,22201104.0,1171.3972422272334
7609.T,2023-12-31,4014971000.0,180.825,29428934000.0,22206124.0,1325.2620763533519
7609.T,2024-12-31,4382030000.0,197.3,32981662000.0,22212264.0,1484.840176579929
7609.T,2025-12-31,4923468000.0,233.724464,35540977000.0,21065266.0,1687.1838694085325
7611.T,2022-02-28,,,,,
7611.T,2023-02-28,1519401000.0,40.01,22974269000.0,37975764.0,604.9718710069927
7611.T,2024-02-29,3233405000.0,85.15,25113983000.0,37973262.0,661.3596430035428
7611.T,2025-02-28,4092077000.0,107.91,25861207000.0,37283842.0,693.6304203842511
7611.T,2026-02-28,4731726000.0,130.74,24872848000.0,36003019.0,690.8545086177356
7613.T,2021-12-31,,,,,
7613.T,2022-12-31,4733000000.0,100.11,76958000000.0,47302225.0,1626.9424958339698
7613.T,2023-12-31,8185000000.0,173.56,89098000000.0,47074375.0,1892.7070194771572
7613.T,2024-12-31,3754000000.0,79.75,100493000000.0,47088143.0,2134.1465939737736
7613.T,2025-12-31,2488000000.0,52.82,103244000000.0,47137653.0,2190.2660278822113
7616.T,2022-03-31,,,,,
7616.T,2023-03-31,-6801000000.0,-84.45,42745000000.0,86679564.0,493.1381519177923
7616.T,2024-03-31,2905000000.0,27.52,44954000000.0,86707342.0,518.4566723311619
7616.T,2025-03-31,1249000000.0,7.45,77537000000.0,106282691.0,729.5355365061278
7616.T,2026-03-31,2233000000.0,15.73,84232000000.0,106305791.0,792.3557052503377
7630.T,2023-02-28,2538631000.0,15.91,30571525000.0,159595820.0,191.55592546220822
7630.T,2024-02-29,2685925000.0,16.837039,30920790000.0,159524785.0,193.83063265059408
7630.T,2025-02-28,3171000000.0,19.88,32051000000.0,159559974.0,200.8711783821173
7630.T,2026-02-28,2562000000.0,16.06,32292000000.0,159605320.0,202.32408293157147
7637.T,2022-03-31,,,,,
7637.T,2023-03-31,2737597000.0,241.37,21205278000.0,11342300.0,1869.5747776024264
7637.T,2024-03-31,1916689000.0,168.99,22481005000.0,11341785.0,1982.139936526746
7637.T,2025-03-31,2236985000.0,197.23,23755188000.0,11341709.0,2094.4981042980385
7637.T,2026-03-31,2146289000.0,189.24,25465459000.0,11341709.0,2245.292927194658
7649.T,2022-02-28,,,,,
7649.T,2023-02-28,19007000000.0,51.91,216537000000.0,361899006.0,598.3354372628479
7649.T,2024-02-29,21979000000.0,60.73,233361000000.0,361916268.0,644.792789474719
7649.T,2025-02-28,25689000000.0,70.98,250704000000.0,361931792.0,692.6830014424376
7649.T,2026-02-28,44982000000.0,248.56,290457000000.0,361945660.0,802.4878651673845
7678.T,2022-03-31,60120000.0,11.29,2412372000.0,5326521.0,452.8982425864838
7678.T,2023-03-31,-12175000.0,-2.29,2372289000.0,5313441.0,446.46943477870553
7678.T,2025-01-31,567974000.0,106.89,3070888000.0,5314292.0,577.8545853332862
7678.T,2026-01-31,325147000.0,30.59,3395653000.0,5314201.0,638.9771482109917
7679.T,2022-02-28,,150.16,,,
7679.T,2023-02-28,3240000000.0,164.96,29940000000.0,19595019.0,1527.9393196811905
7679.T,2024-02-29,3825000000.0,195.22,33313000000.0,19594990.0,1700.077417748108
7679.T,2025-02-28,4275000000.0,,37066000000.0,19594990.0,1891.6059666271838
7679.T,2026-02-28,4028000000.0,206.51,40227000000.0,19450990.0,2068.1209542547704
7685.T,2021-12-31,,,,,
7685.T,2022-12-31,2268836000.0,39.57,8238939000.0,58186704.0,141.59487363298666
7685.T,2023-12-31,1453346000.0,25.025,8610640000.0,57142044.0,150.68834429513933
7685.T,2024-12-31,2411292000.0,41.985,12494610000.0,58473848.0,213.67860038901495
7685.T,2025-12-31,5270087000.0,87.69,21429526000.0,61697662.0,347.3312489539717
7701.T,2022-03-31,,,,,
7701.T,2023-03-31,52048000000.0,176.64,423498000000.0,294670982.0,1437.1893598942838
7701.T,2024-03-31,57037000000.0,193.54,492329000000.0,294722025.0,1670.4859434920074
7701.T,2025-03-31,53776000000.0,183.55,498057000000.0,288917956.0,1723.870011042166
7701.T,2026-03-31,60499000000.0,209.382408,565155000000.0,288940225.0,1955.9581916986463
7715.T,2022-03-31,,,,,
7715.T,2023-03-31,3410660000.0,179.13,32507594000.0,19042228.0,1707.1318545287872
7715.T,2024-03-31,5409777000.0,283.56,39766116000.0,19103302.0,2081.6357297811655
7715.T,2025-03-31,6054539000.0,316.94,43782349000.0,19103132.0,2291.8937585732015
7715.T,2026-03-31,5397495000.0,285.75,48074643000.0,18572791.0,2588.4447307892497
7716.T,2021-12-31,,,,,
7716.T,2022-12-31,12471540000.0,145.48,91016226000.0,85154347.0,1068.8382825600202
7716.T,2023-12-31,22799807000.0,267.62,113154516000.0,85294788.0,1326.6287267165726
7716.T,2024-12-31,8577872000.0,101.37,121189536000.0,84457082.0,1434.924498101888
7716.T,2025-12-31,-2398213000.0,-28.7,114074440000.0,83044782.0,1373.6497014345825
7717.T,2023-03-31,260000000.0,26.92,33602000000.0,9669646.0,3474.9979471844163
7717.T,2024-03-31,778000000.0,80.65,34370000000.0,9624514.0,3571.089407735289
7717.T,2025-03-31,800000000.0,84.07,33498000000.0,9450214.0,3544.681633664592
7717.T,2026-03-31,2301000000.0,243.48,36164000000.0,9453288.0,3825.5472593239515
7721.T,2022-03-31,,,,,
7721.T,2023-03-31,873000000.0,53.16,32926000000.0,16414439.0,2005.9168638050926
7721.T,2024-03-31,2277000000.0,138.62,36850000000.0,16424506.0,2243.59868114146
7721.T,2025-03-31,3797000000.0,231.15,40419000000.0,16429259.0,2460.183992473428
7721.T,2026-03-31,4005000000.0,243.75,45520000000.0,16432986.0,2770.038263283374
7723.T,2022-03-31,,,,,
7723.T,2023-03-31,3458000000.0,225.41,38397000000.0,15293784.0,2510.6278472351905
7723.T,2024-03-31,3174000000.0,206.94,44158000000.0,15356884.0,2875.453119265601
7723.T,2025-03-31,3533000000.0,229.87,46787000000.0,15382378.0,3041.5973395010838
7723.T,2026-03-31,4801000000.0,312.16,52583000000.0,15341653.0,3427.466388400259
7729.T,2022-03-31,,,,,
7729.T,2023-03-31,23630000000.0,581.33,145358000000.0,40373729.0,3600.311479774385
7729.T,2024-03-31,19378000000.0,480.49,157640000000.0,40399323.0,3902.045586258958
7729.T,2025-03-31,25637000000.0,633.75,175170000000.0,40464792.0,4328.948484400958
7729.T,2026-03-31,24739000000.0,610.02,191696000000.0,40587595.0,4723.0194348790565
7730.T,2022-08-31,5290000000.0,53.75,45413000000.0,98426532.0,461.38982119170873
7730.T,2023-08-31,5953000000.0,60.46,49826000000.0,98496992.0,505.86316382128706
7730.T,2024-08-31,6286000000.0,63.82,52330000000.0,98518671.0,531.1683508195111
7730.T,2025-08-31,4643000000.0,52.46,53561000000.0,98502603.0,543.7521280529003
7731.T,2022-03-31,,,,,
7731.T,2023-03-31,44944000000.0,125.46,614966000000.0,346173290.0,1776.4686582260579
7731.T,2024-03-31,32570000000.0,94.03,683795000000.0,346457209.0,1973.678082709487
7731.T,2025-03-31,6123000000.0,17.86,637977000000.0,328828164.0,1940.1531554943085
7731.T,2026-03-31,-86088000000.0,-261.57,586785000000.0,329409077.0,1781.3261411736994
7733.T,2022-03-31,,90.22,,,
7733.T,2023-03-31,143432000000.0,113.22,640085000000.0,1253537482.0,510.62294442026104
7733.T,2024-03-31,242566000000.0,199.91,757186000000.0,1165631793.0,649.5927826841628
7733.T,2025-03-31,117855000000.0,102.99,751733000000.0,1127810664.0,666.5418442966594
7733.T,2026-03-31,68172000000.0,,812040000000.0,1101102516.0,737.479015986555
7734.T,2022-03-31,,,,,
7734.T,2023-03-31,8670194000.0,186.21,63383633000.0,46566870.0,1361.1314868274376
7734.T,2024-03-31,8378667000.0,179.91,72453650000.0,46574524.0,1555.649822636942
7734.T,2025-03-31,8007557000.0,172.1,77499489000.0,45938542.0,1687.0254393358848
7734.T,2026-03-31,9957363000.0,219.056017,85379257000.0,45455784.0,1878.2924742866605
7735.T,2022-03-31,,,,,
7735.T,2023-03-31,57491000000.0,304.08,299886000000.0,189639464.0,1581.3480679316833
7735.T,2024-03-31,70579000000.0,371.05,371865000000.0,194130508.0,1915.541270823852
7735.T,2025-03-31,99467000000.0,371.05,420639000000.0,191267386.0,2199.2196829625727
7735.T,2026-03-31,92003000000.0,486.63,486568000000.0,189087830.0,2573.2380555639143
7740.T,2021-12-31,,,,,
7740.T,2022-12-31,8350000000.0,50.00375,60573000000.0,167146072.0,362.3955937175718
7740.T,2023-12-31,10812000000.0,64.64,70732000000.0,167337368.0,422.6910034822587
7740.T,2024-12-31,14526000000.0,87.9,82333000000.0,164872736.0,499.37304370323545
7740.T,2025-12-31,11761000000.0,72.79,85911000000.0,161229449.0,532.8493059602281
7741.T,2022-03-31,,446.45,,,
7741.T,2023-03-31,168638000000.0,469.76,818321000000.0,353988451.0,2311.716661061352
7741.T,2024-03-31,181376000000.0,515.48,967758000000.0,350521475.0,2760.9092994944176
7741.T,2025-03-31,202102000000.0,,974023000000.0,342757663.0,2841.7249419745285
7741.T,2026-03-31,253084000000.0,743.93,1020460000000.0,335488796.0,3041.711115741701
7744.T,2021-12-31,,,,,
7744.T,2022-12-31,101554000000.0,949.503333,192544000000.0,106972593.0,1799.9376718857325
7744.T,2023-12-31,10199000000.0,95.293333,205374000000.0,107049312.0,1918.4990184710389
7744.T,2024-12-31,16120000000.0,150.536667,222246000000.0,107101674.0,2075.0936161838144
7744.T,2025-12-31,15639000000.0,146.95,228473000000.0,107397553.0,2127.357594450965
7745.T,2022-03-31,,,,,
7745.T,2023-03-31,5524000000.0,201.33,32501000000.0,27451521.0,1183.9416839598796
7745.T,2024-03-31,5299000000.0,192.91,37672000000.0,27484041.0,1370.686355765515
7745.T,2025-03-31,6468000000.0,235.63,42708000000.0,27373761.0,1560.1802032245405
7745.T,2026-03-31,5923000000.0,216.33,49478000000.0,27387321.0,1806.6024055437915
7747.T,2022-06-30,10857000000.0,40.01,119457000000.0,271625722.0,439.7853013346063
7747.T,2023-06-30,13106000000.0,48.25,132311000000.0,271625688.0,487.10783201035093
7747.T,2024-06-30,15808000000.0,58.2,151214000000.0,271625645.0,556.7000126221513
7747.T,2025-06-30,12737000000.0,46.92,150555000000.0,269668923.0,558.2956995011249
7749.T,2022-03-31,,,,,
7749.T,2023-03-31,2864589000.0,170.67,47291980000.0,16786880.0,2817.1989077184085
7749.T,2024-03-31,3069466000.0,187.95,44128536000.0,14795507.0,2982.563287625088
7749.T,2025-03-31,3013544000.0,204.55,45156021000.0,14615607.0,3089.5754791436307
7749.T,2026-03-31,3006084000.0,206.37,46781029000.0,14478087.0,3231.160926163795
7751.T,2021-12-31,,,,,
7751.T,2022-12-31,243961000000.0,236.71,3113105000000.0,1015513368.0,3065.548025360903
7751.T,2023-12-31,264513000000.0,264.2,3353022000000.0,987798712.0,3394.438522005281
7751.T,2024-12-31,160025000000.0,165.53,3380273000000.0,943991866.0,3580.828523791539
7751.T,2025-12-31,332053000000.0,367.48,3491808000000.0,878624893.0,3974.173766096563
7752.T,2022-03-31,,45.35,,,
7752.T,2023-03-31,54367000000.0,88.13,931556000000.0,609074807.0,1529.460731742267
7752.T,2024-03-31,44176000000.0,72.58,1038722000000.0,603182383.0,1722.0695253627791
7752.T,2025-03-31,45709000000.0,78.11,1030107000000.0,569150384.0,1809.9030220455759
7752.T,2026-03-31,55669000000.0,,1156141000000.0,569231386.0,2031.0563128365518
7760.T,2022-09-30,1065888000.0,65.42,8275615000.0,16293531.0,507.9080157640477
7760.T,2023-09-30,1126156000.0,69.11,9243329000.0,16297290.0,567.1696950842747
7760.T,2024-09-30,1428000000.0,,10216000000.0,15905846.0,642.2795744407433
7760.T,2025-09-30,1935000000.0,121.68,11883000000.0,15912186.0,746.7861423942632
7762.T,2023-03-31,21836000000.0,75.25,224178000000.0,258665810.0,866.6703960604611
7762.T,2024-03-31,22958000000.0,93.6,247657000000.0,243821399.0,1015.7311910100228
7762.T,2025-03-31,23876000000.0,97.91,255917000000.0,243868270.0,1049.4067145348592
7762.T,2026-03-31,31100000000.0,127.48,293182000000.0,243993866.0,1201.595781100497
7769.T,2022-03-31,,,,,
7769.T,2023-03-31,794000000.0,96.16,28871000000.0,8257065.0,3496.5208581984034
7769.T,2024-03-31,477000000.0,57.86,31144000000.0,8255180.0,3772.6615288824714
7769.T,2025-03-31,758000000.0,91.93,31307000000.0,8253927.0,3792.9824191563603
7769.T,2026-03-31,2311000000.0,287.91,33935000000.0,7961648.0,4262.308506982474
7774.T,2022-03-31,,,,,
7774.T,2023-03-31,-729317000.0,-17.96,5937174000.0,40609955.0,146.1999650085798
7774.T,2024-03-31,143169000.0,3.53,6080343000.0,40609954.0,149.7254343110066
7774.T,2025-03-31,-255304000.0,-6.29,5825036000.0,40609950.0,143.43864003772475
7774.T,2026-03-31,-734751000.0,-18.09,5090284000.0,40609950.0,125.34573423508279
7777.T,2022-04-30,,,,,
7777.T,2023-04-30,-2445978000.0,-40.64,524771000.0,64384263.0,8.15060972275166
7777.T,2024-04-30,-255505000.0,-3.49,353307000.0,81640463.0,4.327596721248384
7777.T,2025-04-30,-2501245000.0,-22.678152,2216194000.0,110293160.0,20.093666733277022
7777.T,2026-04-30,4155851000.0,34.89,6796420000.0,127971635.0,53.10880024311638
7779.T,2023-03-31,-298000000.0,-1.39,42101000000.0,211134136.0,199.40404141943205
7779.T,2024-03-31,-1476000000.0,-6.99,40752000000.0,211131235.0,193.01739034491982
7779.T,2025-03-31,-577000000.0,-2.73,39575000000.0,211131056.0,187.44281750762426
7779.T,2026-03-31,153000000.0,0.73,39622000000.0,211131005.0,187.66547338700917
7780.T,2022-03-31,,,,,
7780.T,2023-03-31,7377000000.0,97.25,74611000000.0,75974569.0,982.0522969995394
7780.T,2024-03-31,4538000000.0,59.65,81747000000.0,76209555.0,1072.6607706868253
7780.T,2025-03-31,5597000000.0,74.03,86069000000.0,75931864.0,1133.5030574252728
7780.T,2026-03-31,5916000000.0,63.83,95042000000.0,74196464.0,1280.9505315509375
7803.T,2022-06-30,3508304000.0,27.405,15580917000.0,129628700.0,120.19650740923885
7803.T,2023-06-30,2050725000.0,14.565,21740909000.0,142513046.0,152.55381602046455
7803.T,2024-06-30,804846000.0,5.69,22402577000.0,140264168.0,159.71703478824327
7803.T,2025-06-30,3418196000.0,24.85,24187174000.0,135504166.0,178.49764117215406
7806.T,2022-09-30,2685000000.0,68.5,40848000000.0,39392027.0,1036.9611089066323
7806.T,2023-09-30,1984000000.0,50.35,41931000000.0,39418615.0,1063.7360039159164
7806.T,2024-09-30,2279000000.0,57.68,44458000000.0,39994130.0,1111.613129226714
7806.T,2025-09-30,7934000000.0,201.68,50994000000.0,39280179.0,1298.2120066204382
7818.T,2022-08-31,2195285000.0,75.43,13354352000.0,29104535.0,458.8409332085189
7818.T,2023-08-31,3305231000.0,113.5,16236654000.0,29128535.0,557.4140271730109
7818.T,2024-08-31,3763601000.0,,18148571000.0,28839344.0,629.2990228903958
7818.T,2025-08-31,4078402000.0,70.87,19663354000.0,56478688.0,348.1552900095696
7821.T,2023-06-30,5258000000.0,84.73,43428000000.0,60718102.0,715.2397484361418
7821.T,2024-06-30,7979000000.0,127.29,62522000000.0,67997926.0,919.4692202818069
7821.T,2025-06-30,9489000000.0,139.93,68444000000.0,67064837.0,1020.5646216660454
7821.T,2026-06-30,9571000000.0,142.66,76178000000.0,66686037.0,1142.3380879568538
7826.T,2022-06-30,9142000000.0,,36533000000.0,20933358.0,1745.2049499177342
7826.T,2023-06-30,9406000000.0,449.17,44217000000.0,20945127.0,2111.087700733445
7826.T,2024-06-30,7410000000.0,322.47,60369000000.0,24553389.0,2458.6829948403456
7826.T,2025-06-30,6468000000.0,263.29,64518000000.0,24576041.0,2625.2397609525474
7826.T,2026-06-30,,652.0,,,
7832.T,2022-03-31,,,,,
7832.T,2023-03-31,90345000000.0,136.88,651851000000.0,660050352.0,987.5776871034833
7832.T,2024-03-31,101493000000.0,153.85,699516000000.0,654186244.0,1069.291820816703
7832.T,2025-03-31,129301000000.0,197.88,792853000000.0,647217534.0,1225.0178005838761
7832.T,2026-03-31,140651000000.0,217.49,860779000000.0,641365963.0,1342.10271460882
7839.T,2022-09-30,6018609000.0,112.18,22877383000.0,53663716.0,426.31007886222415
7839.T,2023-09-30,7068677000.0,131.73,27130337000.0,53299308.0,509.01855986573037
7839.T,2024-09-30,7377548000.0,139.9,29532829000.0,52524875.0,562.2636703085918
7839.T,2025-09-30,6318367000.0,120.22,32223453000.0,52577374.0,612.8768051443574
7840.T,2022-03-31,,,,,
7840.T,2023-03-31,2702000000.0,74.8,38124000000.0,36020500.0,1058.397301536625
7840.T,2024-03-31,3134000000.0,87.28,38211000000.0,34537663.0,1106.3574278317558
7840.T,2025-03-31,2946000000.0,85.28,40606000000.0,34557580.0,1175.0244085378663
7840.T,2026-03-31,2746000000.0,82.04,40162000000.0,33372544.0,1203.444364325357
7846.T,2021-12-31,,,,,
7846.T,2022-12-31,15773000000.0,133.286667,116554000000.0,118348302.0,984.8388023344855
7846.T,2023-12-31,13661000000.0,115.436667,130408000000.0,118348302.0,1101.9000509191928
7846.T,2024-12-31,15181000000.0,129.51,139850000000.0,115620156.0,1209.5641870609481
7846.T,2025-12-31,12064000000.0,105.673333,145442000000.0,111597453.0,1303.273471662476
7860.T,2022-03-31,,,,,
7860.T,2023-03-31,2742000000.0,60.8,58073000000.0,45148498.0,1286.2664888652553
7860.T,2024-03-31,987000000.0,21.83,55189000000.0,45252854.0,1219.569488368623
7860.T,2025-03-31,1138000000.0,26.11,50108000000.0,42381820.0,1182.2993915787476
7860.T,2026-03-31,3553000000.0,83.68,51571000000.0,42508472.0,1213.1934547070994
7864.T,2023-03-31,6869000000.0,125.43,120569000000.0,54770520.0,2201.348462640121
7864.T,2024-03-31,10277000000.0,187.77,132142000000.0,54253146.0,2435.6559894240972
7864.T,2025-03-31,12199000000.0,224.93,145267000000.0,53645666.0,2707.898155276887
7864.T,2026-03-31,20655000000.0,387.43,161263000000.0,53343865.0,3023.0842853250324
7867.T,2022-03-31,,,,,
7867.T,2023-03-31,8314000000.0,90.66,87165000000.0,91555850.0,952.041841127574
7867.T,2024-03-31,9808000000.0,107.73,99996000000.0,90543809.0,1104.3935648874678
7867.T,2025-03-31,16350000000.0,182.2,106397000000.0,89650819.0,1186.7933967229012
7867.T,2026-03-31,11679000000.0,131.38,111164000000.0,87770556.0,1266.5295181678011
7868.T,2022-03-31,,,,,
7868.T,2023-03-31,4042000000.0,28.34,41257000000.0,142659290.0,289.19953267677135
7868.T,2024-03-31,4336000000.0,31.66,46741000000.0,143953250.0,324.6956911358375
7868.T,2025-03-31,4462000000.0,31.18,47757000000.0,141236550.0,338.13485248683855
7868.T,2026-03-31,4738000000.0,34.26,49379000000.0,147869750.0,333.93577793970707
7874.T,2023-03-31,942000000.0,27.24,34637000000.0,34667848.0,999.1101841683395
7874.T,2024-03-31,796000000.0,22.87,35764000000.0,34871048.0,1025.6072602119673
7874.T,2025-03-31,1667000000.0,50.92,34576000000.0,32501848.0,1063.8164328379112
7874.T,2026-03-31,2978000000.0,91.22,37684000000.0,32745348.0,1150.8199576929217
7906.T,2022-03-31,,,,,
7906.T,2023-03-31,7331000000.0,84.05,52923000000.0,87151800.0,607.2507968854344
7906.T,2024-03-31,8859000000.0,102.45,60701000000.0,86521917.0,701.5679044651773
7906.T,2025-03-31,10591000000.0,122.96,69201000000.0,85443073.0,809.9076679978493
7906.T,2026-03-31,12092000000.0,141.42,80492000000.0,85551553.0,940.8596007602574
7911.T,2023-03-31,60866000000.0,185.07,1325117000000.0,326398240.0,4059.816621560214
7911.T,2024-03-31,74198000000.0,230.96,1416517000000.0,313655498.0,4516.155492354864
7911.T,2025-03-31,90144000000.0,308.850021,1293557000000.0,289292517.0,4471.44991309955
7911.T,2026-03-31,64801000000.0,227.07,1337192000000.0,281939915.0,4742.826144357744
7912.T,2022-03-31,,,,,
7912.T,2023-03-31,85692000000.0,160.655,1087502000000.0,523032692.0,2079.2237591144685
7912.T,2024-03-31,110929000000.0,221.56,1165926000000.0,479196270.0,2433.0865513623467
7912.T,2025-03-31,110682000000.0,238.9,1135846000000.0,451669980.0,2514.7697440507336
7912.T,2026-03-31,103959000000.0,235.48,1190503000000.0,431432864.0,2759.4165844537984
7914.T,2022-03-31,,,,,
7914.T,2023-03-31,1253000000.0,39.8375,57689000000.0,30460136.0,1893.91800483097
7914.T,2024-03-31,1495000000.0,49.81,63081000000.0,29128676.0,2165.597914577374
7914.T,2025-03-31,3310000000.0,115.0,62892000000.0,28156848.0,2233.63069616315
7914.T,2026-03-31,3960000000.0,141.15,65234000000.0,27646282.0,2359.5939591443075
7915.T,2022-12-31,10140000000.0,203.65,111553000000.0,49808566.0,2239.6348451388862
7915.T,2023-12-31,-2988000000.0,-61.13,110913000000.0,48611142.0,2281.6374073252587
7915.T,2024-12-31,3851000000.0,79.93,114297000000.0,47742899.0,2394.0104684468365
7915.T,2025-12-31,1001000000.0,21.13,115316000000.0,47386126.0,2433.539302199973
7917.T,2022-03-31,,,,,
7917.T,2023-03-31,4854000000.0,63.92,82449000000.0,75243040.0,1095.769123629242
7917.T,2024-03-31,4532000000.0,60.3575,85957000000.0,74364268.0,1155.8911599855996
7917.T,2025-03-31,6530000000.0,87.81,92000000000.0,74041792.0,1242.5415095301853
7917.T,2026-03-31,7707000000.0,106.14,95196000000.0,71628770.0,1329.0190519814873
7921.T,2022-05-31,,,,,
7921.T,2023-05-31,2595625000.0,197.66,24762895000.0,13061523.0,1895.8658190166645
7921.T,2024-05-31,3014205000.0,231.76,27645183000.0,12977508.0,2130.238178238842
7921.T,2025-05-31,4075516000.0,314.0,30335467000.0,12980011.0,2337.0910086285753
7921.T,2026-05-31,3382218000.0,261.92,32425758000.0,12907705.0,2512.12419248813
7931.T,2022-03-31,,,,,
7931.T,2023-03-31,2742000000.0,159.4,49380000000.0,17210086.0,2869.2477190410323
7931.T,2024-03-31,5116000000.0,304.53,50132000000.0,16117566.0,3110.3952048342785
7931.T,2025-03-31,4833000000.0,299.64,52684000000.0,16143086.0,3263.56435194609
7931.T,2026-03-31,4696000000.0,290.562036,55450000000.0,16161781.0,3430.933756620016
7932.T,2022-03-31,,397.95,,,
7932.T,2023-03-31,1169000000.0,406.79,34461000000.0,2876024.0,11982.167047284724
7932.T,2024-03-31,2548000000.0,886.04,37617000000.0,2875862.0,13080.252112236261
7932.T,2025-03-31,2457000000.0,854.46,39835000000.0,2875760.0,13851.990430355801
7932.T,2026-03-31,2832000000.0,,41107000000.0,2799931.0,14681.433221032947
7936.T,2021-12-31,,,,,
7936.T,2022-12-31,19887000000.0,27.15,170908000000.0,732679704.0,233.2642750535369
7936.T,2023-12-31,35272000000.0,48.13,205078000000.0,732943880.0,279.80041255000316
7936.T,2024-12-31,63806000000.0,88.3,233287000000.0,715741730.0,325.93740202908106
7936.T,2025-12-31,98719000000.0,108.23,271759000000.0,708635365.0,383.49624281029213
7937.T,2022-03-31,,,,,
7937.T,2023-03-31,909000000.0,58.2,66534000000.0,15627106.0,4257.60214335271
7937.T,2024-03-31,1155000000.0,73.97,66910000000.0,15626926.0,4281.712219025034
7937.T,2025-03-31,1986000000.0,127.13,67799000000.0,15626701.0,4338.663675717607
7937.T,2026-03-31,3691000000.0,236.2,70104000000.0,15626641.0,4486.184842923057
7942.T,2022-03-31,,,,,
7942.T,2023-03-31,2531000000.0,84.91,91710000000.0,29808173.0,3076.6729648274654
7942.T,2024-03-31,6391000000.0,221.83,95280000000.0,26207793.0,3635.559850461273
7942.T,2025-03-31,5066000000.0,193.31,101033000000.0,26207280.0,3855.150172013273
7942.T,2026-03-31,6602000000.0,251.92,108628000000.0,26207054.0,4144.990886804751
7943.T,2023-03-31,9037000000.0,247.21,119882000000.0,36338264.0,3299.0568839502075
7943.T,2024-03-31,8066000000.0,223.57,126686000000.0,35438933.0,3574.7690259184724
7943.T,2025-03-31,2706000000.0,78.49,124687000000.0,34024620.0,3664.6110963179017
7943.T,2026-03-31,2486000000.0,74.31,121656000000.0,33203851.0,3663.9123576358656
7944.T,2021-12-31,,,,,
7944.T,2022-12-31,8938000000.0,326.98,33559000000.0,27242614.0,1231.8568254867173
7944.T,2023-12-31,8151000000.0,297.97,39875000000.0,27440152.0,1453.1625043476436
7944.T,2024-12-31,5976000000.0,216.49,46419000000.0,27649845.0,1678.8159210295753
7944.T,2025-12-31,2168000000.0,81.69,41076000000.0,26372292.0,1557.5438039287599
7947.T,2022-03-31,,136.96,,,
7947.T,2023-03-31,11529000000.0,140.87,139431000000.0,81847828.0,1703.539402413953
7947.T,2024-03-31,11724000000.0,145.059512,145131000000.0,80822001.0,1795.6867957278118
7947.T,2025-03-31,12486000000.0,,153428000000.0,80850730.0,1897.6699406424655
7947.T,2026-03-31,14869000000.0,183.87,164443000000.0,80876774.0,2033.253700252683
7949.T,2023-03-31,1627000000.0,87.64,36221000000.0,18575102.0,1949.9758332417232
7949.T,2024-03-31,2775000000.0,149.04,38063000000.0,18645686.0,2041.3837281181288
7949.T,2025-03-31,2650000000.0,145.64,37786000000.0,17545510.0,2153.5994109034164
7949.T,2026-03-31,3048000000.0,173.32,39233000000.0,17600864.0,2229.0383017560957
7951.T,2022-03-31,,,,,
7951.T,2023-03-31,38183000000.0,74.213333,456837000000.0,511324101.0,893.4392083349109
7951.T,2024-03-31,29642000000.0,58.56,510592000000.0,498022008.0,1025.2398323730304
7951.T,2025-03-31,13351000000.0,27.58,448834000000.0,453085966.0,990.6155424818432
7951.T,2026-03-31,23720000000.0,52.7,478347000000.0,439896956.0,1087.4069335455915
7955.T,2022-03-31,,,,,
7955.T,2023-03-31,2523000000.0,68.41,55857000000.0,36891020.0,1514.1083114535732
7955.T,2024-03-31,1468000000.0,39.95,56668000000.0,36065119.0,1571.2689038957558
7955.T,2025-03-31,1719000000.0,47.67,57096000000.0,36065069.0,1583.1385210991832
7955.T,2026-03-31,3475000000.0,96.73,60443000000.0,35264734.0,1713.9786167109612
7956.T,2021-12-31,,,,,
7956.T,2022-12-31,8581000000.0,71.72,76695000000.0,119656998.0,640.957079668671
7956.T,2023-12-31,7423000000.0,62.06,77581000000.0,119589705.0,648.726410019993
7956.T,2024-12-31,8371000000.0,70.0,81143000000.0,119589217.0,678.5143513398871
7956.T,2025-12-31,8570000000.0,71.65,82915000000.0,119630063.0,693.0950124133931
7965.T,2021-11-30,,,,,
7965.T,2022-11-30,3658000000.0,54.09,80459000000.0,67631209.0,1189.672655415638
7965.T,2023-11-30,4441000000.0,65.64,84479000000.0,67671119.0,1248.375987398701
7965.T,2024-11-30,6462000000.0,96.63,86464000000.0,65598483.0,1318.0792610707172
7965.T,2025-11-30,5980000000.0,92.3,88710000000.0,63495309.0,1397.1110842219855
7966.T,2022-03-31,,,,,
7966.T,2023-03-31,11512000000.0,167.85,226432000000.0,68358849.0,3312.4021734186895
7966.T,2024-03-31,5243000000.0,76.66,232215000000.0,68403509.0,3394.7819840645893
7966.T,2025-03-31,14476000000.0,214.950649,245364000000.0,67345691.0,3643.3511388278725
7966.T,2026-03-31,17374000000.0,264.48,257478000000.0,65481432.0,3932.076500709392
7970.T,2023-03-31,8529000000.0,105.68,105125000000.0,80932459.0,1298.9225991514727
7970.T,2024-03-31,8674000000.0,107.31,112965000000.0,80741095.0,1399.1016594461594
7970.T,2025-03-31,9430000000.0,116.99,123151000000.0,80442791.0,1530.9140628897374
7970.T,2026-03-31,9899000000.0,123.15,129551000000.0,80371721.0,1611.8977967387311
7971.T,2022-03-31,,11.79,,,
7971.T,2023-03-31,2562000000.0,42.57,40612000000.0,60186261.0,674.7719383996956
7971.T,2024-03-31,3689000000.0,61.69,45431000000.0,59185212.0,767.6072867661604
7971.T,2025-03-31,3507000000.0,59.62,48045000000.0,58245777.0,824.8666680161207
7971.T,2026-03-31,4459000000.0,,51805000000.0,56744993.0,912.9439843265114
7972.T,2021-12-31,,25.82,,,
7972.T,2022-12-31,5294000000.0,116.99,49870000000.0,45282778.0,1101.30169134058
7972.T,2023-12-31,5905000000.0,130.29,54959000000.0,45348263.0,1211.9317557984525
7972.T,2024-12-31,7183000000.0,,49258000000.0,49204132.0,1001.0947861045491
7972.T,2025-12-31,9382000000.0,190.17,56708000000.0,49407851.0,1147.7528136166052
7974.T,2023-03-31,432768000000.0,371.41,2266234000000.0,1164229360.0,1946.5528682423883
7974.T,2024-03-31,490602000000.0,421.39,2603761000000.0,1164238490.0,2236.4498531568047
7974.T,2025-03-31,278806000000.0,239.47,2724326000000.0,1164248184.0,2339.9873303989625
7974.T,2026-03-31,424056000000.0,364.51,2954023000000.0,1152828705.0,2562.412774064296
7976.T,2021-12-31,,,,,
7976.T,2022-12-31,6951000000.0,125.73,103087000000.0,54980770.0,1874.9646467301204
7976.T,2023-12-31,10166000000.0,186.77,114663000000.0,54342623.0,2110.0012047633404
7976.T,2024-12-31,11272000000.0,204.8,128357000000.0,55316579.0,2320.407413480866
7976.T,2025-12-31,6235000000.0,114.27,138526000000.0,54090835.0,2560.9883818580356
7979.T,2022-03-31,,,,,
7979.T,2023-03-31,3135000000.0,88.05,35440000000.0,35404178.0,1001.0118014885136
7979.T,2024-03-31,3655000000.0,103.09,41526000000.0,35485950.0,1170.2096181728261
7979.T,2025-03-31,4317000000.0,121.52,42655000000.0,35545258.0,1200.0194231253013
7979.T,2026-03-31,4887000000.0,137.38,48594000000.0,35589321.0,1365.4095845211546
7981.T,2023-03-31,8417000000.0,117.79,181514000000.0,70358447.0,2579.846596102384
7981.T,2024-03-31,9500000000.0,137.3,187396000000.0,68337190.0,2742.2257192606253
7981.T,2025-03-31,11090000000.0,163.15,194506000000.0,67242667.0,2892.597939341103
7981.T,2026-03-31,15073000000.0,231.89,196324000000.0,63231130.0,3104.8630634941997
7984.T,2022-12-31,18237000000.0,39.445,237743000000.0,462110268.0,514.4724462171007
7984.T,2023-12-31,19069000000.0,41.4,251840000000.0,455961432.0,552.3274170259207
7984.T,2024-12-31,21787000000.0,48.0375,260551000000.0,453254520.0,574.8447913988812
7984.T,2025-12-31,21473000000.0,48.3,251677000000.0,430240626.0,584.9680034632527
7988.T,2022-03-31,,,,,
7988.T,2023-03-31,21170000000.0,211.28,223551000000.0,99931041.0,2237.052649136318
7988.T,2024-03-31,18252000000.0,183.26,243696000000.0,99226036.0,2455.9683105752606
7988.T,2025-03-31,44767000000.0,461.95,274967000000.0,95198203.0,2888.363344421533
7988.T,2026-03-31,34079000000.0,361.44,296457000000.0,93125689.0,3183.407319542087
7989.T,2021-12-31,,147.4,,,
7989.T,2022-12-31,2520390000.0,129.74,43871222000.0,19179991.0,2287.3432005260065
7989.T,2023-12-31,2708557000.0,143.2,46019743000.0,18575279.0,2477.4725052581985
7989.T,2024-12-31,2802387000.0,,52988715000.0,20101703.0,2636.0311362674097
7989.T,2025-12-31,3239715000.0,161.17,56353006000.0,20101146.0,2803.4722995395387
7990.T,2022-03-31,,,,,
7990.T,2023-03-31,9188000000.0,400.04,47296000000.0,22971596.0,2058.8904662958553
7990.T,2024-03-31,5582000000.0,242.98,54261000000.0,22978819.0,2361.3485096862464
7990.T,2025-03-31,4783000000.0,208.1,61019000000.0,22988676.0,2654.3068422035267
7990.T,2026-03-31,5409000000.0,240.06,64673000000.0,21798947.0,2966.7946804953467
7994.T,2023-03-31,15906000000.0,163.15,150755000000.0,94648948.0,1592.7805135245667
7994.T,2024-03-31,20280000000.0,214.27,172354000000.0,94643572.0,1821.0851128907095
7994.T,2025-03-31,22045000000.0,232.93,185141000000.0,94637831.0,1956.3106851001266
7994.T,2026-03-31,22416000000.0,236.8,204128000000.0,94673559.0,2156.1247105963344
7995.T,2023-03-31,6746000000.0,381.56,45193000000.0,17551070.0,2574.942724289744
7995.T,2024-03-31,4909000000.0,279.45,48214000000.0,17579118.0,2742.6859527309616
7995.T,2025-03-31,4676000000.0,265.8,50485000000.0,17595940.0,2869.127764700266
7995.T,2026-03-31,5128000000.0,291.16,53479000000.0,17620367.0,3035.067317269839
8001.T,2022-03-31,,,,,
8001.T,2023-03-31,800519000000.0,109.220426,4823259000000.0,7276321045.0,662.8705591975429
8001.T,2024-03-31,801770000000.0,110.600431,5426962000000.0,7194180695.0,754.354419228276
8001.T,2025-03-31,880251000000.0,123.13048,5755072000000.0,7088943130.0,811.8378007075365
8001.T,2026-03-31,900283000000.0,128.0,6589966000000.0,6989912686.0,942.7823058790065
8002.T,2022-03-31,,242.89,,,
8002.T,2023-03-31,543001000000.0,316.11,2877747000000.0,1696028343.0,1696.7564320946021
8002.T,2024-03-31,471412000000.0,279.62,3459682000000.0,1674381602.0,2066.244633760614
8002.T,2025-03-31,502965000000.0,,3629236000000.0,1658699984.0,2188.0002622583975
8002.T,2026-03-31,543852000000.0,,4363719000000.0,1638396915.0,2663.4077249834177
8005.T,2022-03-31,,,,,
8005.T,2023-03-31,4170000000.0,119.39,31997000000.0,34971869.0,914.9353727706117
8005.T,2024-03-31,3649000000.0,105.05,33382000000.0,34250052.0,974.655454537704
8005.T,2025-03-31,4267000000.0,124.15,36469000000.0,34413739.0,1059.7221069178213
8005.T,2026-03-31,2768000000.0,80.71,37693000000.0,33811901.0,1114.7849983353494
8008.T,2022-02-28,,,,,
8008.T,2023-02-28,1149000000.0,53.61,38212000000.0,21434356.0,1782.745420482892
8008.T,2024-02-29,1300000000.0,60.65,38593000000.0,21449660.0,1799.2359785656276
8008.T,2025-02-28,1377000000.0,64.18,38933000000.0,21465960.0,1813.7087742639976
8008.T,2026-02-28,1792000000.0,83.46,41065000000.0,21474780.0,1912.2431056336782
8011.T,2022-02-28,,54.59,,,
8011.T,2023-02-28,2155000000.0,178.68,36420000000.0,11657934.0,3124.0526837774173
8011.T,2024-02-29,2787000000.0,238.96,41242000000.0,11669982.0,3534.024302693869
8011.T,2025-02-28,4007000000.0,,39282000000.0,10669653.0,3681.6567511614485
8011.T,2026-02-28,4113000000.0,392.17,40901000000.0,10196318.0,4011.3499794729823
8012.T,2023-03-31,23625000000.0,49.885,367674000000.0,468486268.0,784.8127578416023
8012.T,2024-03-31,22402000000.0,48.74,394064000000.0,455060680.0,865.9592386668081
8012.T,2025-03-31,25521000000.0,57.5975,399052000000.0,433860252.0,919.7708205821076
8012.T,2026-03-31,33119000000.0,78.89,425445000000.0,407832532.0,1043.1855396959847
8014.T,2022-03-31,,276.82,,,
8014.T,2023-03-31,8124000000.0,330.16,72158000000.0,24607014.0,2932.4159363667613
8014.T,2024-03-31,9624000000.0,390.87,82054000000.0,24641298.0,3329.9382199752627
8014.T,2025-03-31,11658000000.0,,92008000000.0,24645938.0,3733.191246362788
8014.T,2026-03-31,12011000000.0,487.36,102327000000.0,24645478.0,4151.958424178261
8015.T,2022-03-31,,,,,
8015.T,2023-03-31,284155000000.0,269.193333,1914327000000.0,1055593548.0,1813.5076740730515
8015.T,2024-03-31,331444000000.0,313.98,2467130000000.0,1055624901.0,2337.1275134404964
8015.T,2025-03-31,362506000000.0,343.4,2624267000000.0,1055664195.0,2485.891832298054
8015.T,2026-03-31,370516000000.0,350.95,3157520000000.0,1055776369.0,2990.70910536737
8016.T,2022-02-28,,,,,
8016.T,2023-02-28,3061000000.0,22.57,74829000000.0,135717269.0,551.359458905705
8016.T,2024-02-29,6611000000.0,48.72,79873000000.0,135728115.0,588.4779288358937
8016.T,2025-02-28,8516000000.0,62.74,84286000000.0,135741504.0,620.9302056944941
8016.T,2026-02-28,10094000000.0,74.27,93585000000.0,136015098.0,688.0486164852082
8018.T,2022-03-31,,,,,
8018.T,2023-03-31,2206000000.0,51.93,39830000000.0,41588282.0,957.7216967029318
8018.T,2024-03-31,2227000000.0,55.51,47393000000.0,39883085.0,1188.2982472393999
8018.T,2025-03-31,2108000000.0,55.151785,50832000000.0,38221791.0,1329.921980893046
8018.T,2026-03-31,2069000000.0,54.29,55782000000.0,37633431.0,1482.2459318152523
8020.T,2023-03-31,18575000000.0,111.19,128525000000.0,166948348.0,769.8488876331978
8020.T,2024-03-31,23218000000.0,138.95,159318000000.0,167115362.0,953.3414408664596
8020.T,2025-03-31,27469000000.0,164.48,173942000000.0,166122764.0,1047.0690217988426
8020.T,2026-03-31,32523000000.0,195.52,208391000000.0,166410767.0,1252.2687309048938
8022.T,2023-03-31,9910000000.0,129.236667,123736000000.0,76690551.0,1613.4451817929955
8022.T,2024-03-31,14311000000.0,186.57,141453000000.0,76713426.0,1843.9145189526537
8022.T,2025-03-31,15243000000.0,595.97,156348000000.0,76737999.0,2037.426073619668
8022.T,2026-03-31,18376000000.0,239.73,173362000000.0,76043185.0,2279.7835203772697
8031.T,2023-03-31,1130630000000.0,360.91,6367750000000.0,3056197962.0,2083.5528585435263
8031.T,2024-03-31,1063684000000.0,360.91,7541848000000.0,2994700086.0,2518.3984317019185
8031.T,2025-03-31,900342000000.0,306.73,7546615000000.0,2873756823.0,2626.0450917770645
8031.T,2026-03-31,833971000000.0,291.12,8767744000000.0,2834188227.0,3093.5644698802143
8032.T,2022-03-31,,,,,
8032.T,2023-03-31,25392000000.0,185.104,118432000000.0,137185510.0,863.2981719425032
8032.T,2024-03-31,10357000000.0,185.104,127603000000.0,123146850.0,1036.1856596413145
8032.T,2025-03-31,7569000000.0,78.69,134070000000.0,123190213.0,1088.3169753103682
8032.T,2026-03-31,4720000000.0,39.5,128930000000.0,112530563.0,1145.7331818378977
8035.T,2022-03-31,,935.95,,,
8035.T,2023-03-31,471584000000.0,1007.82,1599522000000.0,468362733.0,3415.135080783637
8035.T,2024-03-31,363963000000.0,783.75,1760178000000.0,462969486.0,3801.9309117059174
8035.T,2025-03-31,544133000000.0,,1855206000000.0,458110451.0,4049.6915011441206
8035.T,2026-03-31,574454000000.0,1254.57,2069994000000.0,454849692.0,4550.940753412668
8037.T,2022-03-31,,,,,
8037.T,2023-03-31,8562000000.0,254.84,137074000000.0,33600969.0,4079.4656844568976
8037.T,2024-03-31,10111000000.0,300.93,151005000000.0,33600118.0,4494.180645437019
8037.T,2025-03-31,10690000000.0,326.38,158119000000.0,30599738.0,5167.331824867259
8037.T,2026-03-31,11900000000.0,388.91,173544000000.0,30599358.0,5671.491539136213
8043.T,2022-03-31,,,,,
8043.T,2023-03-31,7483000000.0,128.013333,70409000000.0,58496676.0,1203.6410410738551
8043.T,2024-03-31,7512000000.0,128.88,77998000000.0,58323051.0,1337.3443031984043
8043.T,2025-03-31,12197000000.0,208.87,88743000000.0,58439094.0,1518.5553698009076
8043.T,2026-03-31,8338000000.0,145.82,95729000000.0,57145728.0,1675.173339291434
8050.T,2023-03-31,5028000000.0,60.93,129792000000.0,82544522.0,1572.3878078790015
8050.T,2024-03-31,10051000000.0,122.165,149100000000.0,81528782.0,1828.802005161809
8050.T,2025-03-31,13316000000.0,163.09,155971000000.0,81689702.0,1909.310429361096
8050.T,2026-03-31,21980000000.0,268.93,175782000000.0,81741802.0,2150.454182549095
8051.T,2022-03-31,,,,,
8051.T,2023-03-31,12527000000.0,141.0,122927000000.0,88843463.0,1383.6358449917693
8051.T,2024-03-31,6488000000.0,73.04,131507000000.0,88847282.0,1480.1465733076675
8051.T,2025-03-31,7845000000.0,90.63,126591000000.0,85477682.0,1480.9830711132292
8051.T,2026-03-31,9330000000.0,109.46,138415000000.0,85836695.0,1612.5387865877176
8052.T,2022-03-31,,,,,
8052.T,2023-03-31,3667000000.0,195.18,33804000000.0,18794907.0,1798.5723472853576
8052.T,2024-03-31,4000000000.0,212.9,40133000000.0,18790461.0,2135.817742843031
8052.T,2025-03-31,4691000000.0,252.03,43735000000.0,18360139.0,2382.062575887906
8052.T,2026-03-31,5023000000.0,273.54,49915000000.0,18369199.0,2717.320444947001
8053.T,2022-03-31,,,,,
8053.T,2023-03-31,565333000000.0,113.1575,3778693000000.0,4936374948.0,765.4793324666229
8053.T,2024-03-31,386352000000.0,78.9675,4445494000000.0,4887756576.0,909.5162434701413
8053.T,2025-03-31,561859000000.0,115.915,4648462000000.0,4840026524.0,960.4207697932856
8053.T,2026-03-31,600334000000.0,124.7725,4628555000000.0,4770641996.0,970.2163783995667
8056.T,2023-03-31,20203000000.0,201.06,139887000000.0,100502524.0,1391.875491604569
8056.T,2024-03-31,25246000000.0,251.15,166423000000.0,100562142.0,1654.926960485786
8056.T,2025-03-31,26965000000.0,272.65,169050000000.0,98182079.0,1721.800981623133
8056.T,2026-03-31,31209000000.0,320.64,178988000000.0,96576742.0,1853.3240642969713
8057.T,2022-07-31,4477000000.0,91.174,45718000000.0,49149965.0,930.1736023616701
8057.T,2023-07-31,6366000000.0,129.47,51897000000.0,49186415.0,1055.1084074738928
8057.T,2024-07-31,6996000000.0,142.172,64539000000.0,49217080.0,1311.3130644889945
8057.T,2025-07-31,,199.452,,49270175.0,
8058.T,2023-03-31,1180694000000.0,269.76,8065640000000.0,4307504769.0,1872.4622333668274
8058.T,2024-03-31,964034000000.0,230.1,9043867000000.0,4097859121.0,2206.973625240935
8058.T,2025-03-31,950709000000.0,236.97,9368714000000.0,3977843983.0,2355.224096278992
8058.T,2026-03-31,800460000000.0,210.92,9440567000000.0,3661498671.0,2578.3341326248974
8059.T,2022-03-31,,,,,
8059.T,2023-03-31,6316000000.0,197.3,63595000000.0,31676325.0,2007.650824393297
8059.T,2024-03-31,7461000000.0,235.33,73396000000.0,31717371.0,2314.0631674674423
8059.T,2025-03-31,8841000000.0,235.33,79764000000.0,31882356.0,2501.822638201518
8059.T,2026-03-31,9951000000.0,311.77,90549000000.0,31928893.0,2835.9580145794594
8060.T,2021-12-31,,,,,
8060.T,2022-12-31,35552000000.0,137.08,399570000000.0,259353944.0,1540.6359118255784
8060.T,2023-12-31,36493000000.0,140.705,434779000000.0,259356714.0,1676.3745703533243
8060.T,2024-12-31,39315000000.0,159.895,382852000000.0,217814912.0,1757.6941655858714
8060.T,2025-12-31,41458000000.0,190.73,412897000000.0,214426710.0,1925.5856698076466
8061.T,2022-03-31,,,,,
8061.T,2023-03-31,5001000000.0,138.596667,35211000000.0,36111354.0,975.0672877012587
8061.T,2024-03-31,4489000000.0,124.153333,42513000000.0,36149790.0,1176.0234291817462
8061.T,2025-03-31,7799000000.0,216.56,47210000000.0,35948091.0,1313.2825328610634
8061.T,2026-03-31,7507000000.0,208.44,54392000000.0,36022277.0,1509.9545206428788
8065.T,2022-03-31,,,,,
8065.T,2023-03-31,6194000000.0,293.34,56089000000.0,21073159.0,2661.6322688022237
8065.T,2024-03-31,6478000000.0,306.89,65187000000.0,21034307.0,3099.079993460208
8065.T,2025-03-31,6015000000.0,285.9,68436000000.0,20985971.0,3261.035669972097
8065.T,2026-03-31,6568000000.0,314.18,76924000000.0,20709041.0,3714.5129028427727
8066.T,2022-03-31,,,,,
8066.T,2023-03-31,14864000000.0,165.61,147486000000.0,89295634.0,1651.6596992860816
8066.T,2024-03-31,18167000000.0,203.63,161881000000.0,88484299.0,1829.4884157922752
8066.T,2025-03-31,19022000000.0,222.45,167172000000.0,85795676.0,1948.489805010686
8066.T,2026-03-31,23453000000.0,280.34,187234000000.0,83624174.0,2238.9937149035395
8074.T,2023-03-31,10079000000.0,466.23,94842000000.0,21114581.0,4491.777506738116
8074.T,2024-03-31,11812000000.0,561.88,101998000000.0,21005695.0,4855.730791102127
8074.T,2025-03-31,10242000000.0,487.11,108969000000.0,21031661.0,5181.188494812654
8074.T,2026-03-31,12020000000.0,571.06,120034000000.0,21054023.0,5701.238190914867
8075.T,2022-03-31,,,,,
8075.T,2023-03-31,9196000000.0,347.55,72468000000.0,26399601.0,2745.0414875588463
8075.T,2024-03-31,9111000000.0,345.13,85981000000.0,26401596.0,3256.659180755588
8075.T,2025-03-31,8563000000.0,324.24,91436000000.0,26416623.0,3461.305406069504
8075.T,2026-03-31,8286000000.0,313.65,98977000000.0,26422358.0,3745.956360140151
8078.T,2022-03-31,,,,,
8078.T,2023-03-31,51505000000.0,253.488,303127000000.0,203184935.0,1491.8773382485272
8078.T,2024-03-31,38417000000.0,253.488,351211000000.0,203341145.0,1727.2008574555828
8078.T,2025-03-31,45482000000.0,225.132,383054000000.0,201913680.0,1897.1176197670213
8078.T,2026-03-31,38265000000.0,193.13,427480000000.0,194518680.0,2197.6295541384507
8079.T,2022-10-31,2788355000.0,165.63,48272196000.0,16836700.0,2867.08179156248
8079.T,2023-10-31,2809236000.0,166.81,51107693000.0,16842464.0,3034.454637991211
8079.T,2024-10-31,3170156000.0,188.18,53169759000.0,16847435.0,3155.9557285723317
8079.T,2025-10-31,3035838000.0,181.31,54828125000.0,16573371.0,3308.2059769252737
8081.T,2022-03-31,,,,,
8081.T,2023-03-31,2896000000.0,110.67,44376000000.0,23431991.0,1893.8211439224265
8081.T,2024-03-31,3474000000.0,148.21,48039000000.0,23454368.0,2048.189914987264
8081.T,2025-03-31,3942000000.0,169.31,47986000000.0,22281300.0,2153.644536001041
8081.T,2026-03-31,3966000000.0,2153.8,50901000000.0,22295661.0,2283.000266284996
8084.T,2022-03-31,,229.99,,,
8084.T,2023-03-31,5366000000.0,245.93,79894000000.0,21840150.0,3658.1250586648903
8084.T,2024-03-31,5736000000.0,262.401669,87072000000.0,21863428.0,3982.5410726991213
8084.T,2025-03-31,4700000000.0,,89201000000.0,21511959.0,4146.577259653573
8084.T,2026-03-31,5275000000.0,,94515000000.0,21556974.0,4384.427981404069
8086.T,2022-03-31,,,,,
8086.T,2023-03-31,4574000000.0,28.05,206317000000.0,163096478.0,1264.999726113031
8086.T,2024-03-31,11109000000.0,28.05,232664000000.0,163095857.0,1426.5475793171129
8086.T,2025-03-31,5113000000.0,31.36,252445000000.0,163095674.0,1547.833819307801
8086.T,2026-03-31,13504000000.0,82.8,274116000000.0,163095782.0,1680.7056359066355
8088.T,2022-03-31,,,,,
8088.T,2023-03-31,32022000000.0,139.1725,301975000000.0,230097888.0,1312.3762352829592
8088.T,2024-03-31,43468000000.0,188.9,358431000000.0,230113296.0,1557.6283779795149
8088.T,2025-03-31,40465000000.0,175.76,386051000000.0,230138725.0,1677.4708385127276
8088.T,2026-03-31,47666000000.0,207.1,437098000000.0,230176049.0,1898.9725555676732
8097.T,2022-03-31,,,,,
8097.T,2023-03-31,10901000000.0,160.2,111738000000.0,66966000.0,1668.5780844010394
8097.T,2024-03-31,11217000000.0,171.15,117738000000.0,64311870.0,1830.7351348981144
8097.T,2025-03-31,8656000000.0,138.89235,113537000000.0,62321647.0,1821.7907495288114
8097.T,2026-03-31,9196000000.0,147.69,115934000000.0,61882413.0,1873.4563566549998
8098.T,2022-03-31,,,,,
8098.T,2023-03-31,19478000000.0,343.31,179459000000.0,55830082.0,3214.3782271356863
8098.T,2024-03-31,20000000000.0,362.17,200163000000.0,55233338.0,3623.9526207885533
8098.T,2025-03-31,19833000000.0,363.9,208151000000.0,54383723.0,3827.450356791498
8098.T,2026-03-31,20632000000.0,384.84,235776000000.0,53381913.0,4416.776895949757
8103.T,2022-03-31,,,,,
8103.T,2023-03-31,1720000000.0,41.21,35475000000.0,41763013.0,849.4358393155206
8103.T,2024-03-31,2754000000.0,66.09,38304000000.0,41547585.0,921.9308414676809
8103.T,2025-03-31,3376000000.0,83.28,38467000000.0,40195196.0,957.0049117312427
8103.T,2026-03-31,3374000000.0,83.99,41377000000.0,39857487.0,1038.1236529036564
8111.T,2023-03-31,20977000000.0,155.23,79912000000.0,135129516.0,591.3733902517641
8111.T,2024-03-31,24281000000.0,179.696667,100006000000.0,134738646.0,742.2220941718533
8111.T,2025-03-31,24444000000.0,181.99,110380000000.0,132992334.0,829.9726509048259
8111.T,2026-03-31,24094000000.0,175.76,129406000000.0,136769331.0,946.1624112206852
8113.T,2022-12-31,67608000000.0,37.87,618883000000.0,1779820476.0,347.7221485792143
8113.T,2023-12-31,86053000000.0,48.47,695719000000.0,1770685638.0,392.909382145223
8113.T,2024-12-31,81842000000.0,46.41,773062000000.0,1759109211.0,439.4621977793737
8113.T,2025-12-31,65212000000.0,37.3,794705000000.0,1739925319.0,456.7466151114731
8117.T,2022-03-31,,,,,
8117.T,2023-03-31,6292748000.0,114.206667,41932849000.0,55145085.0,760.409545111772
8117.T,2024-03-31,7924365000.0,143.62,49917309000.0,55195704.0,904.369459623162
8117.T,2025-03-31,8681893000.0,157.23,55701679000.0,55230945.0,1008.5230118731447
8117.T,2026-03-31,9645952000.0,174.58,62953187000.0,55264839.0,1139.118255641711
8125.T,2022-02-28,,,,,
8125.T,2023-02-28,3901000000.0,76.44,98710000000.0,50132956.0,1968.9642876833354
8125.T,2024-02-29,3158000000.0,63.45,99880000000.0,49361539.0,2023.4377214211252
8125.T,2025-02-28,3912000000.0,79.27,100592000000.0,49346624.0,2038.4778500754176
8125.T,2026-02-28,3451000000.0,69.77,101525000000.0,49728793.0,2041.5737820139732
8129.T,2022-03-31,,,,,
8129.T,2023-03-31,13630000000.0,196.7,242823000000.0,66968142.0,3625.9479918078064
8129.T,2024-03-31,20657000000.0,320.14,249330000000.0,62780488.0,3971.456864113576
8129.T,2025-03-31,19844000000.0,313.2,256779000000.0,62603138.0,4101.695349520658
8129.T,2026-03-31,17327000000.0,271.18,271431000000.0,64701623.0,4195.118876693402
8130.T,2022-03-31,,,,,
8130.T,2023-03-31,14005000000.0,238.71,95809000000.0,58680652.0,1632.7187366629805
8130.T,2024-03-31,14291000000.0,243.44,106693000000.0,58716596.0,1817.0842192554896
8130.T,2025-03-31,12550000000.0,213.6,113016000000.0,58770129.0,1923.01772895547
8130.T,2026-03-31,14642000000.0,249.08,121553000000.0,58791702.0,2067.5196645948436
8131.T,2023-03-31,7789000000.0,130.06,92868000000.0,59470401.0,1561.5835514544453
8131.T,2024-03-31,9107000000.0,153.93,99859000000.0,58699231.0,1701.1977550438437
8131.T,2025-03-31,10515000000.0,182.05,98578000000.0,56435682.0,1746.731792839856
8131.T,2026-03-31,9197000000.0,164.68,105251000000.0,54644841.0,1926.0921630277962
8132.T,2022-03-31,,228.33,,,
8132.T,2023-03-31,478000000.0,43.82,53614000000.0,10936591.0,4902.258848301084
8132.T,2024-03-31,-1039000000.0,-95.53,53295000000.0,10876780.0,4899.887650573056
8132.T,2025-03-31,3153000000.0,289.93,55209000000.0,10878765.0,5074.9326784795885
8132.T,2026-03-31,4435000000.0,,60099000000.0,10856690.0,5535.665106031396
8133.T,2022-03-31,,,,,
8133.T,2023-03-31,13832000000.0,122.54,152961000000.0,112855279.0,1355.37301715412
8133.T,2024-03-31,13887000000.0,123.03,162543000000.0,112883819.0,1439.9140766135845
8133.T,2025-03-31,17102000000.0,151.63,172285000000.0,112778315.0,1527.6429693066436
8133.T,2026-03-31,16058000000.0,142.28,181772000000.0,112913876.0,1609.8287158258565
8136.T,2022-03-31,,,,,
8136.T,2023-03-31,8158000000.0,6.748,56001000000.0,1209639780.0,46.29560049686858
8136.T,2024-03-31,17584000000.0,14.616,64606000000.0,1180820895.0,54.712785210326075
8136.T,2025-03-31,41731000000.0,35.324,107029000000.0,1186435385.0,90.21055959149432
8136.T,2026-03-31,54608000000.0,45.33,155782000000.0,1212444700.0,128.4858600148939
8137.T,2022-03-31,,,,,
8137.T,2023-03-31,5493000000.0,355.08,44483000000.0,15482000.0,2873.20759591784
8137.T,2024-03-31,5007000000.0,329.87,47966000000.0,15111541.0,3174.1302888964137
8137.T,2025-03-31,2443000000.0,161.15,49112000000.0,15179836.0,3235.3445715750818
8137.T,2026-03-31,3265000000.0,212.35,52855000000.0,15555099.0,3397.9211575574027
8139.T,2023-03-31,60777000.0,3.96,12128323000.0,15335360.0,790.8730541702314
8139.T,2024-03-31,519972000.0,33.91,12724667000.0,15335069.0,829.7756599595346
8139.T,2025-03-31,406380000.0,26.5,12999697000.0,15335069.0,847.7103689588877
8139.T,2026-03-31,1100734000.0,26.5,14123246000.0,15335043.0,920.9785717588142
8141.T,2022-03-31,,,,,
8141.T,2023-03-31,4706000000.0,137.77,51858000000.0,33077566.0,1567.7695269355672
8141.T,2024-03-31,3194000000.0,96.53,55326000000.0,33105915.0,1671.1817208495822
8141.T,2025-03-31,505000000.0,15.75,51699000000.0,29751018.0,1737.722050384965
8141.T,2026-03-31,1127000000.0,38.72,52646000000.0,28549899.0,1843.9995181769295
8142.T,2022-01-31,,,,,
8142.T,2023-01-31,1007000000.0,31.196667,22410000000.0,32269929.0,694.4545802998203
8142.T,2024-01-31,3605000000.0,111.716667,27198000000.0,32269539.0,842.8381948685414
8142.T,2025-01-31,4485000000.0,138.97,30732000000.0,32268900.0,952.3720982122105
8142.T,2026-01-31,4576000000.0,142.93,34435000000.0,31884300.0,1079.9986200104754
8150.T,2022-03-31,,,,,
8150.T,2023-03-31,3832000000.0,314.43,34182000000.0,12192336.0,2803.5644686957444
8150.T,2024-03-31,2740000000.0,224.66,38294000000.0,12203387.0,3137.981283392881
8150.T,2025-03-31,3522000000.0,288.2,40484000000.0,12230691.0,3310.033750341661
8150.T,2026-03-31,4952000000.0,404.89,45931000000.0,12242618.0,3751.7302263290417
8151.T,2022-09-30,1919896000.0,81.16,29398385000.0,23411378.0,1255.7306537018026
8151.T,2023-09-30,1534211000.0,67.5,28313951000.0,22350501.0,1266.815048128004
8151.T,2024-09-30,2522953000.0,112.95,28080172000.0,21531917.0,1304.1185325022384
8151.T,2025-09-30,1195595000.0,55.55,28076439000.0,21547839.0,1302.981658624793
8153.T,2022-03-31,,,,,
8153.T,2023-03-31,-317000000.0,-10.31,47854000000.0,30840910.0,1551.6403374608597
8153.T,2024-03-31,2573000000.0,83.45,51828000000.0,30848356.0,1680.0895321617788
8153.T,2025-03-31,3150000000.0,102.1,54046000000.0,30853942.0,1751.6724443184603
8153.T,2026-03-31,4587000000.0,148.66,59073000000.0,30860296.0,1914.207174163203
8154.T,2022-03-31,,,,,
8154.T,2023-03-31,23070000000.0,439.325,129607000000.0,52522270.0,2467.6580048805963
8154.T,2024-03-31,20345000000.0,387.305,150831000000.0,52535148.0,2871.049302078677
8154.T,2025-03-31,17083000000.0,325.08,166217000000.0,52556394.0,3162.6408767694375
8154.T,2026-03-31,31099000000.0,627.71,183501000000.0,47659032.0,3850.288020956867
8157.T,2022-03-31,,,,,
8157.T,2023-03-31,3521000000.0,197.48,34945000000.0,17920894.0,1949.9585232745644
8157.T,2024-03-31,5477000000.0,304.75,40401000000.0,18021560.0,2241.814804045821
8157.T,2025-03-31,4764000000.0,263.32,44155000000.0,18126003.0,2436.0031276614045
8157.T,2026-03-31,6472000000.0,355.94,48314000000.0,18213397.0,2652.6627624709436
8159.T,2022-03-31,,,,,
8159.T,2023-03-31,7841000000.0,313.91,84639000000.0,24978321.0,3388.498370246743
8159.T,2024-03-31,8471000000.0,347.27,92571000000.0,23977891.0,3860.681491962742
8159.T,2025-03-31,7046000000.0,299.74,94991000000.0,22977180.0,4134.14526934985
8159.T,2026-03-31,7422000000.0,329.81,104974000000.0,21976781.0,4776.58670758015
8160.T,2022-03-31,,,,,
8160.T,2023-03-31,-1082000000.0,-38.64,27329000000.0,28161889.0,970.4249597745378
8160.T,2024-03-31,436000000.0,15.5,27657000000.0,28160614.0,982.1163700478974
8160.T,2025-03-31,3166000000.0,112.44,30339000000.0,28160240.0,1077.3700792322793
8160.T,2026-03-31,1728000000.0,61.36,31587000000.0,28159799.0,1121.7054496731316
8163.T,2022-03-31,,,,,
8163.T,2023-03-31,-1451345000.0,-35.4,13716215000.0,41350841.0,331.7034108205925
8163.T,2024-03-31,1798378000.0,43.49,15735992000.0,41351141.0,380.5455331933888
8163.T,2025-03-31,925802000.0,22.39,16498425000.0,41351141.0,398.9835492084729
8163.T,2026-03-31,1694682000.0,40.98,17842993000.0,41354126.0,431.46826510128636
8167.T,2022-02-28,,,,,
8167.T,2023-02-28,2917803000.0,66.78,75158715000.0,43139036.0,1742.2437302493267
8167.T,2024-02-29,4717000000.0,109.87,80977000000.0,42919781.0,1886.7058058847038
8167.T,2025-02-28,5225000000.0,121.75,84681000000.0,42925866.0,1972.7266539014029
8167.T,2026-02-28,5138000000.0,119.7,91699000000.0,42933174.0,2135.85419983158
8173.T,2022-03-31,,,,,
8173.T,2023-03-31,4972000000.0,186.77,100697000000.0,26420127.0,3811.3745630367334
8173.T,2024-03-31,4891000000.0,185.9,104612000000.0,26095030.0,4008.885983269611
8173.T,2025-03-31,3407000000.0,131.13,104663000000.0,25846692.0,4049.3769957099344
8173.T,2026-03-31,3280000000.0,126.81,105362000000.0,25879676.0,4071.2256212172056
8174.T,2022-03-31,,,,,
8174.T,2023-03-31,10568000000.0,92.6,74299000000.0,113846621.0,652.6236733894807
8174.T,2024-03-31,10825000000.0,95.64,72724000000.0,111791617.0,650.5317836130772
8174.T,2025-03-31,11548000000.0,104.46,67446000000.0,109017617.0,618.67065026747
8174.T,2026-03-31,14815000000.0,136.69,66975000000.0,106506178.0,628.8367609999112
8179.T,2021-12-31,,,,,
8179.T,2022-12-31,2754000000.0,26.43,44293000000.0,98494370.0,449.7008306160037
8179.T,2023-12-31,4035000000.0,38.41,47821000000.0,98417706.0,485.89834028442
8179.T,2024-12-31,5926000000.0,60.2,50248000000.0,98463954.0,510.3187304462707
8179.T,2025-12-31,5660000000.0,57.48,54723000000.0,98502034.0,555.5519797692706
8185.T,2022-02-28,,,,,
8185.T,2023-02-28,-2602000000.0,-74.23,49842000000.0,35066915.0,1421.3397443145484
8185.T,2024-02-29,1851000000.0,52.68,50798000000.0,35159898.0,1444.7709717474152
8185.T,2025-02-28,2923000000.0,52.68,49962000000.0,35190851.0,1419.744012442325
8185.T,2026-02-28,237000000.0,83.11,52030000000.0,33949164.0,1532.5856035806949
8194.T,2023-02-28,13327000000.0,142.175,122001000000.0,93856028.0,1299.8738876953114
8194.T,2024-02-29,16938000000.0,180.465,136854000000.0,93862538.0,1458.0257780798554
8194.T,2025-02-28,17948000000.0,207.446727,138433000000.0,86518598.0,1600.0374855820016
8194.T,2026-02-28,18822000000.0,217.56,155534000000.0,86517652.0,1797.714066488998
8198.T,2022-02-28,,,,,
8198.T,2023-02-28,6169000000.0,193.82,73770000000.0,31835389.0,2317.2325615370996
8198.T,2024-02-29,8313000000.0,261.06,80595000000.0,31857103.0,2529.8910575767045
8198.T,2025-02-28,9387000000.0,294.51,88446000000.0,31879534.0,2774.381833812251
8198.T,2026-02-28,10249000000.0,321.49,97050000000.0,31886042.0,3043.6515137250335
8200.T,2022-02-28,,37.09,,,
8200.T,2023-02-28,-403194000.0,-15.56,11866535000.0,25906355.0,458.05498303408564
8200.T,2024-02-29,752043000.0,29.03,12860147000.0,25909189.0,496.3546716958219
8200.T,2025-02-28,968524000.0,,13647200000.0,25911789.0,526.6791883802388
8200.T,2026-02-28,1727752000.0,66.67,15231156000.0,25914402.0,587.7486966513833
8214.T,2022-03-31,,,,,
8214.T,2023-03-31,5632000000.0,66.34,131968000000.0,84903504.0,1554.329253595941
8214.T,2024-03-31,7574000000.0,90.03,136756000000.0,84022518.0,1627.6113029604755
8214.T,2025-03-31,9574000000.0,113.89,141840000000.0,84097727.0,1686.6091993187877
8214.T,2026-03-31,9461000000.0,112.45,144900000000.0,84158023.0,1721.7609781541564
8217.T,2023-02-28,928000000.0,21.18,77661000000.0,43874244.0,1770.081781921986
8217.T,2024-02-29,1000000000.0,22.79,78388000000.0,43892066.0,1785.9264132155456
8217.T,2025-02-28,-2381000000.0,-55.89,74223000000.0,41743060.0,1778.0919750492658
8217.T,2026-02-28,264000000.0,6.44,74320000000.0,40682575.0,1826.8263501019785
8218.T,2022-03-31,,360.22,,,
8218.T,2023-03-31,17096000000.0,351.62,227347000000.0,48629693.0,4675.06549959096
8218.T,2024-03-31,13712000000.0,286.06,236247000000.0,47862848.0,4935.916057481578
8218.T,2025-03-31,13719000000.0,,246315000000.0,47429997.0,5193.232460040003
8218.T,2026-03-31,14645000000.0,309.72,256978000000.0,46957644.0,5472.548835712456
8219.T,2022-03-31,,,,,
8219.T,2023-03-31,4278000000.0,28.62,166441000000.0,149528259.0,1113.1073224092042
8219.T,2024-03-31,10089000000.0,67.46,177125000000.0,149588289.0,1184.0833342241117
8219.T,2025-03-31,9397000000.0,63.44,177780000000.0,145609200.0,1220.9393362507315
8219.T,2026-03-31,6918000000.0,47.95,177093000000.0,141947727.0,1247.593066425079
8227.T,2022-02-28,,,410995000000.0,220501794.0,1863.9077376395405
8227.T,2023-02-28,38021000000.0,172.426667,440048000000.0,220502484.0,1995.6600579610704
8227.T,2024-02-29,40084000000.0,181.783333,471408000000.0,220503798.0,2137.867938220275
8227.T,2025-02-28,41885000000.0,189.943333,500976000000.0,220510989.0,2271.886776581461
8227.T,2026-02-28,44460000000.0,202.36,,,
8233.T,2023-02-28,27838000000.0,84.89,413323000000.0,315463788.0,1310.2074333805945
8233.T,2024-02-29,31620000000.0,100.235,454075000000.0,315461806.0,1439.397706358151
8233.T,2025-02-28,39525000000.0,126.33,473047000000.0,303371834.0,1559.297690107909
8233.T,2026-02-28,-8194000000.0,-27.44,449787000000.0,293014400.0,1535.0337730841898
8237.T,2022-02-28,,18.85,,,
8237.T,2023-02-28,4383000000.0,82.62,22064000000.0,53056640.0,415.8574685468209
8237.T,2024-02-29,2631000000.0,49.59,25954000000.0,53055742.0,489.18362125630057
8237.T,2025-02-28,2383000000.0,,28260000000.0,53055615.0,532.6486178701349
8237.T,2026-02-28,2192000000.0,41.94,26635000000.0,50740268.0,524.9282483096068
8242.T,2023-03-31,16382000000.0,135.85,250021000000.0,116387848.0,2148.1710014949326
8242.T,2024-03-31,21905000000.0,189.82,270017000000.0,115235424.0,2343.1770425038744
8242.T,2025-03-31,34842000000.0,295.51,300718000000.0,122218632.0,2460.492275842197
8242.T,2026-03-31,29950000000.0,254.39,311388000000.0,115003425.0,2707.6410985151097
8244.T,2022-02-28,,,,,
8244.T,2023-02-28,1893000000.0,47.38,34585000000.0,40085249.0,862.7862084628687
8244.T,2024-02-29,2777000000.0,69.44,37316000000.0,39933214.0,934.4602215088422
8244.T,2025-02-28,3484000000.0,87.85,38575000000.0,38964221.0,990.0108101737745
8244.T,2026-02-28,3709000000.0,93.56,45823000000.0,40329430.0,1136.2173975679796
8252.T,2022-03-31,,,,,
8252.T,2023-03-31,21473000000.0,109.37,246143000000.0,189346456.0,1299.960956227245
8252.T,2024-03-31,24667000000.0,130.7,253248000000.0,187853619.0,1348.1135010766016
8252.T,2025-03-31,26588000000.0,143.24,246139000000.0,180695282.0,1362.177237145572
8252.T,2026-03-31,28476000000.0,158.35,244186000000.0,179679441.0,1359.0091255905008
8253.T,2023-03-31,43599000000.0,278.92,598301000000.0,156327884.0,3827.2186937552356
8253.T,2024-03-31,72987000000.0,453.08,705053000000.0,163080062.0,4323.354991120865
8253.T,2025-03-31,66397000000.0,423.02,705678000000.0,148875852.0,4740.043402068994
8253.T,2026-03-31,61728000000.0,425.13,760634000000.0,143624239.0,5296.00021066082
8255.T,2022-03-31,,76.755,,,
8255.T,2023-03-31,6356000000.0,68.96,78704000000.0,92166080.0,853.9367194525361
8255.T,2024-03-31,7442000000.0,81.79,83296000000.0,90532540.0,920.0669726045464
8255.T,2025-03-31,9006000000.0,99.54,89292000000.0,89747372.0,994.9260686987024
8255.T,2026-03-31,8803000000.0,,95216000000.0,88587408.0,1074.8254424601744
8267.T,2023-02-28,21381000000.0,8.37,993746000000.0,2564533716.0,387.4957828786058
8267.T,2024-02-29,44692000000.0,17.416667,1055272000000.0,2567701866.0,410.97917712850233
8267.T,2025-02-28,27168000000.0,11.193333,1064594000000.0,2583053016.0,412.1456251209983
8267.T,2026-02-28,72677000000.0,26.87,1220171000000.0,2766624836.0,441.03233084689913
8273.T,2022-02-28,,,,,
8273.T,2023-02-28,23188000000.0,108.12,265033000000.0,214488918.0,1235.648920565677
8273.T,2024-02-29,20485000000.0,95.49,280552000000.0,214554873.0,1307.6002240228775
8273.T,2025-02-28,12304000000.0,55.533333,285905000000.0,214662105.0,1331.8838925948294
8273.T,2026-02-28,16834000000.0,79.4,294006000000.0,210098340.0,1399.373264919656
8276.T,2023-02-28,7516000000.0,143.31,180380000000.0,52448451.0,3439.1864118160515
8276.T,2024-02-29,6784000000.0,129.37,186258000000.0,52448132.0,3551.2799578829613
8276.T,2025-02-28,10727000000.0,209.08,189909000000.0,50388528.0,3768.893586254395
8276.T,2026-02-28,9409000000.0,190.254143,195792000000.0,49454902.0,3959.0008691150574
8278.T,2022-02-28,,,,,
8278.T,2023-02-28,9033000000.0,104.22,209141000000.0,86682508.0,2412.72437571834
8278.T,2024-02-29,7436000000.0,85.8,215835000000.0,86659775.0,2490.60189690084
8278.T,2025-02-28,3818000000.0,44.06,217755000000.0,86647232.0,2513.121250082172
8278.T,2026-02-28,8176000000.0,94.36,226951000000.0,86646419.0,2619.277318315948
8281.T,2023-03-31,5397000000.0,122.09,122364000000.0,44212023.0,2767.6634475649303
8281.T,2024-03-31,2592000000.0,58.62,124450000000.0,44210656.0,2814.932219055967
8281.T,2025-03-31,971000000.0,22.61,121718000000.0,41597157.0,2926.1134360696815
8281.T,2026-03-31,-2164000000.0,-52.27,118157000000.0,41381923.0,2855.2805532985985
8282.T,2022-03-31,,,,,
8282.T,2023-03-31,21120000000.0,110.17,280250000000.0,182963228.0,1531.7285503948367
8282.T,2024-03-31,7380000000.0,41.64,269156000000.0,174703989.0,1540.6402655179213
8282.T,2025-03-31,9525000000.0,59.102308,251256000000.0,161161218.0,1559.0351271730894
8282.T,2026-03-31,14317000000.0,91.31,248873000000.0,154510458.0,1610.7194504594634
8285.T,2022-03-31,,,,,
8285.T,2023-03-31,960000000.0,15.6,41487000000.0,61570500.0,673.8129461349185
8285.T,2024-03-31,2068000000.0,33.59,47012000000.0,61570363.0,763.549177061048
8285.T,2025-03-31,2440000000.0,39.64,47378000000.0,61570415.0,769.4929455973295
8285.T,2026-03-31,3627000000.0,58.92,56767000000.0,61570225.0,921.9878602035318
8291.T,2022-03-31,,,,,
8291.T,2023-03-31,3261000000.0,49.17,49198000000.0,66361039.0,741.3687419812701
8291.T,2024-03-31,7337000000.0,110.49,57484000000.0,66432566.0,865.2985043510137
8291.T,2025-03-31,4312000000.0,67.07,56643000000.0,59447816.0,952.8188554479444
8291.T,2026-03-31,2682000000.0,45.11,58593000000.0,59461571.0,985.3927337372234
8303.T,2023-03-31,42771000000.0,4277100000.0,961998000000.0,10.0,96199800000.0
8303.T,2024-03-31,57924000000.0,1016210526.315789,962750000000.0,57.0,16890350877.192982
8303.T,2025-03-31,84499000000.0,112.7,955401000000.0,45.0,21231133333.333332
8303.T,2026-03-31,113415000000.0,137.66,1225129000000.0,887000000.0,1381.205186020293
8304.T,2022-03-31,,299.81,,,
8304.T,2023-03-31,8719000000.0,74.67,438661000000.0,116781418.0,3756.2568387378205
8304.T,2024-03-31,-49904000000.0,-427.22,384403000000.0,116822309.0,3290.493085528724
8304.T,2025-03-31,20518000000.0,154.26,451418000000.0,138381090.0,3262.136466767244
8304.T,2026-03-31,25705000000.0,,479941000000.0,138381076.0,3468.2560207871197
8306.T,2022-03-31,,,,,
8306.T,2023-03-31,1116496000000.0,90.72,17231291000000.0,12022318145.0,1433.2752462690714
8306.T,2024-03-31,1490781000000.0,124.64,19587973000000.0,11726188006.0,1670.4467803157615
8306.T,2025-03-31,1862946000000.0,160.01,20520385000000.0,11506516975.0,1783.3706798142537
8306.T,2026-03-31,2427229000000.0,213.16,22274040000000.0,11287568241.0,1973.32494691759
8308.T,2023-03-31,160400000000.0,67.49,2516096000000.0,2361635800.0,1065.403903514674
8308.T,2024-03-31,158930000000.0,67.78,2760479000000.0,2329869584.0,1184.821253068043
8308.T,2025-03-31,213324000000.0,92.4,2729282000000.0,2295903666.0,1188.7615497191337
8308.T,2026-03-31,258717000000.0,113.82,2905269000000.0,2252861458.0,1289.59061804856
8309.T,2023-03-31,191000000000.0,64.6425,2793027000000.0,2905955520.0,961.1389371851087
8309.T,2024-03-31,79199000000.0,27.29,3107181000000.0,2878381168.0,1079.48906647377
8309.T,2025-03-31,257635000000.0,89.8925,3096925000000.0,2843837372.0,1088.995112903383
8309.T,2026-03-31,317566000000.0,112.95,3558200000000.0,2787940080.0,1276.282810210182
8316.T,2022-03-31,,171.836667,,,
8316.T,2023-03-31,805842000000.0,196.82,12681609000000.0,4033861632.0,3143.788795182948
8316.T,2024-03-31,962946000000.0,241.52,14661039000000.0,3941823654.0,3719.3543615586614
8316.T,2025-03-31,1177996000000.0,,14704201000000.0,3873793610.0,3795.81425351156
8316.T,2026-03-31,1582973000000.0,411.97,15786049000000.0,3816866021.0,4135.866680451134
8331.T,2023-03-31,60276000000.0,82.52,1061115000000.0,724580000.0,1464.455270639543
8331.T,2024-03-31,62440000000.0,86.53,1181503000000.0,715427556.0,1651.4642049935242
8331.T,2025-03-31,74259000000.0,104.17,1145190000000.0,707388127.0,1618.8990969592567
8331.T,2026-03-31,94063000000.0,133.75,1257300000000.0,697844593.0,1801.6905377097332
8334.T,2023-03-31,27933000000.0,68.19,515808000000.0,406544177.0,1268.7624843289786
8334.T,2024-03-31,31125000000.0,78.43,573094000000.0,392488674.0,1460.1542361958705
8334.T,2025-03-31,43900000000.0,113.82,562936000000.0,382388895.0,1472.155722513856
8334.T,2026-03-31,58863000000.0,154.87,619320000000.0,378500188.0,1636.2475360250019
8336.T,2022-03-31,,,,,
8336.T,2023-03-31,10865000000.0,108.206667,252882000000.0,100372368.0,2519.438417553325
8336.T,2024-03-31,11264000000.0,113.226667,274097000000.0,99237237.0,2762.0378024027414
8336.T,2025-03-31,13146000000.0,132.47,267924000000.0,99242985.0,2699.6769595352257
8336.T,2026-03-31,15412000000.0,155.41,280438000000.0,98902524.0,2835.498920128671
8337.T,2023-03-31,6477000000.0,92.07,166598000000.0,57228045.0,2911.125131043704
8337.T,2024-03-31,7428000000.0,112.62,182654000000.0,57259330.0,3189.9430188931656
8337.T,2025-03-31,7459000000.0,116.49,170152000000.0,57289220.0,2970.052655630501
8337.T,2026-03-31,8612000000.0,137.52,192811000000.0,57413683.0,3358.2761098952665
8338.T,2023-03-31,2095000000.0,25.35,91015000000.0,82498721.0,1103.2292246082216
8338.T,2024-03-31,2195000000.0,26.58,97144000000.0,82316106.0,1180.1335694863894
8338.T,2025-03-31,4103000000.0,49.79,91745000000.0,82346418.0,1114.1346791793665
8338.T,2026-03-31,6670000000.0,79.97,105850000000.0,82410904.0,1284.4174115600042
8341.T,2022-03-31,,,,,
8341.T,2023-03-31,25056000000.0,112.913333,504487000000.0,221963238.0,2272.840334037657
8341.T,2024-03-31,29802000000.0,134.133333,601699000000.0,222258981.0,2707.1976902476667
8341.T,2025-03-31,39270000000.0,176.5,573943000000.0,222578298.0,2578.611684774407
8341.T,2026-03-31,54007000000.0,242.22,691902000000.0,223098270.0,3101.3328790043956
8343.T,2023-03-31,3295000000.0,185.35,149257000000.0,17553643.0,8502.907345216034
8343.T,2024-03-31,4541000000.0,258.15,172071000000.0,17636007.0,9756.80039138111
8343.T,2025-03-31,5662000000.0,320.37,156356000000.0,17711211.0,8828.08069984599
8343.T,2026-03-31,7692000000.0,433.02,178548000000.0,17797773.0,10032.04164925578
8344.T,2023-03-31,3435000000.0,107.4,133554000000.0,31994000.0,4174.345189723073
8344.T,2024-03-31,2080000000.0,65.03,143627000000.0,31992398.0,4489.410265526204
8344.T,2025-03-31,4412000000.0,138.17,135820000000.0,31621194.0,4295.220477759315
8344.T,2026-03-31,6528000000.0,207.86,150443000000.0,31006473.0,4851.986873837602
8345.T,2023-03-31,5381000000.0,77.5875,185226000000.0,69399144.0,2668.995456197558
8345.T,2024-03-31,4225000000.0,61.49,199434000000.0,68261980.0,2921.5970588605837
8345.T,2025-03-31,6976000000.0,101.71,184657000000.0,68791232.0,2684.3101167311556
8345.T,2026-03-31,8919000000.0,129.4,194748000000.0,69032560.0,2821.103548818123
8346.T,2022-03-31,,26.79,,,
8346.T,2023-03-31,4493000000.0,17.82,191013000000.0,252057000.0,757.8166843214035
8346.T,2024-03-31,5252000000.0,20.82,206179000000.0,252263885.0,817.3147733770928
8346.T,2025-03-31,7445000000.0,29.78,197235000000.0,249705429.0,789.8706919984508
8346.T,2026-03-31,12353000000.0,,217746000000.0,249887384.0,871.3765237543965
8354.T,2023-03-31,31152000000.0,165.54,900413000000.0,187704265.0,4796.976776206977
8354.T,2024-03-31,61178000000.0,324.76,1020343000000.0,189047822.0,5397.274558391898
8354.T,2025-03-31,72136000000.0,381.54,929183000000.0,189068411.0,4914.5332902808395
8354.T,2026-03-31,85428000000.0,451.99,1076287000000.0,188962650.0,5695.765803453752
8358.T,2023-03-31,10576000000.0,56.15,270938000000.0,188371248.0,1438.3192916999733
8358.T,2024-03-31,15375000000.0,75.44,295010000000.0,192546743.0,1532.1474432834214
8358.T,2025-03-31,20177000000.0,109.853031,295706000000.0,183672675.0,1609.9618519738988
8358.T,2026-03-31,34728000000.0,198.55,323331000000.0,170462980.0,1896.7813422011043
8359.T,2023-03-31,24135000000.0,49.9,913123000000.0,471434411.0,1936.9035833915823
8359.T,2024-03-31,37071000000.0,76.37,1114038000000.0,482247627.0,2310.095348587376
8359.T,2025-03-31,47982000000.0,101.23,963510000000.0,461528863.0,2087.648416476176
8359.T,2026-03-31,64572000000.0,141.18,1152064000000.0,454523098.0,2534.665466000146
8360.T,2023-03-31,5061000000.0,161.78,190876000000.0,31120210.0,6133.506168499505
8360.T,2024-03-31,5658000000.0,185.79,217399000000.0,30424215.0,7145.591102350545
8360.T,2025-03-31,7669000000.0,251.43,212784000000.0,30574855.0,6959.444288452063
8360.T,2026-03-31,9987000000.0,325.99,233155000000.0,30684550.0,7598.449382506831
8361.T,2022-03-31,,,,,
8361.T,2023-03-31,4825000000.0,115.93,288072000000.0,41623897.0,6920.832040306077
8361.T,2024-03-31,9471000000.0,227.54,338702000000.0,41621810.0,8137.608623940189
8361.T,2025-03-31,14718000000.0,353.53,318524000000.0,41632814.0,7650.7919930658545
8361.T,2026-03-31,19382000000.0,466.06,364480000000.0,41083303.0,8871.730688255519
8362.T,2022-03-31,,,,,
8362.T,2023-03-31,1803000000.0,77.14,123119000000.0,23044669.0,5342.623927468865
8362.T,2024-03-31,3717000000.0,160.96,135735000000.0,23166119.0,5859.2032614526415
8362.T,2025-03-31,7166000000.0,309.15,136377000000.0,23677694.0,5759.724743465305
8362.T,2026-03-31,8601000000.0,363.64,152885000000.0,23656133.0,6462.806072319597
8364.T,2022-03-31,,,,,
8364.T,2023-03-31,1474000000.0,127.55,73672000000.0,11520306.0,6394.969022524228
8364.T,2024-03-31,-3301000000.0,-286.14,78396000000.0,11545273.0,6790.311498047729
8364.T,2025-03-31,1861000000.0,163.24,71652000000.0,11220993.0,6385.53112010675
8364.T,2026-03-31,2000000000.0,177.2,79343000000.0,11318754.0,7009.870521083858
8366.T,2022-03-31,,,,,
8366.T,2023-03-31,14858000000.0,62.114,441221000000.0,237385405.0,1858.6694493707396
8366.T,2024-03-31,15940000000.0,67.262,490886000000.0,234652555.0,2091.9695504700558
8366.T,2025-03-31,18720000000.0,79.94,444809000000.0,230409920.0,1930.5114988104679
8366.T,2026-03-31,21293000000.0,92.28,509024000000.0,229879370.0,2214.3091831163447
8367.T,2023-03-31,4731000000.0,29.55,262798000000.0,158763280.0,1655.2820022362853
8367.T,2024-03-31,12037000000.0,75.816,298630000000.0,158774485.0,1880.8437640342527
8367.T,2025-03-31,13510000000.0,85.804,277794000000.0,157026630.0,1769.0884660773781
8367.T,2026-03-31,17062000000.0,108.64,300119000000.0,157062215.0,1910.8287757179535
8368.T,2023-03-31,14493000000.0,57.15,392033000000.0,253582000.0,1545.981181629611
8368.T,2024-03-31,14281000000.0,56.44,496918000000.0,249904988.0,1988.427697969758
8368.T,2025-03-31,18042000000.0,72.87,435448000000.0,245917197.0,1770.709837750794
8368.T,2026-03-31,26839000000.0,110.3,516650000000.0,242667571.0,2129.0442636029024
8370.T,2023-03-31,3924000000.0,59.83,222018000000.0,65243000.0,3402.9397789801205
8370.T,2024-03-31,15020000000.0,229.7,237149000000.0,65530960.0,3618.88487517961
8370.T,2025-03-31,17618000000.0,272.51,235192000000.0,64064304.0,3671.186375489227
8370.T,2026-03-31,21819000000.0,339.91,247541000000.0,64414794.0,3842.9215499781
8377.T,2022-03-31,,,,,
8377.T,2023-03-31,21435000000.0,159.18,608616000000.0,128115814.0,4750.514249552362
8377.T,2024-03-31,23048000000.0,176.99,660985000000.0,124568832.0,5306.182849976469
8377.T,2025-03-31,39072000000.0,311.56,654360000000.0,122699040.0,5333.049060530547
8377.T,2026-03-31,58899000000.0,484.82,727942000000.0,120410051.0,6045.525219485207
8381.T,2022-03-31,,,,,
8381.T,2023-03-31,15463000000.0,99.28,312751000000.0,154474817.0,2024.6083217564194
8381.T,2024-03-31,16800000000.0,109.28,324614000000.0,153488009.0,2114.914396993709
8381.T,2025-03-31,18737000000.0,122.89,312418000000.0,152140057.0,2053.489437038925
8381.T,2026-03-31,22698000000.0,150.01,321104000000.0,150290283.0,2136.5586223561772
8386.T,2022-03-31,,,,,
8386.T,2023-03-31,9172000000.0,78.8925,281097000000.0,115680000.0,2429.9533195020745
8386.T,2024-03-31,9642000000.0,84.05,329185000000.0,114223320.0,2881.9421463147805
8386.T,2025-03-31,13700000000.0,120.3075,328271000000.0,113681504.0,2887.6377286493325
8386.T,2026-03-31,18857000000.0,166.07,384424000000.0,113087540.0,3399.348858415348
8387.T,2022-03-31,,,,,
8387.T,2023-03-31,5549000000.0,133.28,149820000000.0,41655000.0,3596.6870723802663
8387.T,2024-03-31,7285000000.0,174.76,168088000000.0,41707914.0,4030.1224367154878
8387.T,2025-03-31,6813000000.0,163.29,160068000000.0,41737936.0,3835.0722469841344
8387.T,2026-03-31,17445000000.0,418.06,190963000000.0,41884149.0,4559.3143124383405
8388.T,2023-03-31,10207000000.0,248.21,278761000000.0,40767000.0,6837.908111953296
8388.T,2024-03-31,11263000000.0,277.28,332620000000.0,40112220.0,8292.236131532984
8388.T,2025-03-31,13202000000.0,330.88,334216000000.0,39590820.0,8441.754932077689
8388.T,2026-03-31,15527000000.0,396.84,399616000000.0,38876519.0,10279.109608553174
8392.T,2023-03-31,5409000000.0,68.552,187450000000.0,78918170.0,2375.2451431653826
8392.T,2024-03-31,6536000000.0,82.76,217809000000.0,79000275.0,2757.066351984218
8392.T,2025-03-31,7555000000.0,97.116,208488000000.0,76264875.0,2733.735549950092
8392.T,2026-03-31,10595000000.0,139.79,245163000000.0,75523855.0,3246.1663933865666
8393.T,2022-03-31,,,,,
8393.T,2023-03-31,8127000000.0,94.158,163158000000.0,86337000.0,1889.780742902811
8393.T,2024-03-31,7087000000.0,81.904,189850000000.0,86587550.0,2192.578494252349
8393.T,2025-03-31,9784000000.0,114.79,189638000000.0,84931775.0,2232.827466516507
8393.T,2026-03-31,14094000000.0,167.32,222334000000.0,83906280.0,2649.789741602178
8395.T,2023-03-31,5491000000.0,327.05,108761000000.0,16790909.0,6477.374155264613
8395.T,2024-03-31,6218000000.0,370.09,122846000000.0,16807844.0,7308.8493681878535
8395.T,2025-03-31,7496000000.0,444.35,116374000000.0,16890765.0,6889.800432366444
8395.T,2026-03-31,8585000000.0,508.05,126498000000.0,16901870.0,7484.2606173163085
8399.T,2023-03-31,5896000000.0,139.39,138160000000.0,41549317.0,3325.2050809884554
8399.T,2024-03-31,5651000000.0,135.71,142565000000.0,41667929.0,3421.4563435586156
8399.T,2025-03-31,5751000000.0,139.02,139828000000.0,41353457.0,3381.2892595654093
8399.T,2026-03-31,9084000000.0,221.526969,145524000000.0,41006294.0,3548.8210663465466
8410.T,2023-03-31,18854000000.0,16.03,250629000000.0,1175326000.0,213.24211325198286
8410.T,2024-03-31,31970000000.0,27.25,270548000000.0,1169916951.0,231.2540217224359
8410.T,2025-03-31,18221000000.0,15.57,277231000000.0,1169937206.0,236.96229043595355
8410.T,2026-03-31,13476000000.0,12.14,280498000000.0,1167984779.0,240.15552688979005
8411.T,2023-03-31,555527000000.0,219.2,9133296000000.0,2534222588.0,3603.983345128325
8411.T,2024-03-31,678993000000.0,267.88,10232540000000.0,2534510089.0,4037.28517176165
8411.T,2025-03-31,885433000000.0,350.2,10442214000000.0,2512846630.0,4155.531768367416
8411.T,2026-03-31,1248632000000.0,502.92,11316526000000.0,2438523296.0,4640.7290914804535
8418.T,2022-03-31,,,,,
8418.T,2023-03-31,17894000000.0,77.41,611854000000.0,225093616.0,2718.22013823795
8418.T,2024-03-31,25216000000.0,114.19,652792000000.0,216912408.0,3009.4728375335726
8418.T,2025-03-31,35345000000.0,165.17,619034000000.0,210984971.0,2934.0194093730024
8418.T,2026-03-31,33008000000.0,157.22,668189000000.0,206036586.0,3243.0599485860243
8424.T,2022-03-31,,,,,
8424.T,2023-03-31,38939000000.0,433.09,367181000000.0,89952459.0,4081.9451083599615
8424.T,2024-03-31,47219000000.0,523.813333,431962000000.0,90197619.0,4789.062114821457
8424.T,2025-03-31,45277000000.0,501.66,475561000000.0,90206700.0,5271.903306517143
8424.T,2026-03-31,21565000000.0,239.075897,503013000000.0,90201481.0,5576.54923648094
8425.T,2022-03-31,,,,,
8425.T,2023-03-31,28398000000.0,117.35,262761000000.0,242053505.0,1085.5492466428032
8425.T,2024-03-31,35220000000.0,144.870251,308904000000.0,243114095.0,1270.6132896161369
8425.T,2025-03-31,42038000000.0,154.54,382875000000.0,279903220.0,1367.8835134515423
8425.T,2026-03-31,47609000000.0,169.98,428077000000.0,280186810.0,1527.827095072748
8439.T,2022-03-31,,,,,
8439.T,2023-03-31,4765000000.0,9.74,763635000000.0,489603152.0,1559.7019685853656
8439.T,2024-03-31,72136000000.0,147.32,874468000000.0,489654140.0,1785.8891175718436
8439.T,2025-03-31,85279000000.0,174.51,1032152000000.0,487885776.0,2115.560753712156
8439.T,2026-03-31,111299000000.0,227.82,1122274000000.0,488761866.0,2296.1570410241457
8473.T,2022-03-31,,,,,
8473.T,2023-03-31,35445000000.0,66.935,1016112000000.0,544661678.0,1865.58379456981
8473.T,2024-03-31,87243000000.0,158.215,1262209000000.0,603718222.0,2090.7253649203253
8473.T,2025-03-31,162120000000.0,268.045,1261408000000.0,606048278.0,2081.3655376808115
8473.T,2026-03-31,427577000000.0,666.82,1794942000000.0,646362398.0,2776.9901305428352
8508.T,2022-12-31,12632000000.0,110.75,117268000000.0,116728828.0,1004.6190132226806
8508.T,2023-12-31,16310000000.0,120.39,151588000000.0,137295437.0,1104.1007866852851
8508.T,2024-12-31,6040000000.0,44.63,157270000000.0,132771342.0,1184.5176649641758
8508.T,2025-12-31,7939000000.0,59.69,161828000000.0,133144459.0,1215.4317289313558
8511.T,2022-03-31,,,,,
8511.T,2023-03-31,5966000000.0,67.76,135727000000.0,86197000.0,1574.6139656832604
8511.T,2024-03-31,8030000000.0,94.04,144606000000.0,83800123.0,1725.6060590746388
8511.T,2025-03-31,10375000000.0,124.61,134345000000.0,82398625.0,1630.4276922096697
8511.T,2026-03-31,10611000000.0,129.74,137493000000.0,80971218.0,1698.0478174355733
8522.T,2022-03-31,,,,,
8522.T,2023-03-31,8377000000.0,161.326667,245326000000.0,51829461.0,4733.331106800435
8522.T,2024-03-31,10036000000.0,198.043333,303346000000.0,50057199.0,6059.987495504893
8522.T,2025-03-31,14730000000.0,298.913333,276528000000.0,49177467.0,5623.063099203544
8522.T,2026-03-31,20269000000.0,412.05,313888000000.0,49196997.0,6380.22682563328
8524.T,2022-03-31,,,,,
8524.T,2023-03-31,9647000000.0,25.03,403353000000.0,385153179.0,1047.2534617194474
8524.T,2024-03-31,12830000000.0,33.33,442679000000.0,384743974.0,1150.58072358529
8524.T,2025-03-31,20608000000.0,53.92,380480000000.0,376539315.0,1010.4655339907866
8524.T,2026-03-31,25601000000.0,68.05,387505000000.0,374117080.0,1035.7853749954427
8537.T,2022-03-31,,,,,
8537.T,2023-03-31,1280000000.0,135.45,73106000000.0,9460400.0,7727.580229165786
8537.T,2024-03-31,1716000000.0,180.55,77647000000.0,9521363.0,8155.02990485711
8537.T,2025-03-31,2495000000.0,261.93,74980000000.0,9530226.0,7867.59936228165
8537.T,2026-03-31,2799000000.0,293.79,80799000000.0,9529900.0,8478.473016505945
8541.T,2023-03-31,5391000000.0,137.96,127540000000.0,39079777.0,3263.5805470435516
8541.T,2024-03-31,5055000000.0,129.38,137164000000.0,38972732.0,3519.4863937175355
8541.T,2025-03-31,5715000000.0,146.47,135453000000.0,39044470.0,3469.19807081515
8541.T,2026-03-31,7212000000.0,184.62,144137000000.0,39075801.0,3688.6511936121283
8544.T,2023-03-31,10390000000.0,81.8,290539000000.0,125565507.0,2313.8440399878286
8544.T,2024-03-31,10878000000.0,87.11,322746000000.0,123409414.0,2615.246191834279
8544.T,2025-03-31,12756000000.0,104.05,303979000000.0,121161387.0,2508.8768585985235
8544.T,2026-03-31,15912000000.0,131.66,323984000000.0,120212041.0,2695.1043947419544
8550.T,2022-03-31,,,,,
8550.T,2023-03-31,2652000000.0,25.59,153413000000.0,103540000.0,1481.6785783272164
8550.T,2024-03-31,2101000000.0,20.29,150198000000.0,103572411.0,1450.1738305580238
8550.T,2025-03-31,-22328000000.0,-215.45,151488000000.0,103665837.0,1461.3107305543676
8550.T,2026-03-31,8289000000.0,79.71,163242000000.0,104132576.0,1567.6362409396268
8551.T,2022-03-31,,249.44,,,
8551.T,2023-03-31,2659000000.0,316.68,75269000000.0,8403776.0,8956.569047056943
8551.T,2024-03-31,3073000000.0,364.62,86039000000.0,8439141.0,10195.231955479829
8551.T,2025-03-31,4011000000.0,475.57,86459000000.0,8306019.0,10409.198437903886
8551.T,2026-03-31,4363000000.0,,95018000000.0,8192606.0,11598.01899420038
8558.T,2022-03-31,,,,,
8558.T,2023-03-31,4094000000.0,105.58,117157000000.0,36926273.0,3172.727450723229
8558.T,2024-03-31,3530000000.0,89.84,118070000000.0,37004872.0,3190.6609486448165
8558.T,2025-03-31,4520000000.0,122.36,90639000000.0,36760446.0,2465.6664938178387
8558.T,2026-03-31,-24499000000.0,-687.18,89997000000.0,35436658.0,2539.6582262356683
8566.T,2022-03-31,,,,,
8566.T,2023-03-31,14872000000.0,482.48,211700000000.0,30824742.0,6867.859591493094
8566.T,2024-03-31,11278000000.0,365.89,221934000000.0,30824574.0,7199.904855132791
8566.T,2025-03-31,15658000000.0,507.99,234069000000.0,30824461.0,7593.612099170201
8566.T,2026-03-31,12821000000.0,415.96,241678000000.0,30824441.0,7840.466595971684
8570.T,2022-02-28,,,,,
8570.T,2023-02-28,30677000000.0,142.13,434813000000.0,215857728.0,2014.3499333042178
8570.T,2024-02-29,20896000000.0,96.798872,458398000000.0,215870284.0,2123.488196272536
8570.T,2025-02-28,15644000000.0,90.452805,461139000000.0,215880535.0,2136.084200458369
8570.T,2026-02-28,21092000000.0,97.700539,476842000000.0,215884173.0,2208.786282818426
8572.T,2022-03-31,,,,,
8572.T,2023-03-31,54926000000.0,35.06,581086000000.0,1566614048.0,370.9184152547571
8572.T,2024-03-31,53091000000.0,33.89,628010000000.0,1566613978.0,400.8709285242953
8572.T,2025-03-31,32124000000.0,20.51,653561000000.0,1566613978.0,417.18062597294147
8572.T,2026-03-31,79635000000.0,50.83,719018000000.0,1566613908.0,458.96311549916356
8584.T,2022-03-31,,,,,
8584.T,2023-03-31,21651000000.0,624.6,204250000000.0,34679607.0,5889.628449365069
8584.T,2024-03-31,23770000000.0,685.13,230601000000.0,34717015.0,6642.30493318622
8584.T,2025-03-31,18620000000.0,536.11,248396000000.0,34761460.0,7145.729782350914
8584.T,2026-03-31,15314000000.0,380.28,296740000000.0,44777278.0,6627.021856933778
8585.T,2022-03-31,,,,,
8585.T,2023-03-31,19035000000.0,110.92,227171000000.0,171518370.0,1324.4703759719732
8585.T,2024-03-31,12571000000.0,73.3,238211000000.0,171519630.0,1388.82645677349
8585.T,2025-03-31,13943000000.0,81.45,239333000000.0,171205871.0,1397.9251914789768
8585.T,2026-03-31,12889000000.0,75.3,250464000000.0,171185864.0,1463.1114634558844
8591.T,2022-03-31,,,,,
8591.T,2023-03-31,290340000000.0,231.35,3543607000000.0,1170305869.0,3027.9323498804056
8591.T,2024-03-31,346132000000.0,298.55,3941466000000.0,1151485206.0,3422.9410672949625
8591.T,2025-03-31,351630000000.0,307.74,4089782000000.0,1136289549.0,3599.2428194021873
8591.T,2026-03-31,447265000000.0,400.27,4482500000000.0,1098586820.0,4080.241923892733
8593.T,2023-03-31,116241000000.0,80.95,1530909000000.0,1436194244.0,1065.9484303016047
8593.T,2024-03-31,123842000000.0,86.3,1687132000000.0,1434422422.0,1176.1751448695634
8593.T,2025-03-31,135165000000.0,94.19,1790992000000.0,1435561047.0,1247.5902740205795
8593.T,2026-03-31,162206000000.0,112.98,1990314000000.0,1435921854.0,1386.0879646449062
8595.T,2022-03-31,,,,,
8595.T,2023-03-31,40571000000.0,586.92,130745000000.0,54384021.0,2404.1068975021176
8595.T,2024-03-31,7494000000.0,137.64,137638000000.0,54483650.0,2526.2257576355473
8595.T,2025-03-31,9632000000.0,176.61,137540000000.0,54567771.0,2520.5354274045753
8595.T,2026-03-31,6576000000.0,123.65,134112000000.0,52620094.0,2548.684158564977
8596.T,2022-03-31,,,,,
8596.T,2023-03-31,5862000000.0,257.89,37555000000.0,22737835.0,1651.6524110584846
8596.T,2024-03-31,3048000000.0,134.1,39785000000.0,22559574.0,1763.5528046761876
8596.T,2025-03-31,3569000000.0,158.17,42488000000.0,22585574.0,1881.2008054344778
8596.T,2026-03-31,3929000000.0,173.85,45335000000.0,22621729.0,2004.046640289962
8600.T,2023-03-31,14168000000.0,87.71,245189000000.0,162057911.0,1512.971495726611
8600.T,2024-03-31,14008000000.0,82.1,275164000000.0,192156394.0,1431.979411520389
8600.T,2025-03-31,15832000000.0,82.32,281615000000.0,192391408.0,1463.7607933094394
8600.T,2026-03-31,16163000000.0,83.85,294817000000.0,192077616.0,1534.8847311807535
8601.T,2023-03-31,63875000000.0,43.53,1416633000000.0,1452979772.0,974.9846675773267
8601.T,2024-03-31,121557000000.0,84.94,1529141000000.0,1401304512.0,1091.2267725574839
8601.T,2025-03-31,154368000000.0,109.53,1646081000000.0,1414976037.0,1163.3278281446967
8601.T,2026-03-31,175281000000.0,126.04,1769389000000.0,1385647148.0,1276.940527430725
8604.T,2022-03-31,,,,,
8604.T,2023-03-31,92786000000.0,30.86,3148567000000.0,3003679324.0,1048.2367324775046
8604.T,2024-03-31,165863000000.0,54.97,3350189000000.0,2970755160.0,1127.7230264913517
8604.T,2025-03-31,340736000000.0,115.3,3470879000000.0,2956210965.0,1174.09719437936
8604.T,2026-03-31,362129000000.0,123.08,3707868000000.0,2901337224.0,1277.9858781420992
8609.T,2022-03-31,,50.89,,,
8609.T,2023-03-31,529000000.0,2.59,173437000000.0,205130777.0,845.4947742922068
8609.T,2024-03-31,13167000000.0,64.29,199164000000.0,203238958.0,979.9499168855215
8609.T,2025-03-31,11652000000.0,,208230000000.0,201555667.0,1033.1140924953502
8609.T,2026-03-31,21360000000.0,106.72,230970000000.0,200072746.0,1154.4300991400398
8613.T,2022-03-31,,,,,
8613.T,2023-03-31,778000000.0,11.86,46086000000.0,65522937.0,703.3567497134629
8613.T,2024-03-31,2925000000.0,44.56,52524000000.0,65954982.0,796.3613726708318
8613.T,2025-03-31,4520000000.0,57.38,47720000000.0,66172284.0,721.1478449194832
8613.T,2026-03-31,5010000000.0,75.66,51443000000.0,66310521.0,775.7894105522108
8614.T,2022-03-31,,,,,
8614.T,2023-03-31,-2955000000.0,-37.18,34199000000.0,79702945.0,429.08075730451367
8614.T,2024-03-31,1305000000.0,16.36,39403000000.0,79826026.0,493.6109433782912
8614.T,2025-03-31,2653000000.0,34.45,30121000000.0,67902397.0,443.59258775503906
8614.T,2026-03-31,3937000000.0,57.97,30638000000.0,67916273.0,451.11427124394766
8616.T,2022-03-31,,,,,
8616.T,2023-03-31,1953000000.0,7.85,169832000000.0,248955317.0,682.1786417198714
8616.T,2024-03-31,10189000000.0,40.86,180270000000.0,250403664.0,719.9175807587225
8616.T,2025-03-31,11048000000.0,44.08,181917000000.0,251005495.0,724.7530576970038
8616.T,2026-03-31,16569000000.0,65.82,195772000000.0,253695999.0,771.6794934554723
8622.T,2022-03-31,,,,,
8622.T,2023-03-31,773000000.0,12.01,39020000000.0,64627704.0,603.7658401109221
8622.T,2024-03-31,2336000000.0,36.15,42824000000.0,64630751.0,662.5948072303848
8622.T,2025-03-31,2420000000.0,38.47,40094000000.0,61182741.0,655.315524356779
8622.T,2026-03-31,3095000000.0,51.29,42776000000.0,60233891.0,710.164980044208
8624.T,2023-03-31,758000000.0,21.93,27825000000.0,33763339.0,824.1187283046858
8624.T,2024-03-31,1929000000.0,57.11,29007000000.0,33840477.0,857.1687686317188
8624.T,2025-03-31,1564000000.0,47.11,27462000000.0,31813914.0,863.2072117878988
8624.T,2026-03-31,4392000000.0,137.32,31002000000.0,32160433.0,963.9795583598019
8628.T,2022-03-31,,,,,
8628.T,2023-03-31,7823000000.0,30.42,76354000000.0,257204902.0,296.8605940488646
8628.T,2024-03-31,9790000000.0,38.06,76326000000.0,257293993.0,296.64897773186647
8628.T,2025-03-31,10501000000.0,40.8,76601000000.0,257445593.0,297.542479198702
8628.T,2026-03-31,15480000000.0,60.11,82348000000.0,257594793.0,319.6803749057148
8630.T,2022-03-31,,,,,
8630.T,2023-03-31,26413000000.0,26.14,2967631000000.0,999251067.0,2969.8552225814137
8630.T,2024-03-31,529655000000.0,534.46,4107620000000.0,987602886.0,4159.181851560527
8630.T,2025-03-31,640086000000.0,250.9,4205191000000.0,939754288.0,4474.777134509866
8630.T,2026-03-31,243132000000.0,701.03,5167824000000.0,892243020.0,5791.946682866737
8697.T,2022-03-31,,,,,
8697.T,2023-03-31,46342000000.0,44.015,312734000000.0,1043373026.0,299.73364482972556
8697.T,2024-03-31,60822000000.0,58.45,328359000000.0,1040627944.0,315.53928749774184
8697.T,2025-03-31,79139000000.0,58.72,340823000000.0,1040446414.0,327.5738139071524
8697.T,2026-03-31,61092000000.0,76.81,345015000000.0,1027927899.0,335.6412452037164
8698.T,2022-03-31,,,,,
8698.T,2023-03-31,3392000000.0,12.85,99641000000.0,256365136.0,388.6682938041934
8698.T,2024-03-31,31293000000.0,121.67,131712000000.0,257563596.0,511.3766155058652
8698.T,2025-03-31,-5067000000.0,-19.79,123984000000.0,252693996.0,490.64877663337916
8698.T,2026-03-31,10914000000.0,43.41916,126397000000.0,251363684.0,502.845112661541
8699.T,2022-03-31,,,,,
8699.T,2023-03-31,11372000000.0,363.94,59632000000.0,31248882.0,1908.2922710642897
8699.T,2024-03-31,9463000000.0,310.67,71872000000.0,30096182.0,2388.076999268545
8699.T,2025-03-31,12100000000.0,402.07,86374000000.0,30096089.0,2869.941007949571
8699.T,2026-03-31,14688000000.0,488.05,100097000000.0,30096049.0,3325.918295786932
8704.T,2022-03-31,,,,,
8704.T,2023-03-31,3217000000.0,111.12,11975000000.0,28723283.0,416.90916738173695
8704.T,2024-03-31,3334000000.0,117.39,14117000000.0,27897523.0,506.03058916736086
8704.T,2025-03-31,4547000000.0,164.58,17410000000.0,27258183.0,638.7072828735503
8704.T,2026-03-31,4244000000.0,159.11,19873000000.0,26363423.0,753.8095489345219
8706.T,2022-03-31,,,,,
8706.T,2023-03-31,1168000000.0,36.63,47289000000.0,31902000.0,1482.320857626481
8706.T,2024-03-31,4341000000.0,136.08,53663000000.0,31901405.0,1682.151616833177
8706.T,2025-03-31,4446000000.0,139.38,51608000000.0,31901361.0,1617.7366225848484
8706.T,2026-03-31,4790000000.0,150.37,52508000000.0,31498314.0,1667.0098596388366
8707.T,2022-03-31,,,,,
8707.T,2023-03-31,3564000000.0,151.73,57557000000.0,23488954.0,2450.385828164166
8707.T,2024-03-31,5554000000.0,151.73,66345000000.0,23488856.0,2824.53091798085
8707.T,2025-03-31,6725000000.0,286.34,67701000000.0,23488856.0,2882.2604217080643
8707.T,2026-03-31,10443000000.0,444.61,74295000000.0,23488725.0,3163.006932049313
8708.T,2022-03-31,,,,,
8708.T,2023-03-31,-2375000000.0,-62.03,50996000000.0,37773678.0,1350.0406288209479
8708.T,2024-03-31,2975000000.0,79.39,55653000000.0,37142375.0,1498.3694499880528
8708.T,2025-03-31,3172000000.0,100.2,44564000000.0,31065135.0,1434.5342455456898
8708.T,2026-03-31,2752000000.0,88.44,47485000000.0,31173126.0,1523.2671885392565
8713.T,2022-03-31,,,,,
8713.T,2023-03-31,3266000000.0,179.19,90512000000.0,18061122.0,5011.427307782983
8713.T,2024-03-31,1178000000.0,65.2,85670000000.0,18093528.0,4734.842204350639
8713.T,2025-03-31,2816000000.0,156.21,77235000000.0,18025642.0,4284.72949812273
8713.T,2026-03-31,4128000000.0,228.75,85721000000.0,18060107.0,4746.428135780148
8714.T,2022-03-31,,,,,
8714.T,2023-03-31,9502000000.0,33.89,226531000000.0,280341632.0,808.053368256057
8714.T,2024-03-31,10874000000.0,33.89,242291000000.0,280407967.0,864.0660341865394
8714.T,2025-03-31,13246000000.0,47.28,237362000000.0,278064354.0,853.6225394787567
8714.T,2026-03-31,17336000000.0,62.29,250752000000.0,278444793.0,900.5447625662729
8715.T,2022-03-31,,,,,
8715.T,2023-03-31,2284000000.0,28.12,28184000000.0,81247684.0,346.8898879628372
8715.T,2024-03-31,2729000000.0,34.02,29895000000.0,79680524.0,375.18578567580704
8715.T,2025-03-31,3246000000.0,41.98,28067000000.0,74934928.0,374.5516376555403
8715.T,2026-03-31,2204000000.0,29.77,28942000000.0,73638428.0,393.0284877890115
8725.T,2022-03-31,,,,,
8725.T,2023-03-31,211006000000.0,43.513333,3092117000000.0,1602808041.0,1929.1873517622314
8725.T,2024-03-31,369266000000.0,77.276667,4467182000000.0,1585651038.0,2817.2541706493685
8725.T,2025-03-31,691657000000.0,193.36,4000616000000.0,1511266728.0,2647.193857893231
8725.T,2026-03-31,787339000000.0,528.87,4769215000000.0,1450939519.0,3286.9840110819946
8729.T,2022-03-31,,,,,
8729.T,2023-03-31,,,,,
8729.T,2024-03-31,,,,,
8729.T,2025-03-31,,11.02,,7082235514.0,
8729.T,2026-03-31,55498000000.0,7.96,629259000000.0,6708447188.0,93.80099184884573
8739.T,2022-03-31,,20.37,,,
8739.T,2023-03-31,4521000000.0,113.37,26046000000.0,39752952.0,655.1966253977818
8739.T,2024-03-31,6519000000.0,163.79,31441000000.0,39583177.0,794.3020844436008
8739.T,2025-03-31,5252000000.0,,33507000000.0,39623581.0,845.6328063836532
8739.T,2026-03-31,6384000000.0,161.41,39203000000.0,39518738.0,992.0104230049046
8750.T,2022-03-31,,,,,
8750.T,2023-03-31,173735000000.0,42.7525,2661759000000.0,3932755816.0,676.8177645738684
8750.T,2024-03-31,320765000000.0,82.42,3882155000000.0,3780688584.0,1026.8380782351155
8750.T,2025-03-31,458407000000.0,116.709791,3639366000000.0,3681036504.0,988.6796819442789
8750.T,2026-03-31,436597000000.0,119.83,4254211000000.0,3600951015.0,1181.4131828727473
8766.T,2022-03-31,,,,,
8766.T,2023-03-31,374605000000.0,186.42,3584291000000.0,1991104000.0,1800.1525786699237
8766.T,2024-03-31,695808000000.0,351.59,7511886000000.0,1972833147.0,3807.664125789346
8766.T,2025-03-31,450423000000.0,231.41,7085055000000.0,1922849729.0,3684.6639095841692
8766.T,2026-03-31,531255000000.0,279.35,7955554000000.0,1878512832.0,4235.027764771745
8771.T,2022-03-31,,52.92,,,
8771.T,2023-03-31,2864580000.0,60.68,20510448000.0,47466130.0,432.10702031111447
8771.T,2024-03-31,3262825000.0,68.6,22339555000.0,47688230.0,468.4500766751041
8771.T,2025-03-31,3491021000.0,73.1,24363904000.0,47926167.0,508.36329139361385
8771.T,2026-03-31,3589785000.0,,20379450000.0,44416667.0,458.8243868005675
8793.T,2022-03-31,,,,,
8793.T,2023-03-31,6418000000.0,298.14,109488000000.0,21529400.0,5085.510975689058
8793.T,2024-03-31,7034000000.0,326.66,115740000000.0,21534569.0,5374.614184291313
8793.T,2025-03-31,6611000000.0,306.98,121002000000.0,21539942.0,5617.563872734662
8793.T,2026-03-31,9180000000.0,426.15,130315000000.0,21544831.0,6048.550578094579
8795.T,2022-03-31,,,,,
8795.T,2023-03-31,-132150000000.0,-237.31,987166000000.0,547117744.0,1804.3026584785741
8795.T,2024-03-31,98777000000.0,183.13,1403905000000.0,530003037.0,2648.8621800104893
8795.T,2025-03-31,126384000000.0,241.72,1403341000000.0,512093829.0,2740.3981858957336
8795.T,2026-03-31,138968000000.0,289.597616,1612124000000.0,479865829.0,3359.530732495645
8801.T,2022-03-31,,,,,
8801.T,2023-03-31,196998000000.0,69.3,2902016000000.0,2800511385.0,1036.2450285128907
8801.T,2024-03-31,224647000000.0,80.19,3110966000000.0,2802152121.0,1110.2059651528818
8801.T,2025-03-31,248799000000.0,89.26,3147488000000.0,2772371213.0,1135.3053967812932
8801.T,2026-03-31,278684000000.0,101.04,3278091000000.0,2717536083.0,1206.273219519198
8802.T,2022-03-31,,,,,
8802.T,2023-03-31,165343000000.0,125.54,2157751000000.0,1296245306.0,1664.6162497270404
8802.T,2024-03-31,168432000000.0,131.96,2401175000000.0,1266236283.0,1896.3087949992032
8802.T,2025-03-31,189356000000.0,151.04,2563642000000.0,1245984068.0,2057.523900859381
8802.T,2026-03-31,222507000000.0,181.8,2689491000000.0,1206470102.0,2229.223082728328
8803.T,2022-03-31,,,,,
8803.T,2023-03-31,9137000000.0,127.135,119322000000.0,35786482.0,3334.275774858227
8803.T,2024-03-31,8450000000.0,118.065,125644000000.0,35789652.0,3510.6236853043442
8803.T,2025-03-31,9565000000.0,141.55,117996000000.0,33388222.0,3534.0606037662023
8803.T,2026-03-31,11032000000.0,165.63,126761000000.0,66070258.0,1918.5788558597728
8804.T,2021-12-31,,,,,
8804.T,2022-12-31,43062000000.0,206.15,445993000000.0,208891570.0,2135.0454688047007
8804.T,2023-12-31,45084000000.0,215.82,496898000000.0,208903193.0,2378.6041412971604
8804.T,2024-12-31,65882000000.0,315.5,536064000000.0,208776211.0,2567.6488591892303
8804.T,2025-12-31,58879000000.0,283.08,591022000000.0,207606566.0,2846.8367421481266
8818.T,2022-03-31,,,,,
8818.T,2023-03-31,4186440000.0,42.33,70870933000.0,97950032.0,723.5417033860693
8818.T,2024-03-31,3793846000.0,38.735,74874567000.0,97856528.0,765.146368160538
8818.T,2025-03-31,4388000000.0,44.95,76321000000.0,97139580.0,785.6838582172169
8818.T,2026-03-31,4675000000.0,48.43,81395000000.0,95404662.0,853.1553730571363
8830.T,2022-03-31,,,,,
8830.T,2023-03-31,161925000000.0,170.83,1799369000000.0,947877956.0,1898.3129511664686
8830.T,2024-03-31,177171000000.0,186.915,2050580000000.0,947876274.0,2163.3414151687057
8830.T,2025-03-31,191681000000.0,202.555,2168104000000.0,941339868.0,2303.210640176562
8830.T,2026-03-31,212535000000.0,228.42,2470710000000.0,923616325.0,2675.039335191482
8841.T,2022-03-31,,,,,
8841.T,2023-03-31,3257000000.0,34.28,99837000000.0,95039571.0,1050.4782265904798
8841.T,2024-03-31,5123000000.0,54.6,102235000000.0,93629282.0,1091.9126774890788
8841.T,2025-03-31,1787000000.0,19.31,100229000000.0,88199123.0,1136.3945194783853
8841.T,2026-03-31,2321000000.0,26.32,104090000000.0,88217483.0,1179.9248455093646
8844.T,2022-03-31,,,,,
8844.T,2023-03-31,3524000000.0,104.78,40853000000.0,33901806.0,1205.039047182324
8844.T,2024-03-31,4278000000.0,126.33,44628000000.0,33877137.0,1317.3486295491853
8844.T,2025-03-31,5323000000.0,157.061582,49314000000.0,33891412.0,1455.0588804030945
8844.T,2026-03-31,8236000000.0,243.01,56848000000.0,33895440.0,1677.157753373315
8848.T,2022-03-31,,,,,
8848.T,2023-03-31,19810000000.0,60.22,24401000000.0,329054304.0,74.15493340576393
8848.T,2024-03-31,42062000000.0,60.22,64147000000.0,317695154.0,201.91368735829064
8848.T,2025-03-31,17861000000.0,56.22,81662000000.0,317694894.0,257.0453650413406
8848.T,2026-03-31,14933000000.0,45.14,40679000000.0,317703614.0,128.0407216267927
8850.T,2022-03-31,,,,,
8850.T,2023-03-31,20218000000.0,407.07,142518000000.0,49667159.0,2869.46148862672
8850.T,2024-03-31,22095000000.0,444.84,162155000000.0,49670931.0,3264.585477570372
8850.T,2025-03-31,24274000000.0,492.15,174748000000.0,48172154.0,3627.572892007279
8850.T,2026-03-31,25311000000.0,526.61,188750000000.0,47344176.0,3986.7628068973045
8864.T,2022-03-31,,16.45,,,
8864.T,2023-03-31,1564483000.0,31.28,54849733000.0,50038350.0,1096.1539099510676
8864.T,2024-03-31,2020003000.0,40.27,58132658000.0,50187667.0,1158.3056450900576
8864.T,2025-03-31,2577000000.0,,59910000000.0,50288468.0,1191.32680677407
8864.T,2026-03-31,3479000000.0,69.61,61598000000.0,49380509.0,1247.415250417933
8871.T,2022-03-31,,222.86,,,
8871.T,2023-03-31,7031000000.0,209.65,130436000000.0,33302238.0,3916.733764259327
8871.T,2024-03-31,3753000000.0,112.9,131414000000.0,33235148.0,3954.066941419969
8871.T,2025-03-31,5014000000.0,150.88,133772000000.0,33235062.0,4025.0263411574197
8871.T,2026-03-31,5862000000.0,,135983000000.0,33235057.0,4091.5530850451078
8876.T,2022-03-31,,,,,
8876.T,2023-03-31,20887000000.0,136.62,68615000000.0,152854478.0,448.8910033764271
8876.T,2024-03-31,-27807000000.0,-181.93,38624000000.0,152841568.0,252.70612246008886
8876.T,2025-03-31,43317000000.0,286.85,68198000000.0,149691515.0,455.5902851273835
8876.T,2026-03-31,20665000000.0,137.11,84568000000.0,151458315.0,558.3582519058132
8877.T,2023-03-31,6147224000.0,398.4,60965924000.0,15430600.0,3950.9755939496845
8877.T,2024-03-31,7518383000.0,487.27,66873055000.0,15429585.0,4334.07995095137
8877.T,2025-03-31,9330772000.0,604.74,73460421000.0,15429407.0,4761.065736356556
8877.T,2026-03-31,11171834000.0,724.06,81549826000.0,15429326.0,5285.378376216822
8892.T,2021-12-31,,67.48,,,
8892.T,2022-12-31,7250000000.0,76.04,65905000000.0,95258087.0,691.8572698189919
8892.T,2023-12-31,9831000000.0,103.16,72127000000.0,95344437.0,756.4888132907009
8892.T,2025-03-31,11193000000.0,,79139000000.0,95673633.0,827.1766997705627
8892.T,2026-03-31,12191000000.0,127.31,86733000000.0,95889133.0,904.5133404220059
8897.T,2022-03-31,,,,,
8897.T,2023-03-31,4584000000.0,41.9,61597000000.0,109807393.0,560.954944081042
8897.T,2024-03-31,8178000000.0,74.39,65992000000.0,110097293.0,599.3971168755257
8897.T,2025-03-31,8207000000.0,62.69,83279000000.0,135855592.0,612.996482323672
8897.T,2026-03-31,4758000000.0,35.01,84112000000.0,135978592.0,618.5679581091706
8914.T,2021-12-31,,,,,
8914.T,2022-12-31,2883362000.0,113.77,23072605000.0,25354996.0,909.9825927797425
8914.T,2023-12-31,2821439000.0,111.25,25021168000.0,25367150.0,986.3610220304606
8914.T,2024-12-31,3200941000.0,63.055,26769877000.0,25390633.0,1054.320977346252
8914.T,2025-12-31,3704733000.0,72.91,29228660000.0,50831968.0,575.0054768684148
8919.T,2022-03-31,,,,,
8919.T,2023-03-31,6091000000.0,78.66,35767000000.0,77733724.0,460.122044326604
8919.T,2024-03-31,8497000000.0,109.23,40340000000.0,77969325.0,517.3829579773841
8919.T,2025-03-31,9550000000.0,122.22,45717000000.0,78196916.0,584.6394249103123
8919.T,2026-03-31,12470000000.0,159.43,53058000000.0,78241206.0,678.1337189511113
8923.T,2021-11-30,,,,,
8923.T,2022-11-30,8607088000.0,90.83,72290677000.0,94519356.0,764.8240536044278
8923.T,2023-11-30,10507095000.0,109.87,82046685000.0,96754070.0,847.9920792996098
8923.T,2024-11-30,11985203000.0,123.715,90500287000.0,96922004.0,933.7434562331171
8923.T,2025-11-30,14754770000.0,152.18,102805108000.0,96969600.0,1060.1787364287363
8929.T,2021-12-31,,,,,
8929.T,2022-12-31,1694000000.0,69.82,8293000000.0,24300531.0,341.2682628210882
8929.T,2023-12-31,2062000000.0,84.81,9545000000.0,24331613.0,392.28800819740144
8929.T,2024-12-31,2428000000.0,100.03,9800000000.0,23943769.0,409.292288110531
8929.T,2025-12-31,2750000000.0,114.78,11679000000.0,23978609.0,487.05911172745675
8934.T,2022-03-31,,,,,
8934.T,2023-03-31,11612000000.0,238.98,80730000000.0,48518331.0,1663.9071941695604
8934.T,2024-03-31,11917000000.0,245.5,90549000000.0,48552292.0,1864.978897391703
8934.T,2025-03-31,14163000000.0,291.522422,102188000000.0,48582884.0,2103.3745135426707
8934.T,2026-03-31,15986000000.0,327.76,119763000000.0,51684694.0,2317.1850451508913
8935.T,2022-03-31,,193.93,,,
8935.T,2023-03-31,5621000000.0,171.97,63022000000.0,32685500.0,1928.1332701044805
8935.T,2024-03-31,6453000000.0,197.31,68030000000.0,32714411.0,2079.51168676092
8935.T,2025-03-31,6483000000.0,198.11,72920000000.0,32731385.0,2227.8311779351834
8935.T,2026-03-31,10010000000.0,,81125000000.0,32752185.0,2476.933981656491
9001.T,2023-03-31,29179000000.0,140.06,474752000000.0,206716303.0,2296.6355004907377
9001.T,2024-03-31,48164000000.0,232.99,535691000000.0,206714260.0,2591.456438467283
9001.T,2025-03-31,51330000000.0,252.99,554506000000.0,199622209.0,2777.7770959342506
9001.T,2026-03-31,55620000000.0,282.92,615603000000.0,195531351.0,3148.3595692027925
9003.T,2022-03-31,,18.94,,,
9003.T,2023-03-31,6980000000.0,71.25,145695000000.0,97975499.0,1487.0554525065497
9003.T,2024-03-31,16080000000.0,164.126866,164652000000.0,97972991.0,1680.5856218067283
9003.T,2025-03-31,22407000000.0,,181985000000.0,97282997.0,1870.6763320624261
9003.T,2026-03-31,24848000000.0,258.56,203238000000.0,95969073.0,2117.7447447054114
9005.T,2023-03-31,25995000000.0,42.94,740618000000.0,614659876.0,1204.9232899659778
9005.T,2024-03-31,63935000000.0,106.12,790497000000.0,599136653.0,1319.3934906866732
9005.T,2025-03-31,79677000000.0,134.81,827972000000.0,574584447.0,1440.9927110331269
9005.T,2026-03-31,87071000000.0,152.25,912866000000.0,569948884.0,1601.6629308813594
9006.T,2022-03-31,,,,,
9006.T,2023-03-31,15817000000.0,57.46,271084000000.0,275281542.0,984.7518218275601
9006.T,2024-03-31,83750000000.0,57.46,355119000000.0,275289062.0,1289.9858694712686
9006.T,2025-03-31,24301000000.0,88.4,371560000000.0,274513082.0,1353.5238367984225
9006.T,2026-03-31,27492000000.0,101.9,388281000000.0,268295003.0,1447.2166669462717
9007.T,2022-03-31,,,,,
9007.T,2023-03-31,40736000000.0,112.11,387385000000.0,363379162.0,1066.0627810022854
9007.T,2024-03-31,81524000000.0,225.28,459318000000.0,357822360.0,1283.6481208161501
9007.T,2025-03-31,51958000000.0,147.51,478275000000.0,345216535.0,1385.4347967428616
9007.T,2026-03-31,37368000000.0,108.25,507595000000.0,345217888.0,1470.3612345835336
9008.T,2023-03-31,13114000000.0,21.48,351588000000.0,610551925.0,575.8527417631187
9008.T,2024-03-31,29243000000.0,47.898,393180000000.0,610541970.0,643.9852120239989
9008.T,2025-03-31,42857000000.0,70.748,414637000000.0,591319185.0,701.2067433597643
9008.T,2026-03-31,42929000000.0,51.36,443839000000.0,578883605.0,766.7154435994089
9009.T,2022-03-31,,-8.776667,,,
9009.T,2023-03-31,26929000000.0,53.906667,394910000000.0,502449555.0,785.9694492116726
9009.T,2024-03-31,87657000000.0,174.856667,451621000000.0,487620696.0,926.1727480082183
9009.T,2025-03-31,69961000000.0,143.46,508982000000.0,482230812.0,1055.4738256749965
9009.T,2026-03-31,48023000000.0,,557826000000.0,482239218.0,1156.7412586505977
9010.T,2022-03-31,,,,,
9010.T,2023-03-31,2318698000.0,43.67,25879862000.0,53100326.0,487.3767065008226
9010.T,2024-03-31,4571594000.0,86.1,31336584000.0,53097801.0,590.1672651189454
9010.T,2025-03-31,5107705000.0,96.19,35688181000.0,53098326.0,672.1149928530704
9010.T,2026-03-31,5798567000.0,672.12,41802577000.0,53097903.0,787.2735953433039
9020.T,2022-03-31,,,,,
9020.T,2023-03-31,99232000000.0,87.79,2473251000000.0,1129916400.0,2188.879637466984
9020.T,2024-03-31,196449000000.0,173.82,2717894000000.0,1131352059.0,2402.3414978378537
9020.T,2025-03-31,224285000000.0,198.29,2859543000000.0,1131286221.0,2527.691884616351
9020.T,2026-03-31,247846000000.0,219.42,3047108000000.0,1129068483.0,2698.780495496304
9021.T,2022-03-31,,,,,
9021.T,2023-03-31,88528000000.0,181.643866,1034475000000.0,487371260.0,2122.5605301387695
9021.T,2024-03-31,98761000000.0,202.63,1108045000000.0,487419494.0,2273.288232497324
9021.T,2025-03-31,113958000000.0,240.08,1156653000000.0,470480759.0,2458.449103122621
9021.T,2026-03-31,127499000000.0,277.73,1207705000000.0,455083814.0,2653.80785439229
9022.T,2022-03-31,,,,,
9022.T,2023-03-31,219417000000.0,222.99,3759254000000.0,983995740.0,3820.396620822769
9022.T,2024-03-31,384411000000.0,390.66,4169659000000.0,983995180.0,4237.479090090665
9022.T,2025-03-31,458423000000.0,465.88,4600534000000.0,983995030.0,4675.363045278796
9022.T,2026-03-31,552871000000.0,570.84,5068159000000.0,955172009.0,5306.017086185364
9023.T,2023-03-31,27771000000.0,47.798623,633343000000.0,581000000.0,1090.091222030981
9023.T,2024-03-31,46262000000.0,79.624785,668395000000.0,581000000.0,1150.421686746988
9023.T,2025-03-31,53748000000.0,92.51,716529000000.0,581000000.0,1233.2685025817557
9023.T,2026-03-31,59015000000.0,101.63,734749000000.0,580596893.0,1265.5062554735373
9024.T,2022-03-31,,,,,
9024.T,2023-03-31,56753000000.0,188.7,372641000000.0,300980236.0,1238.0912612481306
9024.T,2024-03-31,26990000000.0,89.645516,426896000000.0,301074736.0,1417.907080718988
9024.T,2025-03-31,258182000000.0,901.99,561750000000.0,265230682.0,2117.96763392555
9024.T,2026-03-31,38857000000.0,150.93,568932000000.0,254177788.0,2238.323043396695
9025.T,2022-03-31,,,,,
9025.T,2023-03-31,8301000000.0,156.74,121294000000.0,52990625.0,2288.9709264610487
9025.T,2024-03-31,11349000000.0,214.05,133265000000.0,53036936.0,2512.682859356732
9025.T,2025-03-31,14050000000.0,264.81,146774000000.0,53072839.0,2765.5200431241296
9025.T,2026-03-31,14268000000.0,268.76,159075000000.0,53099618.0,2995.784263457413
9028.T,2022-06-30,2535000000.0,150.91,30067000000.0,16565260.0,1815.0635728023587
9028.T,2023-06-30,3438000000.0,203.96,33285000000.0,16603260.0,2004.7267825716156
9028.T,2024-06-30,4151000000.0,245.61,37209000000.0,16639460.0,2236.1903571389935
9028.T,2025-06-30,,423.91,,,
9031.T,2022-03-31,,,,,
9031.T,2023-03-31,18368000000.0,233.1,195116000000.0,78830186.0,2475.1432148086014
9031.T,2024-03-31,24723000000.0,314.0,229295000000.0,78685334.0,2914.0754489267338
9031.T,2025-03-31,20810000000.0,267.21,249264000000.0,77474964.0,3217.349026454533
9031.T,2026-03-31,32155000000.0,423.28,284085000000.0,75513614.0,3762.036869272341
9037.T,2022-03-31,,,,,
9037.T,2023-03-31,7400000000.0,98.48,77378000000.0,75148844.0,1029.6632107873809
9037.T,2024-03-31,8305000000.0,110.69143,83935000000.0,75028392.0,1118.7098345383704
9037.T,2025-03-31,8931000000.0,120.676795,89558000000.0,74007600.0,1210.118960755382
9037.T,2026-03-31,10720000000.0,144.83,97948000000.0,74027882.0,1323.1230902972477
9039.T,2023-03-31,8210000000.0,201.93,82363000000.0,40659800.0,2025.6617100920319
9039.T,2024-03-31,8359000000.0,205.6,89310000000.0,40659728.0,2196.5223181030624
9039.T,2025-03-31,8765000000.0,215.58,95999000000.0,40659728.0,2361.033994128047
9039.T,2026-03-31,8652000000.0,213.56,99348000000.0,40259728.0,2467.6768804796693
9041.T,2022-03-31,,,,,
9041.T,2023-03-31,88779000000.0,466.81,441850000000.0,190180061.0,2323.324525592617
9041.T,2024-03-31,47808000000.0,252.78,521806000000.0,190174382.0,2743.829082089511
9041.T,2025-03-31,46716000000.0,131.46,544125000000.0,190170896.0,2861.2422376134778
9041.T,2026-03-31,53771000000.0,282.77,611705000000.0,190148337.0,3216.98842940709
9042.T,2022-03-31,,88.89,,,
9042.T,2023-03-31,46952000000.0,194.88,906801000000.0,240904385.0,3764.1531514671265
9042.T,2024-03-31,67774000000.0,281.84,978797000000.0,240201268.0,4074.903551300154
9042.T,2025-03-31,67386000000.0,,1035891000000.0,238672130.0,4340.226066612805
9042.T,2026-03-31,78538000000.0,,1103947000000.0,237228438.0,4653.5188163233615
9044.T,2022-03-31,,,,,
9044.T,2023-03-31,14623000000.0,129.13,261120000000.0,113228446.0,2306.134273007686
9044.T,2024-03-31,23926000000.0,211.31,292579000000.0,113231096.0,2583.910342084828
9044.T,2025-03-31,22548000000.0,198.69,311265000000.0,113227140.0,2749.0317250793405
9044.T,2026-03-31,25135000000.0,227.51,333516000000.0,108199677.0,3082.412159141658
9045.T,2023-03-31,17621000000.0,164.38,268369000000.0,107204503.0,2503.3370100134694
9045.T,2024-03-31,24890000000.0,232.14,298587000000.0,107226183.0,2784.6463582500182
9045.T,2025-03-31,28266000000.0,268.32,307331000000.0,101609575.0,3024.626370103408
9045.T,2026-03-31,33581000000.0,332.79,341200000000.0,100900847.0,3381.5375206909807
9048.T,2023-03-31,18850000000.0,95.91,404431000000.0,196528692.0,2057.872547180032
9048.T,2024-03-31,24400000000.0,124.13,438486000000.0,196583940.0,2230.5280889171313
9048.T,2025-03-31,37733000000.0,192.12,461709000000.0,196073038.0,2354.7806710680943
9048.T,2026-03-31,22954000000.0,117.05,485064000000.0,196130264.0,2473.1726257198125
9052.T,2022-03-31,,268.55,,,
9052.T,2023-03-31,2664000000.0,119.94,49644000000.0,22218598.0,2234.34439922807
9052.T,2024-03-31,3110000000.0,140.02,54376000000.0,22217436.0,2447.44713116311
9052.T,2025-03-31,3031000000.0,136.44,57570000000.0,22219482.0,2590.9694924481137
9052.T,2026-03-31,4045000000.0,,62227000000.0,22219659.0,2800.5380280588465
9064.T,2023-03-31,45898000000.0,126.64,610379000000.0,362272892.0,1684.859710673577
9064.T,2024-03-31,37626000000.0,107.23,585754000000.0,342947507.0,1707.9990028911334
9064.T,2025-03-31,37937000000.0,111.87,589258000000.0,326185141.0,1806.5139270093239
9064.T,2026-03-31,13662000000.0,43.07,571032000000.0,316676561.0,1803.202605828475
9065.T,2022-03-31,,,,,
9065.T,2023-03-31,24959000000.0,426.68,269283000000.0,58495025.0,4603.5197010344045
9065.T,2024-03-31,24379000000.0,428.6,282045000000.0,55484571.0,5083.305050695985
9065.T,2025-03-31,30747000000.0,570.99,293210000000.0,52541459.0,5580.545450783923
9065.T,2026-03-31,31505000000.0,614.05,303167000000.0,50127429.0,6047.926375797171
9068.T,2022-03-31,,,,,
9068.T,2023-03-31,8931000000.0,440.37,114162000000.0,20283844.0,5628.223131670703
9068.T,2024-03-31,9741000000.0,481.19,125925000000.0,20041921.0,6283.08034943357
9068.T,2025-03-31,9804000000.0,491.24,130052000000.0,19523719.0,6661.230885365641
9068.T,2026-03-31,12685000000.0,651.01,142039000000.0,19278724.0,7367.655660198258
9069.T,2022-03-31,,,,,
9069.T,2023-03-31,15341000000.0,102.9,160874000000.0,149216738.0,1078.1230186120272
9069.T,2024-03-31,15944000000.0,106.25,179557000000.0,149698074.0,1199.460989725225
9069.T,2025-03-31,18610000000.0,118.9,217379000000.0,170740719.0,1273.152656689937
9069.T,2026-03-31,19320000000.0,113.68,227534000000.0,167418605.0,1359.0723683308674
9072.T,2022-03-31,,,,,
9072.T,2023-03-31,15913000000.0,123.305,229082000000.0,128352602.0,1784.786567864047
9072.T,2024-03-31,16608000000.0,130.495,246099000000.0,126127338.0,1951.1947520845956
9072.T,2025-03-31,16550000000.0,133.99,241779000000.0,120885412.0,2000.0676342981733
9072.T,2026-03-31,18237000000.0,152.85,237885000000.0,116658272.0,2039.161012088367
9075.T,2023-03-31,20791000000.0,513.72,266700000000.0,40473363.0,6589.519136326774
9075.T,2024-03-31,7834000000.0,193.56,294652000000.0,40479119.0,7279.110990533169
9075.T,2025-03-31,8748000000.0,217.85,285947000000.0,39674844.0,7207.262112990286
9075.T,2026-03-31,13696000000.0,369.5,283111000000.0,35349617.0,8008.884509272052
9076.T,2022-03-31,,,,,
9076.T,2023-03-31,19013000000.0,104.87,444845000000.0,181570002.0,2449.9917117366117
9076.T,2024-03-31,14561000000.0,83.72,430380000000.0,168101210.0,2560.2433200808014
9076.T,2025-03-31,19253000000.0,115.41,396997000000.0,149064882.0,2663.24968479162
9076.T,2026-03-31,23638000000.0,157.0,443612000000.0,162347612.0,2732.482446369461
9081.T,2022-03-31,,,,,
9081.T,2023-03-31,1149000000.0,93.65,48234000000.0,12272000.0,3930.4106910039113
9081.T,2024-03-31,3262000000.0,265.88,54604000000.0,12271502.0,4449.65905559075
9081.T,2025-03-31,5083000000.0,414.28,57727000000.0,12271190.0,4704.270734949097
9081.T,2026-03-31,3619000000.0,294.99,63325000000.0,12271086.0,5160.504946342972
9090.T,2022-03-31,,,,,
9090.T,2023-03-31,7780000000.0,61.86,35915000000.0,125849541.0,285.3804607837227
9090.T,2024-03-31,9119000000.0,70.88,55115000000.0,134889562.0,408.5935129658142
9090.T,2025-03-31,7276000000.0,54.06,57766000000.0,134666206.0,428.9569129169645
9090.T,2026-03-31,7448000000.0,55.3,62390000000.0,134683245.0,463.23505199180494
9101.T,2022-03-31,,,,,
9101.T,2023-03-31,1012523000000.0,1993.71,2478640000000.0,508174294.0,4877.5391224334535
9101.T,2024-03-31,228603000000.0,468.13,2650370000000.0,459137519.0,5772.497106689292
9101.T,2025-03-31,477707000000.0,1070.32,2923763000000.0,433387496.0,6746.302159119053
9101.T,2026-03-31,211750000000.0,504.85,3071993000000.0,405491612.0,7575.971756476186
9104.T,2022-03-31,,,,,
9104.T,2023-03-31,796060000000.0,2204.04,1925895000000.0,361747900.0,5323.859516530711
9104.T,2024-03-31,261651000000.0,722.85,2354173000000.0,362344483.0,6497.0576632182365
9104.T,2025-03-31,425492000000.0,1186.6,2686669000000.0,349458689.0,7688.087561045019
9104.T,2026-03-31,213260000000.0,619.78,2874366000000.0,343595296.0,8365.5569021527
9107.T,2022-03-31,,,,,
9107.T,2023-03-31,694904000000.0,857.01,1515397000000.0,741823167.0,2042.800855260968
9107.T,2024-03-31,101989000000.0,141.37,1591923000000.0,706955015.0,2251.8024007510576
9107.T,2025-03-31,305384000000.0,460.11,1648433000000.0,640481310.0,2573.7409886324394
9107.T,2026-03-31,132986000000.0,210.42,1802702000000.0,632094692.0,2851.949277245315
9110.T,2022-03-31,,,,,
9110.T,2023-03-31,27603000000.0,1171.29,137406000000.0,23565991.0,5830.690506501509
9110.T,2024-03-31,17986000000.0,763.2,149584000000.0,23565740.0,6347.519746886795
9110.T,2025-03-31,18621000000.0,790.18,162738000000.0,23565645.0,6905.730778852011
9110.T,2026-03-31,24095000000.0,1022.46,187199000000.0,23565487.0,7943.778119247016
9115.T,2022-03-31,,,,,
9115.T,2023-03-31,6439371000.0,190.17,35332624000.0,34008000.0,1038.9503646200894
9115.T,2024-03-31,5189393000.0,153.53,42774093000.0,33760799.0,1266.9751388289121
9115.T,2025-03-31,2812147000.0,83.11,47756014000.0,33933105.0,1407.357623182435
9115.T,2026-03-31,4314282000.0,126.89,53301898000.0,34056345.0,1565.1091742228944
9119.T,2022-03-31,,,,,
9119.T,2023-03-31,23378000000.0,220.96,110561000000.0,105804086.0,1044.9596436190564
9119.T,2024-03-31,19745000000.0,186.61,132069000000.0,105803696.0,1248.2456189432173
9119.T,2025-03-31,18367000000.0,186.61,145504000000.0,105803059.0,1375.2343398691337
9119.T,2026-03-31,15391000000.0,145.47,158225000000.0,105802797.0,1495.4708617013216
9142.T,2022-03-31,,84.34,,,
9142.T,2023-03-31,31166000000.0,198.36,406052000000.0,157120113.0,2584.3413185427125
9142.T,2024-03-31,38445000000.0,244.68,441427000000.0,157124913.0,2809.4017146727074
9142.T,2025-03-31,43657000000.0,,456506000000.0,156190115.0,2922.758588147528
9142.T,2026-03-31,45468000000.0,295.39,493928000000.0,153833866.0,3210.788448884201
9143.T,2022-03-31,,,,,
9143.T,2023-03-31,126511000000.0,199.56,553855000000.0,630215400.0,878.8344429539487
9143.T,2024-03-31,58279000000.0,92.98,577507000000.0,625467561.0,923.3204661752235
9143.T,2025-03-31,58120000000.0,92.92,580145000000.0,625469610.0,927.5350724074348
9143.T,2026-03-31,59066000000.0,98.17,546195000000.0,596733203.0,915.3085453500398
9147.T,2022-12-31,108318000000.0,400.78,756512000000.0,267472107.0,2828.3771660721245
9147.T,2023-12-31,37050000000.0,139.53,800061000000.0,263818749.0,3032.6161542066898
9147.T,2024-12-31,31733000000.0,121.47,853948000000.0,259799208.0,3286.9538232002615
9147.T,2025-12-31,2693000000.0,10.79,829490000000.0,242486522.0,3420.7674437262126
9166.T,2022-01-31,,,,,
9166.T,2023-01-31,3494000000.0,27.491376,11228000000.0,135894400.0,82.6229778416182
9166.T,2024-01-31,4178000000.0,15.8,19430000000.0,137186252.0,141.63226793308706
9166.T,2025-01-31,3252000000.0,22.3,35430000000.0,156609324.0,226.23174083811256
9166.T,2026-01-31,3826000000.0,21.55,65231000000.0,184875506.0,352.8374386166656
9201.T,2022-03-31,,,,,
9201.T,2023-03-31,34423000000.0,78.77,816288000000.0,437007500.0,1867.9038689267347
9201.T,2024-03-31,95534000000.0,218.61,909947000000.0,437007173.0,2082.2244032136286
9201.T,2025-03-31,107038000000.0,245.09,975057000000.0,436557021.0,2233.515790827242
9201.T,2026-03-31,137605000000.0,306.96,1289639000000.0,429827724.0,3000.3625359447497
9202.T,2023-03-31,89477000000.0,190.24,862419000000.0,470332561.0,1833.636604206954
9202.T,2024-03-31,157097000000.0,335.09,1044508000000.0,470068917.0,2222.0316260562277
9202.T,2025-03-31,153027000000.0,325.58,1130317000000.0,469963027.0,2405.1189882220247
9202.T,2026-03-31,169075000000.0,358.37,1491999000000.0,453558832.0,3289.537971118155
9247.T,2022-03-31,,110.79,,,
9247.T,2023-03-31,5197000000.0,101.2,65483000000.0,51358075.0,1275.0283183316353
9247.T,2024-03-31,3623000000.0,70.54,67138000000.0,51369623.0,1306.959173128446
9247.T,2025-03-31,12285000000.0,241.86,73160000000.0,48801315.0,1499.139930962926
9247.T,2026-03-31,14730000000.0,,82892000000.0,47024371.0,1762.7455346505326
9267.T,2022-06-30,,,,,
9267.T,2023-06-30,4764000000.0,156.92,40680000000.0,30367940.0,1339.5706129556368
9267.T,2024-06-30,6324000000.0,208.21,46679000000.0,30383866.0,1536.308776506584
9267.T,2025-06-30,7066000000.0,232.51,53427000000.0,30396002.0,1757.6982657127078
9267.T,2026-06-30,7875000000.0,258.51,61372000000.0,30506899.0,2011.7416719411567
9273.T,2022-06-30,2359319000.0,59.55,18665831000.0,39618624.0,471.1377911559977
9273.T,2023-06-30,2687220000.0,67.83,20923487000.0,39618624.0,528.1225062233358
9273.T,2024-06-30,2946337000.0,74.14,25051674000.0,42118624.0,594.7885192070852
9273.T,2025-06-30,,86.38,,,
9273.T,2026-06-30,3748744000.0,,31180369000.0,42118504.0,740.3009613066979
9274.T,2022-03-31,,,,,
9274.T,2023-03-31,15722000000.0,219.09,67728000000.0,71691676.0,944.7121866700396
9274.T,2024-03-31,10613000000.0,149.24,81810000000.0,68811953.0,1188.8922844552894
9274.T,2025-03-31,7986000000.0,118.0,86120000000.0,65963110.0,1305.5782239497198
9274.T,2026-03-31,5618000000.0,87.44,89437000000.0,62321933.0,1435.0806480922215
9278.T,2022-05-31,,,,,
9278.T,2023-05-31,2769000000.0,140.15,18858000000.0,19764000.0,954.1590771098968
9278.T,2024-05-31,1705000000.0,86.26,20236000000.0,19764174.0,1023.8727912433882
9278.T,2025-05-31,2101000000.0,108.54,18625000000.0,17546705.0,1061.4528482698033
9278.T,2026-05-31,2763000000.0,157.45,21148000000.0,17552505.0,1204.8422718010904
9279.T,2021-10-31,,,,,
9279.T,2022-10-31,1538232000.0,38.615,5432060000.0,39850100.0,136.31233045839284
9279.T,2023-10-31,1597276000.0,40.055,6767513000.0,39887964.0,169.6630341924697
9279.T,2024-10-31,1875631000.0,46.99,8372260000.0,39929800.0,209.6744787101363
9279.T,2025-10-31,2185836000.0,54.67,10342837000.0,40033558.0,258.35417876172784
9301.T,2022-03-31,,,,,
9301.T,2023-03-31,27226000000.0,68.4,350795000000.0,390729540.0,897.7949299661346
9301.T,2024-03-31,27787000000.0,71.892,405425000000.0,378995765.0,1069.7349085154026
9301.T,2025-03-31,31864000000.0,85.92,374665000000.0,360054741.0,1040.5778825725836
9301.T,2026-03-31,54773000000.0,155.84,379537000000.0,344040271.0,1103.1760871970712
9302.T,2022-03-31,,,,,
9302.T,2023-03-31,15617000000.0,209.36,93285000000.0,74624982.0,1250.0505527760126
9302.T,2024-03-31,12107000000.0,162.07,109906000000.0,74731866.0,1470.6711592080412
9302.T,2025-03-31,10040000000.0,44.75,117177000000.0,74806920.0,1566.39252090582
9302.T,2026-03-31,11151000000.0,49.423333,142070000000.0,76808473.0,1849.6657263320415
9303.T,2022-03-31,,,,,
9303.T,2023-03-31,22455000000.0,281.09,217553000000.0,79391315.0,2740.2619543460137
9303.T,2024-03-31,12490000000.0,158.599221,255241000000.0,78751963.0,3241.0747653363255
9303.T,2025-03-31,20065000000.0,257.32,263831000000.0,77308359.0,3412.709872680133
9303.T,2026-03-31,17668000000.0,230.86,313893000000.0,76214140.0,4118.566449742791
9304.T,2022-03-31,,,,,
9304.T,2023-03-31,3759000000.0,61.95,57072000000.0,60610988.0,941.6114451062899
9304.T,2024-03-31,3728000000.0,61.5175,61735000000.0,60615552.0,1018.467999763493
9304.T,2025-03-31,4908000000.0,84.305,64374000000.0,57575436.0,1118.0809816186195
9304.T,2026-03-31,6333000000.0,111.65,68371000000.0,56933927.0,1200.8832624526322
9305.T,2022-03-31,,,,,
9305.T,2023-03-31,2150000000.0,104.135,44609000000.0,20646126.0,2160.647474494731
9305.T,2024-03-31,2487000000.0,60.46,51807000000.0,20444746.0,2534.000666968423
9305.T,2025-03-31,3091000000.0,149.76,58382000000.0,22134178.0,2637.640304510066
9305.T,2026-03-31,5498000000.0,255.13,63531000000.0,21125676.0,3007.2883821563864
9308.T,2022-03-31,,473.87,,,
9308.T,2023-03-31,9857000000.0,393.71,34059000000.0,25049483.0,1359.6687803895993
9308.T,2024-03-31,1194000000.0,47.64,31616000000.0,25098467.0,1259.678529369941
9308.T,2025-03-31,5021000000.0,199.88,36874000000.0,25132478.0,1467.1852095125678
9308.T,2026-03-31,833000000.0,,37413000000.0,25181468.0,1485.7354622852013
9310.T,2022-03-31,,,,,
9310.T,2023-03-31,6155000000.0,95.73,76609000000.0,64244815.0,1192.454208172286
9310.T,2024-03-31,4633000000.0,72.53,85520000000.0,63545223.0,1345.813201410907
9310.T,2025-03-31,6041000000.0,95.75,91191000000.0,62506494.0,1458.9044139957682
9310.T,2026-03-31,6595000000.0,105.52,101191000000.0,61864140.0,1635.6971906503509
9319.T,2022-03-31,,,,,
9319.T,2023-03-31,1708059000.0,90.0,42566742000.0,18983367.0,2242.3178143266155
9319.T,2024-03-31,1698179000.0,89.43,45330753000.0,18991781.0,2386.861611346508
9319.T,2025-03-31,1588630000.0,84.5,45790822000.0,18504528.0,2474.5738988857215
9319.T,2026-03-31,2068260000.0,113.27,48790893000.0,17914742.0,2723.5052003539877
9324.T,2022-03-31,,,,,
9324.T,2023-03-31,2245000000.0,77.54,76993000000.0,28964118.0,2658.220077683705
9324.T,2024-03-31,2306000000.0,79.63,93407000000.0,28963998.0,3224.9346240115055
9324.T,2025-03-31,2802000000.0,96.76,93752000000.0,28963954.0,3236.850880235482
9324.T,2026-03-31,6728000000.0,232.33,107965000000.0,28876589.0,3738.841869446561
9336.T,2022-03-31,,,,,
9336.T,2023-03-31,10494000000.0,112.04,78485000000.0,99892900.0,785.6914755703358
9336.T,2024-03-31,13591000000.0,136.44,87557000000.0,99175456.0,882.8494824364609
9336.T,2025-03-31,14364000000.0,145.54,94268000000.0,98502177.0,957.01438151971
9336.T,2026-03-31,15845000000.0,159.93,109831000000.0,99847924.0,1099.9828098579196
9347.T,2022-03-31,6177000000.0,165.24,60373000000.0,37383294.0,1614.972720167463
9347.T,2024-03-31,5680000000.0,151.95,68132000000.0,37382894.0,1822.5448249137694
9347.T,2025-03-31,5829000000.0,157.62,66685000000.0,36321116.0,1835.9843348425748
9347.T,2026-03-31,7119000000.0,196.03,74818000000.0,36320947.0,2059.9132506099027
9348.T,2022-03-31,,,,,
9348.T,2023-03-31,-11398248000.0,-211.469109,-2347606000.0,80420620.0,-29.191592902417316
9348.T,2024-03-31,-2366265000.0,-29.05,9745256000.0,93131848.0,104.63934958103698
9348.T,2025-03-31,-11945139000.0,-113.036407,7007586000.0,105675148.0,66.31252600658766
9348.T,2026-03-31,-8152112000.0,-65.96,15173483000.0,146209628.0,103.77895907101275
9364.T,2022-03-31,,,,,
9364.T,2023-03-31,24620000000.0,220.69,371244000000.0,110069837.0,3372.8041225317706
9364.T,2024-03-31,25035000000.0,232.97,385667000000.0,106455205.0,3622.8101763553977
9364.T,2025-03-31,26935000000.0,257.88,382889000000.0,101277538.0,3780.5915068749005
9364.T,2026-03-31,31262000000.0,311.26,395522000000.0,98720944.0,4006.4649300760334
9368.T,2022-03-31,,45.74,,,
9368.T,2023-03-31,2471000000.0,54.435,33451000000.0,44380604.0,753.7301655470935
9368.T,2024-03-31,3168000000.0,72.09,38674000000.0,43229778.0,894.6148185169953
9368.T,2025-03-31,3300000000.0,77.49,39209000000.0,41085178.0,954.3344317505451
9368.T,2026-03-31,3203000000.0,,44280000000.0,41126078.0,1076.6891022285179
9369.T,2021-11-30,,62.81,,,
9369.T,2022-11-30,1458000000.0,58.67,41389000000.0,24856808.0,1665.0971436074979
9369.T,2023-11-30,-1334000000.0,-53.7,40191000000.0,24856684.0,1616.909158116183
9369.T,2024-11-30,2660000000.0,,42900000000.0,24856503.0,1725.9064961792897
9369.T,2025-11-30,2648000000.0,,45290000000.0,24856503.0,1822.0583965491846
9381.T,2022-02-28,,,,,
9381.T,2023-02-28,3684000000.0,156.85,16318000000.0,23493592.0,694.5723753098291
9381.T,2024-02-29,2989000000.0,127.23,17514000000.0,23493592.0,745.4798738311281
9381.T,2025-02-28,3047000000.0,129.72,19047000000.0,23493592.0,810.7317093103516
9381.T,2026-02-28,3175000000.0,135.18,20493000000.0,23493592.0,872.2804073553333
9401.T,2022-03-31,,,,,
9401.T,2023-03-31,35182000000.0,208.76,780666000000.0,165155126.0,4726.865092882434
9401.T,2024-03-31,38126000000.0,232.28,1137658000000.0,161627238.0,7038.776471574673
9401.T,2025-03-31,43914000000.0,273.04,935711000000.0,160011787.0,5847.762952612985
9401.T,2026-03-31,52228000000.0,273.04,1127716000000.0,156798132.0,7192.152008545612
9404.T,2022-03-31,,185.95,,,
9404.T,2023-03-31,34081000000.0,133.61,836757000000.0,255083080.0,3280.3312552130074
9404.T,2024-03-31,34660000000.0,136.41,918592000000.0,251969547.0,3645.646908274991
9404.T,2025-03-31,46000000000.0,,959682000000.0,250361420.0,3833.1864390288247
9404.T,2026-03-31,56767000000.0,228.07,994949000000.0,247384118.0,4021.8790439893965
9405.T,2022-03-31,,,,,
9405.T,2023-03-31,1354000000.0,32.42,69266000000.0,41731791.0,1659.7897751380956
9405.T,2024-03-31,-884000000.0,-21.19,73029000000.0,41774479.0,1748.1726103633753
9405.T,2025-03-31,2502000000.0,59.95,76564000000.0,41733609.0,1834.5885207291801
9405.T,2026-03-31,4456000000.0,106.69,82603000000.0,41789655.0,1976.6375195009387
9409.T,2022-03-31,,,,,
9409.T,2023-03-31,16603000000.0,163.42,393226000000.0,101603000.0,3870.2203675088335
9409.T,2024-03-31,17138000000.0,168.66,421752000000.0,101616304.0,4150.436331555613
9409.T,2025-03-31,25816000000.0,254.04,445646000000.0,101626856.0,4385.120405574684
9409.T,2026-03-31,29654000000.0,254.04,465272000000.0,100539334.0,4627.760911963073
9412.T,2022-03-31,,,,,
9412.T,2023-03-31,15810000000.0,54.44,255419000000.0,290471088.0,879.3267576427435
9412.T,2024-03-31,17739000000.0,61.69,270221000000.0,283255337.0,953.9837902507023
9412.T,2025-03-31,19106000000.0,61.69,281707000000.0,283358178.0,994.1728239091092
9412.T,2026-03-31,23311000000.0,82.25,303552000000.0,283439790.0,1070.9576097272723
9413.T,2022-03-31,,,,,
9413.T,2023-03-31,6724000000.0,244.12,93160000000.0,27286730.0,3414.1137468652346
9413.T,2024-03-31,6736000000.0,248.44,99074000000.0,27058639.0,3661.455404316529
9413.T,2025-03-31,6034000000.0,224.33,101702000000.0,26682757.0,3811.5251733544624
9413.T,2026-03-31,7700000000.0,289.3,107412000000.0,26625971.0,4034.106399349718
9416.T,2021-12-31,,,,,
9416.T,2022-12-31,1548610000.0,31.96,12033711000.0,48920558.0,245.9847453089149
9416.T,2023-12-31,3025895000.0,61.87,14607634000.0,48333619.0,302.22512409012865
9416.T,2024-12-31,3375590000.0,69.59,17890654000.0,48843765.0,366.28327075113884
9416.T,2025-12-31,4522061000.0,92.12,21284508000.0,49209164.0,432.5313878528804
9418.T,2022-08-31,8687000000.0,48.196667,40277000000.0,180267117.0,223.42954538957872
9418.T,2023-08-31,10959000000.0,61.053333,68449000000.0,180289611.0,379.66136606728827
9418.T,2024-08-31,15357000000.0,85.146667,81865000000.0,180375042.0,453.85990817953626
9418.T,2025-08-31,18395000000.0,101.99,97569000000.0,180374910.0,540.92334682246
9432.T,2023-03-31,1213116000000.0,13.92,8561353000000.0,85262208700.0,100.41204808713805
9432.T,2024-03-31,1279521000000.0,15.09,9844160000000.0,84081547553.0,117.0787204385698
9432.T,2025-03-31,1000016000000.0,11.96,10221587000000.0,82738350660.0,123.54110178004363
9432.T,2026-03-31,1037032000000.0,12.61,9727623000000.0,81423625037.0,119.46929402344388
9433.T,2022-03-31,,,,,
9433.T,2023-03-31,651391000000.0,149.155,5063867000000.0,4314242758.0,1173.755693420347
9433.T,2024-03-31,600281000000.0,141.75,5188048000000.0,4164508296.0,1245.7768435671283
9433.T,2025-03-31,655416000000.0,161.86,5032495000000.0,3978455100.0,1264.93698521318
9433.T,2026-03-31,707112000000.0,183.59,5076738000000.0,3807078418.0,1333.4997188387308
9434.T,2022-03-31,,,,,
9434.T,2023-03-31,531366000000.0,11.253,2224945000000.0,47315491700.0,47.02360516735368
9434.T,2024-03-31,489074000000.0,10.317,2377074000000.0,47083956170.0,50.48585958701949
9434.T,2025-03-31,526133000000.0,10.99,2743630000000.0,47567256520.0,57.67896239394048
9434.T,2026-03-31,550759000000.0,11.35,2957859000000.0,47801264883.0,61.8782579758037
9435.T,2022-03-31,,,,,
9435.T,2023-03-31,91345000000.0,2037.65,571009000000.0,44704411.0,12772.99011947613
9435.T,2024-03-31,122225000000.0,2753.52,790478000000.0,44144346.0,17906.66464964732
9435.T,2025-03-31,117523000000.0,2671.18,914768000000.0,43883961.0,20845.155705065
9435.T,2026-03-31,151014000000.0,3440.12,1185668000000.0,43822464.0,27056.169183001668
9436.T,2022-03-31,,,,,
9436.T,2023-03-31,10852000000.0,102.29,98875000000.0,104520764.0,945.984283084651
9436.T,2024-03-31,12129000000.0,122.465,95084000000.0,96576468.0,984.5462561335335
9436.T,2025-03-31,12402000000.0,130.26,96541000000.0,93988146.0,1027.1614465083715
9436.T,2026-03-31,13217000000.0,142.05,98965000000.0,92125245.0,1074.244090205676
9438.T,2022-09-30,-930474000.0,-16.99,14176291000.0,54812727.0,258.6313758846554
9438.T,2023-09-30,753220000.0,13.73,14012860000.0,54858627.0,255.4358496795773
9438.T,2024-09-30,2363920000.0,,15469201000.0,55068327.0,280.9092239174072
9438.T,2025-09-30,3404130000.0,61.62,18413921000.0,55487786.0,331.85539246420825
9441.T,2021-12-31,,170.34,,,
9441.T,2022-12-31,2521894000.0,131.07,30340807000.0,19240740.0,1576.90437062192
9441.T,2023-12-31,2381293000.0,123.76,31923686000.0,19240740.0,1659.17142479967
9441.T,2024-12-31,3177428000.0,,34166949000.0,19240712.0,1775.7632357887796
9441.T,2025-12-31,4128557000.0,263.09,26950786000.0,12240712.0,2201.7335266118507
9449.T,2021-12-31,,,,,
9449.T,2022-12-31,13209000000.0,123.21,72219000000.0,106724839.0,676.6840847611867
9449.T,2023-12-31,14191000000.0,133.33,87468000000.0,106161470.0,823.9147404420831
9449.T,2024-12-31,14846000000.0,126.54,93683000000.0,104642009.0,895.2714201043292
9449.T,2025-12-31,16749000000.0,157.56,111221000000.0,100154247.0,1110.4970915511951
9467.T,2022-03-31,,,,,
9467.T,2023-03-31,1506274000.0,51.83,10285721000.0,29061390.0,353.9307995935501
9467.T,2024-03-31,1403294000.0,48.29,11689016000.0,29061390.0,402.2180632103282
9467.T,2025-03-31,2019583000.0,69.49,13708451000.0,29061243.0,471.70903873588617
9467.T,2026-03-31,2316397000.0,79.71,15617891000.0,29061174.0,537.4143178111111
9468.T,2022-03-31,,,,,
9468.T,2023-03-31,12679000000.0,90.91,202547000000.0,139663120.0,1450.2540112235786
9468.T,2024-03-31,11384000000.0,83.42,190591000000.0,134444875.0,1417.6144683834173
9468.T,2025-03-31,7392000000.0,50.440711,252214000000.0,146548290.0,1721.0299758530107
9468.T,2026-03-31,1278000000.0,8.695482,248039000000.0,146972883.0,1687.6514560852697
9470.T,2022-09-30,3440000000.0,78.67,48692000000.0,43949245.0,1107.9143680397694
9470.T,2023-09-30,3194000000.0,72.51,52975000000.0,44107393.0,1201.0458201417616
9470.T,2024-09-30,2260000000.0,52.99,51671000000.0,42222656.0,1223.774269434874
9470.T,2025-09-30,3578000000.0,86.02,51589000000.0,41416090.0,1245.6270014866202
9474.T,2022-03-31,,66.94,,,
9474.T,2023-03-31,2770000000.0,51.43,45870000000.0,53375365.0,859.3852238762208
9474.T,2024-03-31,2078000000.0,38.94,49219000000.0,53374106.0,922.1512768757194
9474.T,2025-03-31,2606000000.0,,49830000000.0,53377507.0,933.5392902482313
9474.T,2026-03-31,2738000000.0,51.3,48896000000.0,53386572.0,915.8857399572312
9501.T,2022-03-31,,1.82,,,
9501.T,2023-03-31,-123631000000.0,-77.17,3095396000000.0,1602147531.0,1932.029316968064
9501.T,2024-03-31,267850000000.0,167.18,3511263000000.0,1602107693.0,2191.652293626431
9501.T,2025-03-31,161278000000.0,100.67,3759228000000.0,1602075602.0,2346.4735342745703
9501.T,2026-03-31,-454263000000.0,,3389644000000.0,1602702047.0,2114.9558062553597
9502.T,2022-03-31,,-56.9,,,
9502.T,2023-03-31,38231000000.0,50.56,2060808000000.0,756140517.0,2725.429934870161
9502.T,2024-03-31,403140000000.0,533.177057,2585451000000.0,756109053.0,3419.4154794758156
9502.T,2025-03-31,202087000000.0,,2786523000000.0,755228380.0,3689.642860084257
9502.T,2026-03-31,227795000000.0,301.57,3138256000000.0,755393538.0,4154.464980345119
9503.T,2022-03-31,,96.14,,,
9503.T,2023-03-31,17679000000.0,19.81,1788779000000.0,892484461.0,2004.2690692852298
9503.T,2024-03-31,441870000000.0,495.09,2273155000000.0,892385543.0,2547.2790520094745
9503.T,2025-03-31,420364000000.0,436.09,3065852000000.0,1114041698.0,2752.008300500795
9503.T,2026-03-31,380051000000.0,,3455170000000.0,1114056720.0,3101.4309576625506
9504.T,2022-03-31,,,,,
9504.T,2023-03-31,-155378000000.0,-431.3,447486000000.0,360250354.0,1242.1528390781261
9504.T,2024-03-31,133501000000.0,370.59,604871000000.0,360234582.0,1679.1030906632946
9504.T,2025-03-31,98474000000.0,273.7,707533000000.0,359565223.0,1967.7459185200455
9504.T,2026-03-31,68539000000.0,190.61,777241000000.0,359576341.0,2161.5465518072
9505.T,2022-03-31,,-32.39,,,
9505.T,2023-03-31,-88446000000.0,-423.69,233486000000.0,208748694.0,1118.502806058274
9505.T,2024-03-31,56811000000.0,272.16,307887000000.0,208741103.0,1474.970648210094
9505.T,2025-03-31,65148000000.0,,380724000000.0,208848694.0,1822.9656729383235
9505.T,2026-03-31,54466000000.0,260.74,449120000000.0,208905235.0,2149.8743198082134
9506.T,2022-03-31,,,,,
9506.T,2023-03-31,-127562000000.0,-255.14,548988000000.0,500012207.0,1097.9491946683613
9506.T,2024-03-31,226102000000.0,452.13,827693000000.0,500091193.0,1655.0841358248035
9506.T,2025-03-31,182807000000.0,365.5,985182000000.0,500160281.0,1969.7325785851435
9506.T,2026-03-31,84975000000.0,169.85,1111339000000.0,500160281.0,2221.965722224152
9507.T,2022-03-31,,,,,
9507.T,2023-03-31,-22871000000.0,-111.19,295786000000.0,205647202.0,1438.3176484939484
9507.T,2024-03-31,60515000000.0,294.25,360489000000.0,205662473.0,1752.818561118829
9507.T,2025-03-31,68324000000.0,332.2,438016000000.0,205676003.0,2129.640763195889
9507.T,2026-03-31,50809000000.0,247.27,474548000000.0,204373467.0,2321.964817477995
9508.T,2023-03-31,-56429000000.0,-123.81,582063000000.0,472767529.0,1231.1822709803744
9508.T,2024-03-31,166444000000.0,342.3,890528000000.0,472876050.0,1883.2165426859744
9508.T,2025-03-31,128766000000.0,260.14,999468000000.0,472545833.0,2115.0710263484643
9508.T,2026-03-31,154535000000.0,314.65,1192793000000.0,472778133.0,2522.9445203634236
9509.T,2022-03-31,,26.57,,,
9509.T,2023-03-31,-22193000000.0,-114.96,244815000000.0,205310132.0,1192.415579373355
9509.T,2024-03-31,66201000000.0,315.44,319382000000.0,205307191.0,1555.6298756237916
9509.T,2025-03-31,64218000000.0,,391929000000.0,205328287.0,1908.792040913486
9509.T,2026-03-31,43998000000.0,207.4,456949000000.0,205350999.0,2225.209530146966
9511.T,2022-03-31,,36.05,,,
9511.T,2023-03-31,-45457000000.0,-836.98,112609000000.0,54311097.0,2073.4068398581603
9511.T,2024-03-31,2391000000.0,44.02,116796000000.0,54311697.0,2150.475983101762
9511.T,2025-03-31,4322000000.0,,121356000000.0,54310824.0,2234.471714146705
9511.T,2026-03-31,6234000000.0,114.78,130400000000.0,54315065.0,2400.80721619315
9513.T,2022-03-31,,380.7,,,
9513.T,2023-03-31,113689000000.0,621.5,1084677000000.0,182861969.0,5931.670789348222
9513.T,2024-03-31,77774000000.0,425.31,1215977000000.0,182869895.0,6649.410500290384
9513.T,2025-03-31,92469000000.0,,1336031000000.0,182876556.0,7305.643922996887
9513.T,2026-03-31,58537000000.0,,1405465000000.0,176008295.0,7985.220242034616
9517.T,2022-03-31,,,,,
9517.T,2023-03-31,9131000000.0,154.29,60620000000.0,59241244.0,1023.2735828437363
9517.T,2024-03-31,-21347000000.0,-375.29,48104000000.0,59375794.0,810.1617975837089
9517.T,2025-03-31,2118000000.0,28.65,64144000000.0,77922044.0,823.1816916917631
9517.T,2026-03-31,5332000000.0,68.36,70388000000.0,78026678.0,902.1017144930865
9519.T,2023-03-31,2678000000.0,34.07,42954000000.0,78680300.0,545.930811143323
9519.T,2024-03-31,8857000000.0,112.32,68005000000.0,78978100.0,861.0614841329432
9519.T,2025-03-31,2687000000.0,29.85,89106000000.0,90437000.0,985.2825723984653
9519.T,2026-03-31,3308000000.0,36.59,122850000000.0,90395000.0,1359.0353448752696
9531.T,2022-03-31,,,,,
9531.T,2023-03-31,280916000000.0,646.99,1558403000000.0,433419854.0,3595.596707482625
9531.T,2024-03-31,165481000000.0,411.88,1693477000000.0,399015783.0,4244.13537546709
9531.T,2025-03-31,74194000000.0,192.22,1725444000000.0,369523844.0,4669.371213837016
9531.T,2026-03-31,226857000000.0,654.76,1717472000000.0,333419901.0,5151.078249525363
9532.T,2022-03-31,,,,,
9532.T,2023-03-31,57110000000.0,137.39,1391420000000.0,415680000.0,3347.3344880677446
9532.T,2024-03-31,132679000000.0,320.6,1577511000000.0,408945975.0,3857.504649605611
9532.T,2025-03-31,134414000000.0,333.31,1688793000000.0,396978042.0,4254.121944608714
9532.T,2026-03-31,152751000000.0,391.15,1806042000000.0,383856184.0,4704.996494207841
9533.T,2023-03-31,33721000000.0,80.2,402501000000.0,420481488.0,957.2383362570292
9533.T,2024-03-31,27304000000.0,64.9275,456851000000.0,420563860.0,1086.2821165851008
9533.T,2025-03-31,25454000000.0,62.945,448393000000.0,390383372.0,1148.59656471229
9533.T,2026-03-31,31449000000.0,83.76,477518000000.0,363968520.0,1311.976101669452
9534.T,2022-03-31,,,,,
9534.T,2023-03-31,9963000000.0,113.124,65885000000.0,88090135.0,747.9271089776398
9534.T,2024-03-31,11627000000.0,131.98,76889000000.0,88106130.0,872.6861570244886
9534.T,2025-03-31,10404000000.0,118.07,86349000000.0,88144285.0,979.6324288069272
9534.T,2026-03-31,11525000000.0,130.62,97416000000.0,88273250.0,1103.573279560909
9536.T,2022-03-31,,13.37,,,
9536.T,2023-03-31,13215000000.0,356.92,86783000000.0,37026567.0,2343.803572175622
9536.T,2024-03-31,6155000000.0,166.24,98350000000.0,37028726.0,2656.046011412869
9536.T,2025-03-31,6362000000.0,,103829000000.0,37036752.0,2803.4045750016094
9536.T,2026-03-31,7147000000.0,196.2,115242000000.0,35991524.0,3201.920541069614
9539.T,2021-12-31,,,,,
9539.T,2022-12-31,219000000.0,6.816667,86875000000.0,32154780.0,2701.7755991488666
9539.T,2023-12-31,1460000000.0,45.41,89397000000.0,32154591.0,2780.2250695709363
9539.T,2024-12-31,1623000000.0,50.49,95621000000.0,32154237.0,2973.822703365656
9539.T,2025-12-31,3210000000.0,99.85,101096000000.0,32154219.0,3144.097513299888
9543.T,2022-12-31,5975000000.0,80.6,92930000000.0,74149950.0,1253.2712429340816
9543.T,2023-12-31,14107000000.0,190.19,107442000000.0,74179467.0,1448.4062011391914
9543.T,2024-12-31,8776000000.0,116.98,118165000000.0,75259074.0,1570.1096720908365
9543.T,2025-12-31,10048000000.0,133.42,131317000000.0,75352967.0,1742.6918305685297
9551.T,2023-03-31,6252000000.0,143.48,65190000000.0,43590436.0,1495.5115383567165
9551.T,2024-03-31,6875000000.0,157.67,72930000000.0,43615536.0,1672.110598388611
9551.T,2025-03-31,6852000000.0,157.06,81303000000.0,43638786.0,1863.0903251983225
9551.T,2026-03-31,9136000000.0,208.963825,89518000000.0,43720486.0,2047.5069741905431
9552.T,2022-09-30,1326616000.0,23.763333,2929899000.0,57461700.0,50.988728144137745
9552.T,2023-09-30,2646864000.0,45.89,5544546000.0,57982851.0,95.62389403722145
9552.T,2024-09-30,5658421000.0,98.82,8913483000.0,58374162.0,152.6956909462786
9552.T,2025-09-30,2747339000.0,50.54,5104572000.0,54050735.0,94.44038087548671
9601.T,2023-02-28,5484000000.0,399.3,86389000000.0,13736451.0,6289.033462864608
9601.T,2024-02-29,3016000000.0,219.56,94365000000.0,13738980.0,6868.413812379085
9601.T,2025-02-28,-664000000.0,-48.34,93055000000.0,13741325.0,6771.90882247527
9601.T,2026-02-28,5236000000.0,381.02,108206000000.0,13743685.0,7873.14319267358
9602.T,2022-02-28,,,,,
9602.T,2023-02-28,33430000000.0,38.074,409305000000.0,874425165.0,468.08465307605826
9602.T,2024-02-29,45283000000.0,51.902,458888000000.0,869999460.0,527.457798651967
9602.T,2025-02-28,43357000000.0,50.95,478387000000.0,847784160.0,564.2792382438473
9602.T,2026-02-28,51768000000.0,61.2,515366000000.0,839352335.0,614.0043680226373
9603.T,2021-10-31,,,,,
9603.T,2022-10-31,-9547000000.0,-130.0,47818000000.0,73951716.0,646.6110941901605
9603.T,2023-10-31,-2628000000.0,-35.49,40743000000.0,74712071.0,545.3335646391063
9603.T,2024-10-31,8717000000.0,116.67,52249000000.0,74724278.0,699.2238854418908
9603.T,2025-10-31,4719000000.0,116.67,55841000000.0,74737456.0,747.1621726059287
9605.T,2022-03-31,,,,,
9605.T,2023-03-31,15025000000.0,242.48,212620000000.0,61907510.0,3434.4783048130994
9605.T,2024-03-31,13971000000.0,225.68,236450000000.0,61908475.0,3819.3478356557807
9605.T,2025-03-31,15722000000.0,253.96,264639000000.0,61911428.0,4274.477403428653
9605.T,2026-03-31,23320000000.0,374.29,291002000000.0,62486932.0,4657.005724012823
9616.T,2022-03-31,,,,,
9616.T,2023-03-31,4241000000.0,54.38,74578000000.0,77979636.0,956.3778933258934
9616.T,2024-03-31,12414000000.0,159.12,86602000000.0,78028734.0,1109.873191073432
9616.T,2025-03-31,14562000000.0,186.56,99359000000.0,78071488.0,1272.6669177869392
9616.T,2026-03-31,18709000000.0,221.84,145528000000.0,90919110.0,1600.6315943919822
9619.T,2022-03-31,,,,,
9619.T,2023-03-31,5923000000.0,246.63,48373000000.0,24053227.0,2011.0815068597656
9619.T,2024-03-31,12253000000.0,509.46,60462000000.0,24052586.0,2513.742181402033
9619.T,2025-03-31,6657000000.0,280.28,64814000000.0,23552421.0,2751.903933782434
9619.T,2026-03-31,7652000000.0,323.49,71538000000.0,23677308.0,3021.37388253766
9621.T,2021-12-31,,158.125,,,
9621.T,2022-12-31,5874000000.0,207.745,47518000000.0,28279216.0,1680.315324158916
9621.T,2023-12-31,7534000000.0,271.06,54886000000.0,27728768.0,1979.3883377725256
9621.T,2024-12-31,6746000000.0,,61451000000.0,27760456.0,2213.616375754058
9621.T,2025-12-31,5952000000.0,214.45,66527000000.0,27577597.0,2412.356667624086
9622.T,2021-12-31,,,,,
9622.T,2022-12-31,1394348000.0,56.71,29562785000.0,24524382.0,1205.4446468824372
9622.T,2023-12-31,1685197000.0,68.76,30702604000.0,24499546.0,1253.1907325956163
9622.T,2024-12-31,2545900000.0,104.26,32644559000.0,24502732.0,1332.2824165076777
9622.T,2025-12-31,3770476000.0,153.76,34845070000.0,24533803.0,1420.2881632333967
9627.T,2022-04-30,7092000000.0,,,,
9627.T,2023-04-30,9234000000.0,262.87,126448000000.0,35128212.0,3599.6138943820997
9627.T,2024-04-30,11401000000.0,324.64,135305000000.0,34994321.0,3866.4845075862454
9627.T,2025-04-30,9261000000.0,264.32,142519000000.0,35073225.0,4063.470068692001
9627.T,2026-04-30,,491.62,158997000000.0,35149921.0,4523.3956571339095
9628.T,2022-03-31,2040000000.0,,29629000000.0,21337956.0,1388.5584917318229
9628.T,2023-03-31,2783000000.0,131.92,31615000000.0,20958556.0,1508.4531587004371
9628.T,2024-03-31,2363000000.0,114.38,32877000000.0,20409612.0,1610.8586483662698
9628.T,2025-03-31,4721000000.0,230.96,37171000000.0,20464580.0,1816.3578241038908
9628.T,2026-03-31,,213.39,,,
9629.T,2022-03-31,,,,,
9629.T,2023-03-31,883116000.0,44.16,17571461000.0,19998991.0,878.6173762466317
9629.T,2024-03-31,1611000000.0,80.48,18818000000.0,20032943.0,939.3527451258659
9629.T,2025-03-31,1741000000.0,86.86,19167000000.0,20051943.0,955.8674688033973
9629.T,2026-03-31,1611000000.0,117.46,19000000000.0,20051931.0,947.5396658805579
9632.T,2022-01-31,,,,,
9632.T,2023-01-31,3517286000.0,273.34,31136913000.0,12873620.0,2418.660252516386
9632.T,2024-01-31,3283801000.0,254.95,33461577000.0,12885255.0,2596.8890021966968
9632.T,2025-01-31,3238536000.0,251.23,35516825000.0,12895425.0,2754.2190350453748
9632.T,2026-01-31,2423851000.0,187.89,36938230000.0,12904602.0,2862.4075349243626
9639.T,2023-03-31,4337000000.0,195.17,41304000000.0,22226800.0,1858.2971907786996
9639.T,2024-03-31,5287000000.0,237.92,44867000000.0,22225086.0,2018.7548430633744
9639.T,2025-03-31,5502000000.0,247.57,48794000000.0,22225053.0,2195.450332559387
9639.T,2026-03-31,5563000000.0,250.33,52518000000.0,22225053.0,2363.008988100051
9640.T,2022-03-31,,,,,
9640.T,2023-03-31,1440767000.0,88.94,14742728000.0,16200000.0,910.0449382716049
9640.T,2024-03-31,603182000.0,37.23,14220622000.0,16199416.0,877.8478187114894
9640.T,2025-03-31,1506019000.0,92.97,14235191000.0,16199416.0,878.747172120279
9640.T,2026-03-31,1086370000.0,67.06,14128441000.0,16199377.0,872.1595281102477
9658.T,2022-03-31,,,,,
9658.T,2023-03-31,1838467000.0,51.793333,14958451000.0,34500579.0,433.57101340241275
9658.T,2024-03-31,14140628000.0,408.016667,28961671000.0,34747422.0,833.4912155497464
9658.T,2025-03-31,2468494000.0,71.48,29137663000.0,32837253.0,887.3355819379898
9658.T,2026-03-31,2986667000.0,92.02,30716250000.0,32455905.0,946.3994302423549
9661.T,2022-02-28,,-12.64,,,
9661.T,2023-02-28,-78400000.0,-6.47,10624781000.0,12119900.0,876.6393287073325
9661.T,2024-02-29,255955000.0,21.12,10543817000.0,12119694.0,869.9738623763933
9661.T,2025-02-28,274570000.0,,11293105000.0,12119694.0,931.7978655236675
9661.T,2026-02-28,284536000.0,23.48,11367812000.0,12119644.0,937.9658346400274
9663.T,2022-03-31,,192.51,,,
9663.T,2023-03-31,3130000000.0,199.15,53479000000.0,15724214.0,3401.060301010912
9663.T,2024-03-31,3129000000.0,198.41,59806000000.0,15713407.0,3806.0491909870343
9663.T,2025-03-31,4213000000.0,,61670000000.0,15628017.0,3946.1180519575837
9663.T,2026-03-31,4436000000.0,284.11,69243000000.0,15499522.0,4467.428092298588
9672.T,2021-12-31,,,,,
9672.T,2022-12-31,9386262000.0,342.41,80288729000.0,27411080.0,2929.0611314840567
9672.T,2023-12-31,8452338000.0,308.37,86716310000.0,27407828.0,3163.9249195521807
9672.T,2024-12-31,9706456000.0,363.664497,91028150000.0,26690689.0,3410.48333371986
9672.T,2025-12-31,10461646000.0,392.22,94761725000.0,26037245.0,3639.468192583355
9678.T,2022-10-31,8345000000.0,224.64,131957000000.0,36943241.0,3571.8847731848973
9678.T,2023-10-31,6721000000.0,185.4,134493000000.0,36061241.0,3729.572146449425
9678.T,2024-10-31,9013000000.0,253.72,140007000000.0,35441571.0,3950.3610040311137
9678.T,2025-10-31,10977000000.0,314.15,147228000000.0,34825177.0,4227.631061286494
9682.T,2023-03-31,8001000000.0,45.3525,61420000000.0,174389424.0,352.2002572816572
9682.T,2024-03-31,7293000000.0,51.33,62270000000.0,171589232.0,362.9015601631692
9682.T,2025-03-31,10635000000.0,65.98045,58060000000.0,161184108.0,360.2092087142983
9682.T,2026-03-31,11644000000.0,72.94,63513000000.0,159340053.0,398.6003443842208
9684.T,2022-03-31,,,,,
9684.T,2023-03-31,49264000000.0,137.206667,317043000000.0,359185788.0,882.6713377646222
9684.T,2024-03-31,14912000000.0,41.456667,316874000000.0,359882931.0,880.4918841788582
9684.T,2025-03-31,24414000000.0,67.793333,336062000000.0,360300315.0,932.7274665302472
9684.T,2026-03-31,29616000000.0,82.15,348876000000.0,360618837.0,967.4369838866737
9692.T,2022-01-31,,86.85,,,
9692.T,2023-01-31,5179411000.0,151.97,37379670000.0,33567040.0,1113.582550025263
9692.T,2024-01-31,4541000000.0,135.15,40784000000.0,33616138.0,1213.2268138594625
9692.T,2025-01-31,4040000000.0,122.39,40399000000.0,32075690.0,1259.489663355644
9692.T,2026-01-31,5201000000.0,,42600000000.0,31210464.0,1364.9268399213802
9697.T,2022-03-31,,,,,
9697.T,2023-03-31,36737000000.0,87.36,161129000000.0,418225246.0,385.2684684654355
9697.T,2024-03-31,43374000000.0,103.706244,195081000000.0,418239040.0,466.43421905329546
9697.T,2025-03-31,48453000000.0,115.85,226303000000.0,418268052.0,541.0477776581416
9697.T,2026-03-31,54587000000.0,130.5,267700000000.0,418308843.0,639.9577835365053
9699.T,2022-09-30,9167000000.0,330.31,114571000000.0,27754548.0,4128.008137621265
9699.T,2023-09-30,10286000000.0,370.59,122239000000.0,27761084.0,4403.2502477208745
9699.T,2024-09-30,11599000000.0,417.81,132155000000.0,27761946.0,4760.293100490866
9699.T,2025-09-30,12109000000.0,436.19,138531000000.0,27762496.0,4989.861142168197
9706.T,2022-03-31,,,,,
9706.T,2023-03-31,-3901000000.0,-41.89,150287000000.0,93136417.0,1613.6223062993715
9706.T,2024-03-31,19255000000.0,206.75,168172000000.0,93136061.0,1805.659356798437
9706.T,2025-03-31,27470000000.0,295.61,187382000000.0,92804524.0,2019.1041548793462
9706.T,2026-03-31,29139000000.0,313.95,210311000000.0,92824227.0,2265.6908309077544
9708.T,2022-03-31,,,,,
9708.T,2023-03-31,1951000000.0,16.45,39999000000.0,118648024.0,337.12318715059257
9708.T,2024-03-31,3377000000.0,28.46,43035000000.0,118648024.0,362.7114767625629
9708.T,2025-03-31,2585000000.0,21.787131,45347000000.0,118648024.0,382.1976841350514
9708.T,2026-03-31,4290000000.0,36.22,49075000000.0,118327967.0,414.7371178953831
9715.T,2022-03-31,,,,,
9715.T,2023-03-31,15767000000.0,389.22,103487000000.0,37473135.0,2761.6317663307327
9715.T,2024-03-31,10097000000.0,269.46,108382000000.0,37473034.0,2892.266476207931
9715.T,2025-03-31,11332000000.0,302.41,118644000000.0,37472887.0,3166.129153593103
9715.T,2026-03-31,13084000000.0,349.18,128277000000.0,37472708.0,3423.2113675905143
9716.T,2022-02-28,,,,,
9716.T,2023-02-28,2229000000.0,20.02,49017000000.0,111373380.0,440.11414576804617
9716.T,2024-02-29,3862000000.0,34.67,50306000000.0,111418826.0,451.5035906050563
9716.T,2025-02-28,6757000000.0,60.6,54280000000.0,111545044.0,486.6195579249581
9716.T,2026-02-28,9134000000.0,81.87,62034000000.0,111592789.0,555.8961341131102
9722.T,2021-12-31,,,,,
9722.T,2022-12-31,-5789000000.0,-96.61,22629000000.0,59927685.0,377.60510855708844
9722.T,2023-12-31,8114000000.0,135.406,25974000000.0,59925825.0,433.4358350510819
9722.T,2024-12-31,9134000000.0,146.71,25651000000.0,59921480.0,428.0768766058515
9722.T,2025-12-31,9292000000.0,154.19,36817000000.0,59918600.0,614.4502708674769
9726.T,2022-03-31,,,,,
9726.T,2023-03-31,11790000000.0,431.55,35876000000.0,27321492.0,1313.105448267613
9726.T,2024-03-31,7540000000.0,275.99,44115000000.0,27320726.0,1614.7081889405135
9726.T,2025-03-31,7680000000.0,281.12,51258000000.0,27319962.0,1876.21051595899
9726.T,2026-03-31,9682000000.0,320.57,62020000000.0,27319257.0,2270.1935122174077
9729.T,2022-03-31,,,,,
9729.T,2023-03-31,6106000000.0,173.39,81654000000.0,35227346.0,2317.915178736428
9729.T,2024-03-31,5810000000.0,165.05,86182000000.0,35206928.0,2447.8704873086344
9729.T,2025-03-31,4729000000.0,139.09,85189000000.0,33820000.0,2518.8941454760497
9729.T,2026-03-31,6069000000.0,185.61,83719000000.0,30884672.0,2710.6973970777476
9733.T,2022-03-31,,,,,
9733.T,2023-03-31,4000000000.0,151.97,26446000000.0,26326227.0,1004.5495695224386
9733.T,2024-03-31,2602000000.0,98.84,28766000000.0,26326086.0,1092.680469098217
9733.T,2025-03-31,1956000000.0,74.33,31172000000.0,26326086.0,1184.0727102388103
9733.T,2026-03-31,3983000000.0,151.31,36945000000.0,26326086.0,1403.3609097835508
9735.T,2022-03-31,,,,,
9735.T,2023-03-31,96085000000.0,222.51,1164424000000.0,429073576.0,2713.809624109782
9735.T,2024-03-31,101951000000.0,241.02,1224373000000.0,420982876.0,2908.3677028231427
9735.T,2025-03-31,108109000000.0,259.97,1270347000000.0,415674012.0,3056.113597017463
9735.T,2026-03-31,112662000000.0,276.17,1314558000000.0,404461149.0,3250.1465301429976
9739.T,2022-03-31,,,,,
9739.T,2023-03-31,4090000000.0,274.54,29879000000.0,14899463.0,2005.3742876505012
9739.T,2024-03-31,4287000000.0,287.77,33173000000.0,14899414.0,2226.4634031915616
9739.T,2025-03-31,3662000000.0,245.79,35414000000.0,14899377.0,2376.8779057003526
9739.T,2026-03-31,3709000000.0,249.0,37890000000.0,14899377.0,2543.059350736611
9740.T,2022-02-28,,251.38,,,
9740.T,2023-02-28,2586074000.0,177.25,34976133000.0,14590082.0,2397.2540387367253
9740.T,2024-02-29,5381281000.0,368.77,37284577000.0,14595014.0,2554.6105676911307
9740.T,2025-02-28,3230394000.0,,39407735000.0,14492178.0,2719.2417178425494
9740.T,2026-02-28,2503576000.0,174.93,41327717000.0,14001714.0,2951.61842328732
9742.T,2022-03-31,,,,,
9742.T,2023-03-31,2541000000.0,122.2,36286000000.0,20795324.0,1744.9115002968936
9742.T,2024-03-31,1795000000.0,86.33,37787000000.0,20803273.0,1816.396871780705
9742.T,2025-03-31,2436000000.0,117.13,39192000000.0,20800313.0,1884.2024156078805
9742.T,2026-03-31,-1843000000.0,-88.57,36965000000.0,20812699.0,1776.0791140063093
9743.T,2022-01-31,,,,,
9743.T,2023-01-31,459763000.0,9.68,29414298000.0,47598713.0,617.9641453751071
9743.T,2024-01-31,2771111000.0,57.916486,31626742000.0,47846670.0,661.0019464259477
9743.T,2025-01-31,3875000000.0,82.16,33369000000.0,47134011.0,707.9601182254572
9743.T,2026-01-31,5993000000.0,126.92,37663000000.0,47318278.0,795.9503513631666
9744.T,2022-03-31,,,,,
9744.T,2023-03-31,12252000000.0,153.87,46720000000.0,78422000.0,595.751192267476
9744.T,2024-03-31,12343000000.0,158.01,47697000000.0,77207493.0,617.7768264020696
9744.T,2025-03-31,12740000000.0,158.01,48775000000.0,77207002.0,631.7432193520478
9744.T,2026-03-31,15051000000.0,194.96,48763000000.0,77206709.0,631.5901899147133
9746.T,2022-09-30,9317000000.0,177.62,87328000000.0,52426666.0,1665.7172134501172
9746.T,2023-09-30,10826000000.0,206.54,95309000000.0,52146698.0,1827.709206055578
9746.T,2024-09-30,11274000000.0,216.21,102176000000.0,52147220.0,1959.375782639995
9746.T,2025-09-30,12094000000.0,234.31,108497000000.0,51288919.0,2115.4082034756866
9755.T,2021-12-31,,,,,
9755.T,2022-12-31,1808000000.0,73.08,69887000000.0,24108672.0,2898.8324201349624
9755.T,2023-12-31,4006000000.0,167.19,74398000000.0,23970441.0,3103.739309593845
9755.T,2024-12-31,4010000000.0,170.39,77799000000.0,23316988.0,3336.5801792238344
9755.T,2025-12-31,4331000000.0,189.21,77919000000.0,22787616.0,3419.357250885744
9757.T,2022-12-31,4990289000.0,50.46,27700911000.0,98674068.0,280.73141770135595
9757.T,2023-12-31,5201726000.0,53.15,25726473000.0,95627552.0,269.02783206245834
9757.T,2024-12-31,5993489000.0,64.005,24989508000.0,92720314.0,269.5149198912333
9757.T,2025-12-31,6526270000.0,70.67,25769631000.0,90884820.0,283.5416409473001
9759.T,2022-03-31,,99.37,,,
9759.T,2023-03-31,10219000000.0,132.31,54706000000.0,76868416.0,711.6837167556569
9759.T,2024-03-31,10262000000.0,133.29,62369000000.0,76881474.0,811.2357471190004
9759.T,2025-03-31,11795000000.0,,67414000000.0,76464277.0,881.6404554508506
9759.T,2026-03-31,13009000000.0,170.49,73752000000.0,75922311.0,971.4140550858627
9766.T,2023-03-31,34895000000.0,258.81,376264000000.0,135558823.0,2775.651128219076
9766.T,2024-03-31,59171000000.0,436.5,427362000000.0,135557834.0,3152.6175019881184
9766.T,2025-03-31,74692000000.0,551.0,481852000000.0,135556814.0,3554.612902011698
9766.T,2026-03-31,100013000000.0,737.8,564537000000.0,135556483.0,4164.588719817996
9790.T,2022-03-31,,,,,
9790.T,2023-03-31,3809000000.0,184.24,21683000000.0,20675210.0,1048.7438821661303
9790.T,2024-03-31,3817000000.0,184.63,24406000000.0,20675210.0,1180.447502105178
9790.T,2025-03-31,4189000000.0,202.65,27102000000.0,20675187.0,1310.8466685210635
9790.T,2026-03-31,4313000000.0,208.63,30078000000.0,20675187.0,1454.7873255027876
9793.T,2022-02-28,,,,,
9793.T,2023-02-28,8666000000.0,174.21,76494000000.0,49378383.0,1549.139428077262
9793.T,2024-02-29,9465000000.0,193.06,80606000000.0,48783448.0,1652.3227304474256
9793.T,2025-02-28,9307000000.0,193.37,84325000000.0,48076939.0,1753.9594190886403
9793.T,2026-02-28,9155000000.0,193.02,81744000000.0,47285524.0,1728.732032238873
9795.T,2022-09-30,2563049000.0,155.27,24798570000.0,16592578.0,1494.5579885175166
9795.T,2023-09-30,2405312000.0,145.71,25936047000.0,16313078.0,1589.8929067831343
9795.T,2024-09-30,2508598000.0,,26236813000.0,15887162.0,1651.4474391335596
9795.T,2025-09-30,2689679000.0,170.35,27422633000.0,15771329.0,1738.76488151379
9823.T,2022-09-30,3422000000.0,321.65,32031000000.0,10642179.0,3009.815940889549
9823.T,2023-09-30,4313000000.0,411.58,33978000000.0,9986616.0,3402.3537102057394
9823.T,2024-09-30,4733000000.0,94.72,37871000000.0,9999925.0,3787.128403463026
9823.T,2025-09-30,5246000000.0,104.91,42371000000.0,50013720.0,847.1875317412902
9824.T,2021-10-31,,193.75,,,
9824.T,2022-10-31,5314000000.0,294.03,46160000000.0,17890000.0,2580.2124091671326
9824.T,2023-10-31,5920000000.0,333.1,50388000000.0,17696992.0,2847.263534955545
9824.T,2024-10-31,7578000000.0,,55232000000.0,17441777.0,3166.649820141606
9824.T,2025-10-31,6717000000.0,387.63,58495000000.0,17156581.0,3409.47884663034
9828.T,2023-03-31,1013233000.0,57.39,10300207000.0,17654742.0,583.4243853577696
9828.T,2024-03-31,3262000000.0,184.76,13536000000.0,17656925.0,766.611400342925
9828.T,2025-03-31,4960000000.0,280.95,17060000000.0,17658195.0,966.1236609970612
9828.T,2026-03-31,3492000000.0,197.77,19420000000.0,17659526.0,1099.6897651726326
9830.T,2021-12-31,,,,,
9830.T,2022-12-31,10626000000.0,161.15,151002000000.0,65942287.0,2289.9114797155885
9830.T,2023-12-31,12268000000.0,186.05,160715000000.0,65941251.0,2437.2452381893695
9830.T,2024-12-31,16095000000.0,244.09,173995000000.0,65940773.0,2638.6557524886766
9830.T,2025-12-31,15881000000.0,240.84,186250000000.0,65940359.0,2824.5220806274347
9831.T,2023-03-31,31824000000.0,40.25,606582000000.0,708254733.0,856.4460945155449
9831.T,2024-03-31,24055000000.0,34.78,618637000000.0,690789156.0,895.5511166130697
9831.T,2025-03-31,26912000000.0,38.9,639321000000.0,692562964.0,923.1232873145668
9831.T,2026-03-31,14778000000.0,21.95,635907000000.0,664440382.0,957.0565203846987
9832.T,2023-03-31,7239000000.0,92.87,126621000000.0,77948105.0,1624.426918396541
9832.T,2024-03-31,6355000000.0,81.52,128844000000.0,77959878.0,1652.6962753841149
9832.T,2025-03-31,8132000000.0,103.89,131806000000.0,78490306.0,1679.2646979870356
9832.T,2026-03-31,8352000000.0,106.39,136246000000.0,78528152.0,1734.9956229709824
9837.T,2021-11-30,,,,,
9837.T,2022-11-30,1674080000.0,62.23,36684359000.0,26768140.0,1370.4485631052437
9837.T,2023-11-30,2217989000.0,83.05,38457220000.0,26595486.0,1446.0055364282496
9837.T,2024-11-30,2572058000.0,97.12,39276275000.0,26260051.0,1495.6663640904583
9837.T,2025-11-30,2916860000.0,111.88,39832597000.0,25595751.0,1556.2191162119057
9842.T,2022-02-28,,,,,
9842.T,2023-02-28,9663000000.0,238.26,105098000000.0,40557686.0,2591.3214082282702
9842.T,2024-02-29,9125000000.0,177.18,116275000000.0,62308794.0,1866.1089797372742
9842.T,2025-02-28,10126000000.0,162.55,120857000000.0,62298780.0,1939.9577327196455
9842.T,2026-02-28,8088000000.0,129.39,127695000000.0,62823018.0,2032.6148610052448
9843.T,2022-02-28,96724000000.0,171.342,732812000000.0,564608155.0,1297.9125319222496
9843.T,2024-03-31,90158000000.0,159.556,840694000000.0,565059290.0,1487.7978556905064
9843.T,2025-03-31,82546000000.0,146.08,905728000000.0,565057910.0,1602.8941175250516
9843.T,2026-03-31,89270000000.0,157.98,988557000000.0,565057238.0,1749.481173799246
9845.T,2022-03-31,,,,,
9845.T,2023-03-31,2478000000.0,99.02,36645000000.0,25009787.0,1465.226393171601
9845.T,2024-03-31,3601000000.0,143.99,41557000000.0,25014863.0,1661.2923284848691
9845.T,2025-03-31,2812000000.0,112.4,45504000000.0,25022611.0,1818.5152620563856
9845.T,2026-03-31,4694000000.0,187.57,50857000000.0,25028429.0,2031.969325761517
9856.T,2022-03-31,,,,,
9856.T,2023-03-31,6697000000.0,209.16,58622000000.0,32141484.0,1823.873471430255
9856.T,2024-03-31,6172000000.0,190.9,63109000000.0,32461428.0,1944.1227292896665
9856.T,2025-03-31,6529000000.0,199.6,67970000000.0,32850827.0,2069.049890281301
9856.T,2026-03-31,5700000000.0,176.25,69901000000.0,31355947.0,2229.2740831587703
9861.T,2023-02-28,7234000000.0,111.86,55111000000.0,64680067.0,852.0553944385988
9861.T,2024-02-29,5604000000.0,852.07,60360000000.0,64695933.0,932.9798211581553
9861.T,2025-02-28,3803000000.0,58.78,64178000000.0,64710656.0,991.7686509004019
9861.T,2026-02-28,4665000000.0,72.08,67992000000.0,64726665.0,1050.448064951284
9869.T,2022-09-30,11276000000.0,329.95,135124000000.0,33626115.0,4018.4243704632545
9869.T,2023-09-30,12002000000.0,356.94,149717000000.0,33625000.0,4452.550185873606
9869.T,2024-09-30,14459000000.0,453.05,155751000000.0,31155134.0,4999.208156190244
9869.T,2025-09-30,13228000000.0,425.71,169019000000.0,30800914.0,5487.467027764176
9880.T,2022-03-31,,,,,
9880.T,2023-03-31,1666583000.0,126.95,23734224000.0,13141082.0,1806.1088120445486
9880.T,2024-03-31,1477673000.0,110.55,24726046000.0,13458386.0,1837.2222345235157
9880.T,2025-03-31,1200300000.0,89.54,25444884000.0,13167086.0,1932.4612902201748
9880.T,2026-03-31,4111908000.0,320.19,26369733000.0,12174686.0,2165.9476885071203
9882.T,2023-03-31,10665000000.0,115.48,106703000000.0,92376000.0,1155.094396813025
9882.T,2024-03-31,10259000000.0,111.015,116518000000.0,92460738.0,1260.1889463612113
9882.T,2025-03-31,11260000000.0,123.55,120592000000.0,88656056.0,1360.2229271286328
9882.T,2026-03-31,11968000000.0,137.86,123894000000.0,85548280.0,1448.2348446982219
9887.T,2023-03-31,1255139000.0,65.87,41403132000.0,19063651.0,2171.8364441312947
9887.T,2024-03-31,2915512000.0,152.94,43873981000.0,19063533.0,2301.4611719663926
9887.T,2025-03-31,2185996000.0,114.67,45615388000.0,19063343.0,2392.8325687682377
9887.T,2026-03-31,3772840000.0,196.74,57667969000.0,20594737.0,2800.131363658589
9889.T,2022-03-31,,,,,
9889.T,2023-03-31,2679000000.0,42.6375,19880000000.0,62979484.0,315.65834994773854
9889.T,2024-03-31,3187000000.0,50.86,21177000000.0,61950300.0,341.8385383121631
9889.T,2025-03-31,4603000000.0,74.19,24181000000.0,62141984.0,389.1250076598777
9889.T,2026-03-31,5353000000.0,86.34,24882000000.0,60672542.0,410.10314023104553
9896.T,2022-03-31,,,,,
9896.T,2023-03-31,6686000000.0,224.85,56035000000.0,28922340.0,1937.4296823839288
9896.T,2024-03-31,5049000000.0,174.67,61041000000.0,28907378.0,2111.606248065805
9896.T,2025-03-31,4283000000.0,148.18,63610000000.0,28903105.0,2200.8016093772626
9896.T,2026-03-31,4033000000.0,148.87,64131000000.0,26225756.0,2445.3441875993967
9900.T,2022-03-31,,,,,
9900.T,2023-03-31,886153000.0,29.38,15936561000.0,30153322.0,528.5175875480652
9900.T,2024-03-31,909592000.0,30.14,16815994000.0,30182067.0,557.1518345645445
9900.T,2025-03-31,1356062000.0,44.93,17824477000.0,30181932.0,590.5677940033793
9900.T,2026-03-31,1618478000.0,53.72,19659210000.0,30124548.0,652.597675490434
9902.T,2022-03-31,,135.2,,,
9902.T,2023-03-31,4967000000.0,158.19,86319000000.0,31403458.0,2748.7100305959934
9902.T,2024-03-31,4674000000.0,151.79,88193000000.0,30403364.0,2900.7645338193497
9902.T,2025-03-31,4892000000.0,,86230000000.0,29524628.0,2920.6125814692737
9902.T,2026-03-31,5114000000.0,173.18,91896000000.0,29538328.0,3111.076564658636
9906.T,2022-03-31,,,,,
9906.T,2023-03-31,2742971000.0,324.06,31024199000.0,8465000.0,3664.996928529238
9906.T,2024-03-31,3657766000.0,432.34,34430694000.0,8456625.0,4071.446232983016
9906.T,2025-03-31,4123000000.0,487.65,37654000000.0,8456588.0,4452.623209265959
9906.T,2026-03-31,4854000000.0,574.06,41660000000.0,8456564.0,4926.3507022473905
9908.T,2022-03-31,,,,,
9908.T,2023-03-31,2905209000.0,248.41,25233710000.0,11567849.0,2181.3657837338646
9908.T,2024-03-31,2947524000.0,255.47,27411240000.0,11416715.0,2400.9743608384724
9908.T,2025-03-31,2973182000.0,260.86,29892271000.0,11367142.0,2629.708593417765
9908.T,2026-03-31,3651375000.0,322.82,32856032000.0,11353098.0,2894.0146557353773
9913.T,2022-03-31,,,,,
9913.T,2023-03-31,1269000000.0,141.12,12527000000.0,8916338.0,1404.9489824185669
9913.T,2024-03-31,1457000000.0,162.8,14790000000.0,8975147.0,1647.8838730997943
9913.T,2025-03-31,1396000000.0,155.15,16527000000.0,9008914.0,1834.5163468093936
9913.T,2026-03-31,1441000000.0,159.32,17989000000.0,9066784.0,1984.0552063443886
9928.T,2022-03-31,,,,,
9928.T,2023-03-31,3767000000.0,126.18,24278000000.0,29858306.0,813.1070798189288
9928.T,2024-03-31,4238000000.0,141.7,26711000000.0,29919243.0,892.7699139981584
9928.T,2025-03-31,4381000000.0,146.4,29280000000.0,29931156.0,978.2448763422301
9928.T,2026-03-31,5406000000.0,180.56,33135000000.0,29943906.0,1106.5690628336865
9934.T,2022-03-31,,,,,
9934.T,2023-03-31,15427000000.0,138.75,151227000000.0,111350000.0,1358.1230354737315
9934.T,2024-03-31,15623000000.0,139.675,162269000000.0,111955578.0,1449.4052274912108
9934.T,2025-03-31,18783000000.0,166.92,173021000000.0,112233192.0,1541.6205929525731
9934.T,2026-03-31,23420000000.0,208.49,197382000000.0,112254092.0,1758.350154397935
9936.T,2022-03-31,,156.336667,,,
9936.T,2023-03-31,6213000000.0,110.166667,62769000000.0,56415141.0,1112.6268389544573
9936.T,2024-03-31,7911000000.0,140.153333,68634000000.0,56461773.0,1215.583506384045
9936.T,2025-03-31,8071000000.0,142.88,74237000000.0,56510061.0,1313.6952727762937
9936.T,2026-03-31,7470000000.0,,65067000000.0,52531261.0,1238.6338869725591
9946.T,2022-02-28,,-133.27,,,
9946.T,2023-02-28,12834000000.0,442.43,40609000000.0,29009774.0,1399.838550965616
9946.T,2024-02-29,-468000000.0,-16.14,39637000000.0,29008674.0,1366.3844131586297
9946.T,2025-02-28,-6774000000.0,,32510000000.0,29008274.0,1120.7147312521938
9946.T,2026-02-28,-5630000000.0,-194.1,26458000000.0,29007882.0,912.0969259320622
9948.T,2022-02-28,,182.47,,,
9948.T,2023-02-28,9947000000.0,177.47,171686000000.0,55981169.0,3066.8527125612545
9948.T,2024-02-29,11766000000.0,214.03,177808000000.0,53980653.0,3293.920879393586
9948.T,2025-02-28,11063000000.0,204.96,184036000000.0,53980423.0,3409.3100752470946
9948.T,2026-02-28,12445000000.0,,196141000000.0,53280352.0,3681.300754169192
9955.T,2022-03-31,,,,,
9955.T,2023-03-31,2306328000.0,188.81,34904572000.0,12218570.0,2856.6822467768325
9955.T,2024-03-31,1634736000.0,133.7,37123613000.0,12230615.0,3035.3022313268793
9955.T,2025-03-31,1415355000.0,115.64,38853439000.0,12242974.0,3173.529487198127
9955.T,2026-03-31,3784151000.0,308.87,40776166000.0,12255049.0,3327.295223380992
9956.T,2023-03-31,7603000000.0,141.61,152751000000.0,53558499.0,2852.040345641501
9956.T,2024-03-31,11945000000.0,223.02,164067000000.0,53565503.0,3062.922791931964
9956.T,2025-03-31,13655000000.0,257.65,171210000000.0,52669161.0,3250.6688306654437
9956.T,2026-03-31,16476000000.0,312.81,185245000000.0,52673616.0,3516.8460809677467
9960.T,2022-03-31,,,,,
9960.T,2023-03-31,5230000000.0,127.43,45491000000.0,41062602.0,1107.8450410911612
9960.T,2024-03-31,7004000000.0,170.36,53434000000.0,41126961.0,1299.245037823242
9960.T,2025-03-31,11194000000.0,271.995286,61227000000.0,41155125.0,1487.712648181727
9960.T,2026-03-31,13133000000.0,319.18,73669000000.0,41006207.0,1796.5329004947957
9962.T,2023-03-31,34282000000.0,120.53,313274000000.0,284545327.0,1100.9634327960691
9962.T,2024-03-31,28152000000.0,99.75,346601000000.0,281839798.0,1229.7801888149238
9962.T,2025-03-31,36549000000.0,131.62,350945000000.0,274644712.0,1277.8145169603702
9962.T,2026-03-31,40457000000.0,149.3,381124000000.0,264933073.0,1438.5670904893025
9974.T,2022-02-28,,,,,
9974.T,2023-02-28,9614000000.0,461.02,91303000000.0,20866513.0,4375.575353677924
9974.T,2024-02-29,10677000000.0,512.25,99964000000.0,20845181.0,4795.544831201034
9974.T,2025-02-28,12385000000.0,594.120913,109919000000.0,20845925.0,5272.925044103344
9974.T,2026-02-28,12681000000.0,608.69,120591000000.0,20830896.0,5789.04527198446
9983.T,2022-08-31,273335000000.0,891.77,1561652000000.0,306569049.0,5093.964981442076
9983.T,2023-08-31,296230000000.0,966.09,1821405000000.0,306668268.0,5939.333116786638
9983.T,2024-08-31,372000000000.0,1212.88,2016535000000.0,306739187.0,6574.102969112975
9983.T,2025-08-31,433010000000.0,1411.44,2273115000000.0,306819179.0,7408.647032459467
9984.T,2022-03-31,,-254.645,,,
9984.T,2023-03-31,-970144000000.0,-163.0925,9029849000000.0,5852188920.0,1542.986585607356
9984.T,2024-03-31,-227646000000.0,-42.7475,11162125000000.0,5863701596.0,1903.5970397290318
9984.T,2025-03-31,1153332000000.0,780.82,11561541000000.0,5750385224.0,2010.5680836383563
9984.T,2026-03-31,5002271000000.0,,17621823000000.0,5698923701.0,3092.131764618619
9987.T,2022-03-31,,,,,
9987.T,2023-03-31,20345000000.0,236.47,411208000000.0,82731904.0,4970.367900634802
9987.T,2024-03-31,29016000000.0,357.88,416306000000.0,77640733.0,5361.953499331336
9987.T,2025-03-31,34496000000.0,454.58,407291000000.0,72067155.0,5651.548198343615
9987.T,2026-03-31,38136000000.0,545.54,415875000000.0,67637845.0,6148.5548512079295
9989.T,2022-03-31,,,,,
9989.T,2023-03-31,25703000000.0,219.83,236327000000.0,116924184.0,2021.1986255982765
9989.T,2024-03-31,29126000000.0,249.07,253089000000.0,116951661.0,2164.0479308797503
9989.T,2025-03-31,30750000000.0,262.91,269714000000.0,116967327.0,2305.8917983139
9989.T,2026-03-31,31392000000.0,268.36,286001000000.0,116982899.0,2444.810330781767
9991.T,2022-03-31,,,,,
9991.T,2023-03-31,3428000000.0,95.05,59102000000.0,33795541.0,1748.8105901308104
9991.T,2024-03-31,4455000000.0,131.83,62975000000.0,33794630.0,1863.4617393355097
9991.T,2025-03-31,4543000000.0,134.77,66283000000.0,33643869.0,1970.1360744211672
9991.T,2026-03-31,5853000000.0,173.96,71280000000.0,33646255.0,2118.5121494204927
9997.T,2022-03-31,,105.55,,,
9997.T,2023-03-31,7417000000.0,76.71,125496000000.0,96690472.0,1297.9148555609493
9997.T,2024-03-31,5839000000.0,60.39,135191000000.0,96699043.0,1398.059337567591
9997.T,2025-03-31,8797000000.0,,141313000000.0,96227431.0,1468.5313587972644
9997.T,2026-03-31,11542000000.0,119.94,151341000000.0,96174600.0,1573.6067527184932
