ticker,meigara,as_of,per,per_forward,pbr,dividend_yield,roe,profit_margin,debt_to_equity,eps,bps,market_cap,sector,industry
8306.T,三菱ＵＦＪフィナンシャル・グループ,2026-08-27,16.93917,23.701214,1.7825904,2.68,0.09458999,0.27446,,212.23,2016.728,40540355690496.0,Financial Services,Banks - Diversified
7203.T,トヨタ自動車,2026-08-27,8.742035,9.478132,0.975371,3.26,0.12404,0.0863,114.974,351.52,3150.596,36387554328576.0,Consumer Cyclical,Auto Manufacturers
9984.T,ソフトバンクグループ,2026-08-27,5.915993,17.48112,1.6138957,0.21,0.31964,0.61613,130.15,872.55,3198.472,29417843720192.0,Communication Services,Telecom Services
6857.T,アドバンテスト,2026-08-27,68.66635,148.48778,24.510824,0.17,0.56895,0.37325,10.374,514.08,1440.18,25496538578944.0,Technology,Semiconductor Equipment & Materials
8316.T,三井住友フィナンシャルグループ,2026-08-27,16.463593,21.342941,1.6002657,2.01,0.08569,0.27818,,412.0,4238.671,25856802029568.0,Financial Services,Banks - Diversified
8035.T,東京エレクトロン,2026-08-27,44.884884,43.782223,11.89192,1.35,0.30929002,0.23645,,1248.75,4713.284,25463338565632.0,Technology,Semiconductor Equipment & Materials
6098.T,リクルートホールディングス,2026-08-27,48.930367,56.30638,13.367243,0.15,0.36222,0.14974,10.003,348.25,1274.758,23640223514624.0,Communication Services,Internet Content & Information
6501.T,日立製作所,2026-08-27,30.817112,30.573175,3.7156484,1.04,,0.07244,15.628,176.72,1465.693,24377062064128.0,Industrials,Conglomerates
6758.T,ソニーグループ,2026-08-27,20.795582,21.173582,2.7217805,0.9,0.13159999,-0.01746,21.318,186.53,1425.17,22706913280000.0,Technology,Consumer Electronics
9983.T,ファーストリテイリング,2026-08-27,46.16797,52.544292,8.088401,0.89,0.22481,0.1351,28.419,1557.79,8891.745,22068724760576.0,Consumer Cyclical,Apparel Retail
8411.T,みずほフィナンシャルグループ,2026-08-27,14.885075,24.777946,1.7631781,1.8,0.124919996,0.29136,,560.36,4730.662,20266035970048.0,Financial Services,Banks - Regional
6861.T,キーエンス,2026-08-27,44.793457,43.986526,5.6135445,0.67,,0.39224,,1833.75,14632.466,19921014620160.0,Technology,Scientific & Technical Instruments
8058.T,三菱商事,2026-08-27,22.472017,22.250519,1.793482,2.65,0.10077,0.04507,62.621,209.95,2630.637,17274950909952.0,Industrials,Conglomerates
8001.T,伊藤忠商事,2026-08-27,16.498789,3.2644799,2.182353,2.06,0.14093,0.060110003,72.922,128.07,968.221,14769685790720.0,Industrials,Conglomerates
8766.T,東京海上ホールディングス,2026-08-27,27.261658,15.439536,1.7643293,1.71,,0.0,9.282,279.22,4314.387,14461040590848.0,Financial Services,Insurance - Property & Casualty
8031.T,三井物産,2026-08-27,16.811144,16.630934,1.5426117,2.86,0.11378,0.06225,63.652,290.7,3168.004,13850678132736.0,Industrials,Conglomerates
9432.T,ＮＴＴ,2026-08-27,13.296355,11.532646,1.3859751,3.18,0.107130006,0.07126,168.396,12.62,121.07,13625865535488.0,Communication Services,Telecom Services
7011.T,三菱重工業,2026-08-27,56.921757,42.861767,4.209259,0.77,0.14746,0.07763,26.356,69.78,943.634,13346751381504.0,Industrials,Specialty Industrial Machinery
6981.T,村田製作所,2026-08-27,57.674564,31.086946,4.8666806,0.97,0.10063,0.13854,2.009,127.89,1515.612,13426623512576.0,Technology,Electronic Components
2914.T,日本たばこ産業,2026-08-27,20.894367,23.307098,2.8357205,3.9,0.14298001,0.16726999,37.91,335.88,2474.856,12459458953216.0,Consumer Defensive,Tobacco
4519.T,中外製薬,2026-08-27,24.183464,29.345936,5.617517,1.87,0.23493,0.35103,,286.27,1232.395,11392331546624.0,Healthcare,Drug Manufacturers - General
7182.T,ゆうちょ銀行,2026-08-27,22.502209,28.260683,1.2776293,2.87,0.06572,0.30753002,,147.23,2593.084,11800858853376.0,Financial Services,Banks - Regional
6503.T,三菱電機,2026-08-27,28.318628,34.013565,2.5149736,1.07,0.10283,0.07018,7.163,198.35,2233.423,11494829850624.0,Industrials,Electrical Equipment & Parts
9434.T,ソフトバンク,2026-08-27,21.019505,20.45729,3.8954425,3.67,0.16712,0.07721,159.994,11.28,60.866,11341374947328.0,Communication Services,Telecom Services
4063.T,信越化学工業,2026-08-27,23.72821,18.163345,2.4432323,1.94,0.112320006,0.18361999,5.487,252.4,2451.261,11077833195520.0,Basic Materials,Chemicals
9433.T,ＫＤＤＩ,2026-08-27,15.710703,1236.6953,2.1397765,2.9,0.14586,0.12086,93.799,183.41,1346.636,10653047717888.0,Communication Services,Telecom Services
7974.T,任天堂,2026-08-27,24.187094,25.9219,3.48566,2.46,,0.0,,364.74,2530.941,10170647183360.0,Communication Services,Electronic Gaming & Multimedia
6752.T,パナソニック　ホールディングス,2026-08-27,53.945583,25.952028,1.8926061,1.24,0.0525,0.030989999,27.876,81.23,2315.326,10231641800704.0,Technology,Consumer Electronics
4502.T,武田薬品工業,2026-08-27,,41.178146,1.2087632,3.48,-0.02262,-0.035380002,73.245,-104.31,4782.574,9230820048896.0,Healthcare,Drug Manufacturers - Specialty & Generic
5803.T,フジクラ,2026-08-27,57.624264,18.068947,14.890768,0.72,0.38956,0.15669,18.072,94.96,367.476,9059993387008.0,Industrials,Conglomerates
7741.T,ＨＯＹＡ,2026-08-27,33.025967,35.963642,8.095605,1.18,0.2653,0.27176002,4.404,743.96,3034.98,8219168079872.0,Healthcare,Medical Instruments & Supplies
8053.T,住友商事,2026-08-27,14.048097,3.953394,1.7538136,2.27,0.13605,0.08262,101.995,124.75,999.251,8304828874752.0,Industrials,Conglomerates
8002.T,丸紅,2026-08-27,14.7619915,15.683815,1.7774599,2.34,0.14209,0.06611,57.643,330.24,2742.678,7931210760192.0,Industrials,Conglomerates
8015.T,豊田通商,2026-08-27,21.479223,21.43527,2.7331464,1.66,0.16057,0.0325,93.242,351.13,2759.457,7962663321600.0,Industrials,Conglomerates
8725.T,ＭＳ＆ＡＤインシュアランスグループホールディングス,2026-08-27,9.537769,12.26321,1.0895567,2.75,0.16088,0.1155,25.214,528.74,4628.488,7231242240000.0,Financial Services,Insurance - Property & Casualty
5802.T,住友電気工業,2026-08-27,19.061077,10.222594,2.486429,1.76,0.15776,0.075729996,25.197,118.54,908.733,7048915845120.0,Consumer Cyclical,Auto Parts
8591.T,オリックス,2026-08-27,11.305136,17.124098,1.4797571,2.68,0.14035,0.17940001,130.278,562.93,4300.706,6912551157760.0,Financial Services,Financial Conglomerates
6178.T,日本郵政,2026-08-27,18.718546,19.42079,0.66528046,2.5,0.0512,0.03766,,129.15,3633.806,6784271515648.0,Financial Services,Banks - Regional
6301.T,小松製作所,2026-08-27,18.360489,17.884054,1.9260845,2.55,0.11619,0.08939,46.667,413.66,3943.233,6748757819392.0,Industrials,Farm & Heavy Construction Machinery
6146.T,ディスコ,2026-08-27,48.271225,44.28557,11.2293005,0.9,0.27376,0.31645,,1248.57,5367.209,6537350217728.0,Technology,Semiconductor Equipment & Materials
8750.T,第一ライフグループ,2026-08-27,14.996291,4.9191628,1.432922,3.95,0.13575,0.04823,30.147,121.33,1269.783,6554187726848.0,Financial Services,Insurance - Life
7267.T,本田技研工業,2026-08-27,,7.2433596,0.52042425,4.18,-0.0076200003,-0.00754,113.838,-37.01,3175.294,6433209843712.0,Consumer Cyclical,Auto Manufacturers
6702.T,富士通,2026-08-27,21.591755,24.858273,3.2141488,1.48,0.16202,0.08996,6.507,174.65,1173.25,6527702269952.0,Technology,Information Technology Services
4578.T,大塚ホールディングス,2026-08-27,15.962644,23.60453,1.98743,1.64,0.13420999,0.15464,5.873,767.73,6166.255,6438695993344.0,Healthcare,Drug Manufacturers - General
6701.T,日本電気,2026-08-27,23.490528,6.623456,2.8271463,0.86,0.1416,0.08154,25.493,202.72,1684.384,6316050350080.0,Technology,Information Technology Services
6723.T,ルネサスエレクトロニクス,2026-08-27,18.325901,12.192356,2.1874878,0.83,0.13953,0.22947,40.605,186.13,1559.323,6233565691904.0,Technology,Semiconductors
8630.T,ＳＯＭＰＯホールディングス,2026-08-27,27.190464,24.988094,1.1442633,2.91,0.1443,0.11423001,17.64,250.86,5961.041,6062297055232.0,Financial Services,Insurance - Property & Casualty
6367.T,ダイキン工業,2026-08-27,22.310743,21.18152,1.950841,1.72,0.09603,0.05238,39.478,940.13,10751.773,5838100496384.0,Industrials,Building Products & Equipment
6762.T,ＴＤＫ,2026-08-27,29.849586,28.779942,2.5397413,1.32,0.1163,0.08663,32.99,103.05,1211.147,5838722301952.0,Technology,Electronic Components
4062.T,イビデン,2026-08-27,96.03928,66.78858,10.118986,0.1,0.12655,0.1559,31.919,214.86,2039.236,5800408907776.0,Technology,Electronic Components
6954.T,ファナック,2026-08-27,34.01952,35.035526,2.9905427,1.78,0.10049,0.20131999,,178.28,2028.06,5659601403904.0,Industrials,Specialty Industrial Machinery
8308.T,りそなホールディングス,2026-08-27,21.390892,27.628891,1.8137226,1.51,0.0923,0.23052,,113.74,1341.44,5447175634944.0,Financial Services,Banks - Regional
4568.T,第一三共,2026-08-27,20.490168,20.033436,3.074752,3.45,0.14812,0.10931,29.393,140.36,935.36,5233322754048.0,Healthcare,Drug Manufacturers - General
2802.T,味の素,2026-08-27,39.46854,23.48253,6.717836,0.92,0.18486,0.08513,66.233,138.11,811.422,5196634128384.0,Consumer Defensive,Packaged Foods
5108.T,ブリヂストン,2026-08-27,21.02195,7.4201975,1.3649305,3.15,0.112670004,0.09019,23.44,197.27,3038.25,5139457376256.0,Consumer Cyclical,Auto Parts
4661.T,オリエンタルランド,2026-08-27,40.532185,34.48828,4.3839564,0.53,,0.18807,28.924,74.41,687.963,4945385357312.0,Consumer Cyclical,Leisure
8309.T,三井住友トラストグループ,2026-08-27,13.322978,4.734915,1.3211216,2.71,0.10779,0.21312,,131.99,1331.066,4842806837248.0,Financial Services,Banks - Regional
6902.T,デンソー,2026-08-27,11.735822,9.915983,0.9375247,3.86,0.09198,0.056149997,25.468,162.92,2039.413,4793652740096.0,Consumer Cyclical,Auto Parts
8604.T,野村ホールディングス,2026-08-27,12.153846,17.806488,1.2344286,3.18,0.11158,0.17292999,945.609,133.25,1311.943,4733139419136.0,Financial Services,Capital Markets
6971.T,京セラ,2026-08-27,35.666245,40.882683,1.429336,1.54,0.05059,0.07764,10.172,102.59,2559.93,4709339365376.0,Industrials,Conglomerates
3382.T,セブン＆アイ・ホールディングス,2026-08-27,16.951435,17.461418,1.2620755,2.96,0.080469996,0.03562,104.359,118.81,1595.784,4565856419840.0,Consumer Defensive,Grocery Stores
8802.T,三菱地所,2026-08-27,20.630907,24.908764,1.6603097,1.32,0.107,0.15154,129.755,181.96,2261.024,4507383103488.0,Real Estate,Real Estate - Diversified
6273.T,ＳＭＣ,2026-08-27,26.91458,21.634907,2.0725987,1.4,0.09846,0.21955,0.232,2639.09,34270.984,4450767863808.0,Industrials,Specialty Industrial Machinery
1605.T,ＩＮＰＥＸ,2026-08-27,10.432928,14.392697,0.87988126,2.92,0.092709996,0.22082001,24.637,370.27,4390.365,4489655877632.0,Energy,Oil & Gas E&P
4503.T,アステラス製薬,2026-08-27,14.783869,31.641811,2.2127876,3.31,0.21301001,0.16046,30.336,162.17,1083.475,4298750558208.0,Healthcare,Drug Manufacturers - General
7269.T,スズキ,2026-08-27,9.375137,12.104964,1.1629828,2.42,0.1532,0.0789,17.348,227.57,1834.507,4116105658368.0,Consumer Cyclical,Auto Manufacturers
8801.T,三井不動産,2026-08-27,15.045081,15.979165,1.2594771,2.43,0.06705,0.09122,152.103,100.93,1205.659,4088081416192.0,Real Estate,Real Estate - Diversified
9020.T,東日本旅客鉄道,2026-08-27,16.33993,17.381184,1.3218083,2.34,0.07948,0.07548,162.617,219.34,2711.437,4046581661696.0,Industrials,Railroads
4901.T,富士フイルムホールディングス,2026-08-27,14.42337,14.2555485,1.0145152,2.27,0.07145,0.075830005,28.445,229.35,3260.671,3956326006784.0,Industrials,Conglomerates
7751.T,キヤノン,2026-08-27,11.854641,12.941047,1.143635,3.45,0.10371,0.07389,34.446,395.71,4101.833,3958984146944.0,Technology,Computer Hardware
4689.T,ＬＩＮＥヤフー,2026-08-27,19.72003,25.648928,1.254169,1.97,0.08316,0.09665,61.313,27.86,438.059,3782630440960.0,Consumer Cyclical,Internet Retail
8267.T,イオン,2026-08-27,50.744602,21.748844,3.117552,1.01,0.07205,0.00839,185.559,26.86,437.202,3770909458432.0,Consumer Cyclical,Department Stores
4543.T,テルモ,2026-08-27,27.780191,25.120298,2.2703106,1.4,0.10854,0.13897,26.357,92.08,1126.718,3773309386752.0,Healthcare,Medical Instruments & Supplies
9022.T,東海旅客鉄道,2026-08-27,6.900054,9.281071,0.7220894,0.81,0.111590005,0.27235,91.502,571.01,5456.388,3740557639680.0,Industrials,Railroads
7832.T,バンダイナムコホールディングス,2026-08-27,25.84342,33.046906,4.065579,0.85,0.1831,0.111499995,,217.27,1381.107,3601269784576.0,Consumer Cyclical,Leisure
5016.T,ＪＸ金属,2026-08-27,33.70308,,5.524122,0.52,0.23204,0.14555,62.477,112.69,687.53,3526301843456.0,Technology,Semiconductor Equipment & Materials
5401.T,日本製鉄,2026-08-27,207.04616,1.2059573,0.6239673,3.55,0.05505,0.02651,90.107,3.25,1078.422,3516773171200.0,Basic Materials,Steel
5020.T,ＥＮＥＯＳホールディングス,2026-08-27,13.799749,13.315573,0.94198924,2.59,0.19527,0.05594,57.783,95.98,1406.067,3526138265600.0,Energy,Oil & Gas Refining & Marketing
4452.T,花王,2026-08-27,26.071402,14.089081,2.945144,2.17,0.12319,0.07771,20.635,139.77,1237.291,3296938164224.0,Consumer Defensive,Household & Personal Products
7936.T,アシックス,2026-08-27,24.949642,44.122303,8.807937,1.06,0.42215002,0.13503,28.031,178.72,506.248,3161033801728.0,Consumer Cyclical,Footwear & Accessories
6326.T,クボタ,2026-08-27,11.990499,14.363378,1.1393842,1.86,0.10014,0.082320005,74.229,235.77,2481.165,3184311926784.0,Industrials,Farm & Heavy Construction Machinery
8830.T,住友不動産,2026-08-27,14.7799425,8.069143,1.2175852,1.53,0.09356,0.0,155.974,228.35,2771.88,3117205159936.0,Real Estate,Real Estate Services
5713.T,住友金属鉱山,2026-08-27,17.216953,27.494282,1.4093016,1.8,0.11684,0.12449,30.335,649.36,7933.007,3001692717056.0,Basic Materials,Other Industrial Metals & Mining
6920.T,レーザーテック,2026-08-27,40.41576,31.899794,12.650429,1.22,0.33929002,0.33618,,862.04,2754.057,3122732204032.0,Technology,Semiconductor Equipment & Materials
4004.T,レゾナック・ホールディングス,2026-08-27,56.250214,66.07408,3.9605374,0.41,0.08137,0.04185,118.836,292.71,4157.264,3123525713920.0,Basic Materials,Chemicals
9766.T,コナミグループ,2026-08-27,26.473345,36.59996,5.1484337,1.01,0.21156,0.21426001,9.489,831.78,4277.029,2984953774080.0,Communication Services,Electronic Gaming & Multimedia
6594.T,ニデック,2026-08-27,24.995234,13.831302,1.7082846,1.92,0.06313,0.04586,40.098,104.9,1534.873,3005624614912.0,Industrials,Specialty Industrial Machinery
1925.T,大和ハウス工業,2026-08-27,8.324655,10.018908,1.003868,1.95,0.12880999,0.062800005,115.364,566.51,4697.829,2921751904256.0,Real Estate,Real Estate - Development
9503.T,関西電力,2026-08-27,7.6101294,7.903388,0.81087613,3.07,0.12508,0.10079,121.085,341.19,3202.092,2892648153088.0,Utilities,Utilities - Renewable
4307.T,野村総合研究所,2026-08-27,189.76378,28.977957,7.5855565,1.67,0.046040002,0.02227,62.286,26.67,667.189,2834671861760.0,Technology,Information Technology Services
9101.T,日本郵船,2026-08-27,13.6405945,13.442245,0.8923203,3.45,0.07705,0.08962,42.798,504.89,7718.081,2779291058176.0,Industrials,Marine Shipping
7013.T,ＩＨＩ,2026-08-27,17.844687,4.6882567,4.1266284,0.87,0.3344,0.12077,67.304,151.95,657.074,2874629160960.0,Industrials,Specialty Industrial Machinery
4612.T,日本ペイントホールディングス,2026-08-27,19.007149,20.170263,1.3862708,1.42,0.111770004,0.10151,70.361,62.95,863.107,2775234641920.0,Basic Materials,Specialty Chemicals
5801.T,古河電気工業,2026-08-27,39.334564,13.673456,6.5282454,0.56,0.22573,0.064959995,77.557,103.09,621.147,2852678008832.0,Industrials,Electrical Equipment & Parts
9735.T,セコム,2026-08-27,23.256151,27.072102,1.9723842,1.87,0.087110005,0.08823,4.787,276.4,3259.0,2564317249536.0,Industrials,Security & Protection Services
8601.T,大和証券グループ本社,2026-08-27,14.724371,18.563301,1.4066311,3.86,0.10955,0.20921,1221.076,124.08,1298.848,2536915075072.0,Financial Services,Capital Markets
7735.T,ＳＣＲＥＥＮホールディングス,2026-08-27,28.181763,15.662513,5.211101,1.86,0.1887,0.14501001,1.215,486.13,2629.003,2590503075840.0,Technology,Semiconductor Equipment & Materials
4507.T,塩野義製薬,2026-08-27,12.007138,15.1307535,1.3891282,2.6,0.16773,0.46785998,38.591,240.94,2082.601,2462454382592.0,Healthcare,Drug Manufacturers - Specialty & Generic
7532.T,パン・パシフィック・インターナショナルホールディングス,2026-08-27,22.189205,4.5933743,3.4428499,1.21,0.16478,0.04502,48.507,36.68,236.403,2433136459776.0,Consumer Defensive,Discount Stores
2502.T,アサヒグループホールディングス,2026-08-27,15.140492,11.637659,0.763703,3.69,0.05574,0.05402,52.869,109.97,2180.167,2435332702208.0,Consumer Defensive,Beverages - Brewers
2503.T,キリンホールディングス,2026-08-27,12.567834,17.773256,1.7886492,2.47,0.15143,0.078099996,50.194,243.24,1709.111,2436096327680.0,Consumer Defensive,Beverages - Brewers
3659.T,ネクソン,2026-08-27,18.304827,18.683487,2.27623,1.92,0.12519,0.26353002,4.546,170.72,1372.884,2433992097792.0,Communication Services,Electronic Gaming & Multimedia
9104.T,商船三井,2026-08-27,11.209011,12.344714,0.8012552,2.9,0.07892,0.10431,85.568,619.68,8668.898,2386785730560.0,Industrials,Marine Shipping
4091.T,日本酸素ホールディングス,2026-08-27,19.964386,20.662739,1.9528375,1.18,0.12126,0.09897,66.209,286.41,2928.047,2475055120384.0,Basic Materials,Chemicals
8697.T,日本取引所グループ,2026-08-27,38.82843,36.86632,7.2544804,3.41,,0.0,15.701,58.81,314.771,2325610496000.0,Financial Services,Financial Data & Stock Exchanges
8795.T,Ｔ＆Ｄホールディングス,2026-08-27,17.321594,19.566624,1.3875566,3.38,0.09340999,0.051069997,13.856,279.42,3488.146,2305976434688.0,Financial Services,Insurance - Life
7453.T,良品計画,2026-08-27,38.46634,27.392214,6.266041,0.74,-0.04765,-0.01726,59.899,112.15,688.473,2289993252864.0,Consumer Cyclical,Department Stores
7733.T,オリンパス,2026-08-27,35.42143,17.25963,3.0815864,1.41,0.105749995,0.074939996,42.638,61.22,703.696,2304796000256.0,Healthcare,Medical Devices
6361.T,荏原製作所,2026-08-27,28.451883,32.025116,1.7819453,1.33,0.09571999,0.04546,39.549,172.08,2747.559,2229596323840.0,Industrials,Specialty Industrial Machinery
7012.T,川崎重工業,2026-08-27,20.309605,4.610706,2.484001,1.55,0.14437,0.05053,92.947,129.52,1058.977,2296945573888.0,Industrials,Conglomerates
6988.T,日東電工,2026-08-27,17.297544,17.788563,1.9738816,1.89,0.12546,0.12913999,,197.08,1727.054,2255134654464.0,Basic Materials,Specialty Chemicals
1928.T,積水ハウス,2026-08-27,8.69072,9.132093,1.0346421,4.22,0.12644,0.06105,84.768,396.63,3331.587,2234477182976.0,Consumer Cyclical,Residential Construction
1812.T,鹿島建設,2026-08-27,12.71182,18.12622,1.6278715,3.02,,0.059439998,58.946,380.04,2967.679,2226857181184.0,Industrials,Engineering & Construction
9502.T,中部電力,2026-08-27,9.575209,12.299796,0.6883491,2.39,0.06044,0.04975,91.166,301.56,4194.819,2181198774272.0,Utilities,Utilities - Diversified
8473.T,ＳＢＩホールディングス,2026-08-27,5.4555645,8.37327,1.1806837,3.09,0.23416,0.24256,302.859,624.5,2885.616,2202256539648.0,Financial Services,Financial Conglomerates
6383.T,ダイフク,2026-08-27,26.856298,40.495754,4.315129,1.54,,0.12123,9.056,216.56,1347.816,2162616565760.0,Industrials,Specialty Industrial Machinery
3407.T,旭化成,2026-08-27,14.008031,16.352484,1.0426425,2.71,0.09751,0.06098,56.856,117.04,1572.447,2196864892928.0,Industrials,Conglomerates
7186.T,横浜フィナンシャルグループ,2026-08-27,20.363869,25.836933,1.4616623,2.5,,0.2792,,93.99,1309.468,2127367897088.0,Financial Services,Banks - Regional
9532.T,大阪瓦斯,2026-08-27,14.311297,19.124786,1.1637784,2.32,0.07901,0.068670005,42.406,390.88,4806.757,2122945527808.0,Utilities,Utilities - Regulated Gas
1801.T,大成建設,2026-08-27,12.48537,26.890757,2.235852,2.97,,0.078990005,45.852,1025.2,5724.887,2086516686848.0,Industrials,Engineering & Construction
4684.T,オービック,2026-08-27,28.198845,30.202475,4.226542,1.97,0.16645999,0.56193,,171.39,1143.488,2080868139008.0,Technology,Software - Application
1802.T,大林組,2026-08-27,11.9492445,21.604088,1.6464177,3.16,0.16165,0.072519995,27.364,249.43,1810.294,2048859832320.0,Industrials,Engineering & Construction
6504.T,富士電機,2026-08-27,21.48993,23.517502,2.6371536,1.53,0.14274,0.08604,8.042,664.73,5416.825,2085483577344.0,Industrials,Electrical Equipment & Parts
8593.T,三菱ＨＣキャピタル,2026-08-27,14.719502,12.742597,0.9979228,3.69,0.07201,0.06292,498.194,95.01,1401.411,2005168816128.0,Financial Services,Credit Services
9531.T,東京瓦斯,2026-08-27,9.271331,22.393894,1.1626209,1.97,0.096260004,0.05617,70.137,655.03,5223.543,1995010605056.0,Utilities,Utilities - Regulated Gas
9107.T,川崎汽船,2026-08-27,15.50937,9.332341,1.1361202,3.63,0.07565,0.11924,12.975,210.26,2870.295,1953351335936.0,Industrials,Marine Shipping
6525.T,ＫＯＫＵＳＡＩ　ＥＬＥＣＴＲＩＣ,2026-08-27,68.09917,45.817215,9.100322,0.78,,0.0,22.405,128.68,962.933,2045142630400.0,Technology,Semiconductor Equipment & Materials
8331.T,千葉銀行,2026-08-27,19.157888,25.380642,1.5038123,2.27,0.08298001,0.27705,,146.18,1862.267,1935887040512.0,Financial Services,Banks - Regional
7272.T,ヤマハ発動機,2026-08-27,8.462364,9.992074,1.4668205,2.56,0.07716,0.02792,79.639,223.46,1289.183,1835650646016.0,Consumer Cyclical,Auto Manufacturers
5831.T,しずおかフィナンシャルグループ,2026-08-27,21.491646,28.799871,1.4952486,3.03,0.081999995,0.26049,,167.6,2408.964,1912144527360.0,Financial Services,Banks - Regional
7270.T,ＳＵＢＡＲＵ,2026-08-27,20.665339,5.810072,0.6590341,4.42,0.03118,0.01767,13.14,125.5,3935.305,1827597582336.0,Consumer Cyclical,Auto Manufacturers
7550.T,ゼンショーホールディングス,2026-08-27,42.444977,37.190346,5.1748757,0.68,0.17907,0.04079,91.263,276.24,2265.755,1834519363584.0,Consumer Cyclical,Restaurants
3402.T,東レ,2026-08-27,24.139885,18.87378,1.0236735,1.82,0.05609,0.03509,46.26,52.9,1247.468,1860157571072.0,Consumer Cyclical,Textile Manufacturing
6963.T,ローム,2026-08-27,,56.450684,2.4460156,1.05,,-0.30435,51.627,-396.93,2005.302,1893502025728.0,Technology,Semiconductors
7181.T,かんぽ生命保険,2026-08-27,10.894368,7.2548246,0.38609847,3.0,,0.057540003,102.945,152.51,4303.306,1800522170368.0,Financial Services,Insurance - Life
9697.T,カプコン,2026-08-27,32.21235,30.95098,6.1314893,1.07,,0.30193,,130.54,685.804,1758988599296.0,Communication Services,Electronic Gaming & Multimedia
9435.T,光通信,2026-08-27,11.7108965,18.022173,1.4061644,1.98,0.14486,0.20982,86.268,3436.97,28623.965,1758860017664.0,Industrials,Conglomerates
9843.T,ニトリホールディングス,2026-08-27,19.536299,3.4522517,1.7281319,1.06,0.092180006,0.098009996,14.875,157.86,1784.586,1742637629440.0,Consumer Cyclical,"Furnishings, Fixtures & Appliances"
8113.T,ユニ・チャーム,2026-08-27,26.362904,5.5466323,2.079349,2.22,0.08294,0.066539995,1.469,37.2,471.638,1687588831232.0,Consumer Defensive,Household & Personal Products
2801.T,キッコーマン,2026-08-27,27.345053,28.076864,2.9116204,1.36,0.12088,0.08465,10.577,65.99,619.758,1674106109952.0,Consumer Defensive,Packaged Foods
4755.T,楽天グループ,2026-08-27,,-102.43101,1.8575977,,0.0034,-0.024330001,363.838,-29.67,419.628,1700857774080.0,Consumer Cyclical,Internet Retail
5334.T,日本特殊陶業,2026-08-27,15.100953,17.763117,1.9848198,1.21,0.24791999,0.24330999,28.507,570.56,4340.948,1677104906240.0,Consumer Cyclical,Auto Parts
7309.T,シマノ,2026-08-27,29.64542,21.52962,1.9266325,1.84,0.06847,0.121829994,0.379,668.4,10284.784,1684094582784.0,Consumer Cyclical,Leisure
5706.T,三井金属,2026-08-27,17.965647,47.682384,3.8873873,0.1,0.30622,0.14418,27.79,1596.38,7377.706,1640991162368.0,Industrials,Conglomerates
5019.T,出光興産,2026-08-27,9.784855,10.437723,0.9998151,2.65,0.22516,0.04239,136.942,140.37,1373.754,1646294073344.0,Energy,Oil & Gas Refining & Marketing
1803.T,清水建設,2026-08-27,12.887674,29.298586,1.6099849,3.22,0.17629999,0.08135,55.696,186.69,1494.424,1634128887808.0,Industrials,Engineering & Construction
7259.T,アイシン,2026-08-27,16.231411,9.80113,0.7382474,3.33,0.08434,0.03146,28.868,137.85,3030.827,1569643167744.0,Consumer Cyclical,Auto Parts
7167.T,めぶきフィナンシャルグループ,2026-08-27,18.908743,42.909973,1.4165033,2.62,0.09242,0.25542998,,88.98,1187.784,1579114430464.0,Financial Services,Banks - Regional
4188.T,三菱ケミカルグループ,2026-08-27,,12.738539,0.8664115,2.83,0.01418,0.013040001,73.776,-60.45,1340.587,1578115923968.0,Basic Materials,Specialty Chemicals
7202.T,いすゞ自動車,2026-08-27,11.478891,8.709322,1.0102047,4.2,0.116009995,0.04089,60.175,193.05,2193.615,1522917441536.0,Consumer Cyclical,Auto Manufacturers
5333.T,ＮＧＫ,2026-08-27,26.372454,27.255413,1.8900688,1.96,0.09237,0.103819996,28.279,206.2,2877.144,1530706001920.0,Industrials,Specialty Industrial Machinery
4911.T,資生堂,2026-08-27,,30.279076,2.3564992,1.6,-0.03079,-0.020539999,51.517,-51.38,1593.041,1500189818880.0,Consumer Defensive,Household & Personal Products
8136.T,サンリオ,2026-08-27,27.831137,9.499124,9.258366,1.32,,0.2755,7.69,44.77,134.581,1510688030720.0,Consumer Cyclical,Specialty Retail
8354.T,ふくおかフィナンシャルグループ,2026-08-27,17.152662,19.046566,1.3009695,2.71,0.087139994,0.21019,,451.65,5954.79,1464037015552.0,Financial Services,Banks - Regional
7911.T,ＴＯＰＰＡＮホールディングス,2026-08-27,22.235434,18.895958,1.0267048,1.15,0.05614,0.041350003,37.443,227.07,4917.675,1417961799680.0,Industrials,Conglomerates
2587.T,サントリービバレッジ＆フード,2026-08-27,15.585357,13.628964,1.0315489,2.63,0.07988,0.049569998,1.087,290.08,4382.73,1396987396096.0,Consumer Defensive,Beverages - Non-Alcoholic
5844.T,京都フィナンシャルグループ,2026-08-27,14.459894,35.212074,0.99919564,2.25,0.07948,0.31151,,338.73,4901.943,1379995615232.0,Financial Services,Banks - Regional
8303.T,ＳＢＩ新生銀行,2026-08-27,11.352235,,1.1315742,1.29,,0.19402,,137.55,1379.936,1385050537984.0,Financial Services,Banks - Regional
3003.T,ヒューリック,2026-08-27,11.385604,13.144178,1.4351302,3.71,0.13069999,0.1415,232.092,157.26,1247.622,1359562014720.0,Real Estate,Real Estate Services
4523.T,エーザイ,2026-08-27,35.06617,23.675766,1.4912847,3.31,0.049629997,0.049390003,29.077,136.77,3216.019,1353603874816.0,Healthcare,Drug Manufacturers - Specialty & Generic
6586.T,マキタ,2026-08-27,17.693333,21.571096,1.3587478,3.95,0.08596,0.10406999,1.697,300.0,3906.538,1367637098496.0,Industrials,Tools & Accessories
9147.T,ＮＩＰＰＯＮ　ＥＸＰＲＥＳＳホールディングス,2026-08-27,73.77532,9.31841,1.6482201,1.74,0.024400001,0.00691,101.717,77.98,3490.432,1367050289152.0,Industrials,Integrated Freight & Logistics
9021.T,西日本旅客鉄道,2026-08-27,10.785019,12.686914,1.1134297,3.27,0.0934,0.06386,115.25,277.7,2689.887,1362976047104.0,Industrials,Railroads
6479.T,ミネベアミツミ,2026-08-27,13.880894,15.941153,1.4837883,1.79,,0.06348,52.132,246.67,2307.607,1375063113728.0,Technology,Electronic Components
4151.T,協和キリン,2026-08-27,16.76533,18.779732,1.4890358,2.72,0.092530005,0.15353,,155.41,1749.79,1364204584960.0,Healthcare,Drug Manufacturers - Specialty & Generic
7912.T,大日本印刷,2026-08-27,13.251273,15.9058485,1.0891297,1.31,0.069180004,0.05409,18.92,235.6,2866.509,1339895840768.0,Industrials,Conglomerates
4768.T,大塚商会,2026-08-27,20.062286,23.29848,3.2467382,2.97,0.16991,0.04848,1.431,176.6,1091.249,1343509757952.0,Technology,Information Technology Services
9202.T,ＡＮＡホールディングス,2026-08-27,9.525589,6.2836256,0.95474386,1.95,0.13206,0.06215,84.724,321.24,3205.048,1324073615360.0,Industrials,Airlines
9201.T,日本航空,2026-08-27,9.946587,12.257184,0.90697104,3.15,0.090670004,0.05544,55.55,307.04,3367.252,1312693813248.0,Industrials,Airlines
9602.T,東宝,2026-08-27,25.494684,6.33946,2.5874188,1.4,0.0971,0.13277,0.296,61.15,602.531,1296856121344.0,Communication Services,Entertainment
3563.T,ＦＯＯＤ　＆　ＬＩＦＥ　ＣＯＭＰＡＮＩＥＳ,2026-08-27,46.178925,34.908325,10.593796,0.35,0.29974002,0.06204,176.208,125.75,548.151,1319754006528.0,Consumer Cyclical,Restaurants
6841.T,横河電機,2026-08-27,22.596365,23.819881,2.5489876,1.78,,0.0,4.682,227.78,2019.233,1287997358080.0,Industrials,Specialty Industrial Machinery
6506.T,安川電機,2026-08-27,36.27581,24.008005,2.6302688,1.45,0.07511,0.06073,24.475,135.6,1870.151,1275830992896.0,Industrials,Electrical Equipment & Parts
8439.T,東京センチュリー,2026-08-27,11.60671,14.395719,1.1100233,3.46,0.10875,0.0,413.86,227.11,2374.725,1288376287232.0,Industrials,Rental & Leasing Services
6645.T,オムロン,2026-08-27,37.514397,24.030693,1.5393628,1.61,0.05131,0.042579997,31.574,173.64,4231.621,1280843841536.0,Technology,Electronic Components
3099.T,三越伊勢丹ホールディングス,2026-08-27,16.615242,22.01028,2.0731893,1.67,,0.14458999,12.073,213.9,1714.267,1236416856064.0,Consumer Cyclical,Department Stores
6305.T,日立建機,2026-08-27,17.11463,13.707876,1.3611718,3.25,0.10929,0.06297,58.427,344.15,4327.154,1252077338624.0,Industrials,Farm & Heavy Construction Machinery
5201.T,ＡＧＣ,2026-08-27,13.4858265,13.969377,0.8014236,3.66,0.06104,0.041950002,38.309,427.56,7194.697,1224662581248.0,Industrials,Conglomerates
2269.T,明治ホールディングス,2026-08-27,34.494747,21.322828,1.5672722,2.46,0.05525,0.03384,16.913,129.44,2848.899,1210759643136.0,Consumer Defensive,Packaged Foods
8359.T,八十二長野銀行,2026-08-27,18.889126,50.464016,1.0090154,2.46,0.06514,0.26992,,141.06,2640.693,1212633186304.0,Financial Services,Banks - Regional
3436.T,ＳＵＭＣＯ,2026-08-27,,69.937035,2.1193626,0.59,-0.04061,-0.06612,57.301,-79.34,1624.545,1204128317440.0,Technology,Semiconductor Equipment & Materials
7701.T,島津製作所,2026-08-27,19.59847,19.106203,2.0597312,2.09,0.12335,0.11504,1.812,209.2,1990.551,1184654557184.0,Technology,Scientific & Technical Instruments
5101.T,横浜ゴム,2026-08-27,8.30119,14.390819,1.0539255,2.97,0.14314,0.10998,54.288,904.81,7126.69,1184840548352.0,Consumer Cyclical,Auto Parts
6869.T,シスメックス,2026-08-27,33.83181,18.162071,2.3967335,2.06,0.08335,0.075430006,25.407,56.84,802.342,1157726339072.0,Healthcare,Medical Devices
5411.T,ＪＦＥホールディングス,2026-08-27,17.442633,5.787867,0.44393057,4.34,0.0377,0.02056,85.683,105.46,4143.666,1170172805120.0,Basic Materials,Steel
2768.T,双日,2026-08-27,11.281553,10.55937,1.0145932,3.2,0.10727999,0.03768,125.907,494.79,5501.712,1161392291840.0,Industrials,Conglomerates
4528.T,小野薬品工業,2026-08-27,16.597063,14.566953,1.3357286,3.21,0.0926,0.15116,13.418,148.46,1844.686,1157851512832.0,Healthcare,Drug Manufacturers - General
2413.T,エムスリー,2026-08-27,24.810474,25.122122,2.9429557,1.26,,0.12988,,72.55,611.63,1201374101504.0,Healthcare,Health Information Services
6448.T,ブラザー工業,2026-08-27,19.141035,20.016039,1.4616971,2.13,0.123900004,0.113350004,0.099,247.74,3244.174,1172822294528.0,Industrials,Business Equipment & Supplies
1944.T,きんでん,2026-08-27,19.929771,35.12276,2.6525269,2.01,0.14601,0.09716,56.624,350.28,2631.83,1148246818816.0,Industrials,Engineering & Construction
6532.T,ベイカレント,2026-08-27,32.042496,31.941336,10.897485,1.67,0.38583001,0.24941,5.267,249.45,733.472,1174843424768.0,Industrials,Consulting Services
6976.T,太陽誘電,2026-08-27,83.693535,48.17663,3.1914642,0.99,0.05335,0.0499,40.27,107.81,2827.229,1129200484352.0,Technology,Electronic Components
5830.T,いよぎんホールディングス,2026-08-27,15.499448,27.53674,1.2239411,2.04,0.078260005,0.31601998,,253.88,3215.024,1129733029888.0,Financial Services,Banks - Regional
1773.T,ワイ・ティー・エル・コーポレーション・バーハッド,2026-08-27,22.294373,,1.6175724,2.45,0.10075,0.045489997,189.601,4.62,63.675663,1198593933312.0,Utilities,Utilities - Diversified
7201.T,日産自動車,2026-08-27,,-21.383778,0.2249026,,-0.076519996,-0.03372,172.415,-152.59,1394.826,1096815214592.0,Consumer Cyclical,Auto Manufacturers
5838.T,楽天銀行,2026-08-27,15.490904,21.642563,2.8729007,,0.20007999,0.37164003,,418.31,2255.56,1130828267520.0,Financial Services,Banks - Regional
1878.T,大東建託,2026-08-27,11.153088,2.391278,2.1991525,4.86,0.20658001,0.049629997,60.69,299.11,1516.948,1086429528064.0,Real Estate,Real Estate - Diversified
9042.T,阪急阪神ホールディングス,2026-08-27,14.389579,14.609541,0.99669117,2.11,0.0735,0.065809995,124.309,330.1,4765.769,1111707877376.0,Industrials,Conglomerates
8729.T,ソニーフィナンシャルグループ,2026-08-27,21.149872,,1.2533689,4.92,0.118389994,0.0,198.612,7.74,130.608,1098172530688.0,Financial Services,Insurance - Life
4021.T,日産化学,2026-08-27,21.852434,24.964336,4.2774963,2.6,0.2178,0.18252,17.367,368.38,1881.942,1073855791104.0,Basic Materials,Chemicals
3391.T,ツルハホールディングス,2026-08-27,16.51408,3.8121006,1.2312291,2.0,,0.02481,22.553,144.18,1933.84,1078811951104.0,Healthcare,Pharmaceutical Retailers
1942.T,関電工,2026-08-27,17.655933,32.436897,2.839551,2.39,0.16861999,0.0872,2.919,311.51,1936.926,1094576766976.0,Industrials,Engineering & Construction
9684.T,スクウェア・エニックス・ホールディングス,2026-08-27,35.619442,10.383892,2.9762542,1.46,0.111379996,0.120120004,,82.09,982.443,1054615207936.0,Communication Services,Electronic Gaming & Multimedia
5332.T,ＴＯＴＯ,2026-08-27,26.739353,26.631971,1.9946585,1.86,0.07418,0.05519,4.541,243.05,3258.202,1068776751104.0,Industrials,Building Products & Equipment
4204.T,積水化学工業,2026-08-27,14.433131,13.641538,1.2506292,3.13,0.09024999,0.055960003,21.463,182.67,2108.139,1064621375488.0,Industrials,Conglomerates
8334.T,群馬銀行,2026-08-27,18.005299,41.902256,1.667748,2.52,0.10296,0.31309,,154.76,1670.816,1054689263616.0,Financial Services,Banks - Regional
4186.T,東京応化工業,2026-08-27,26.441732,45.289204,2.583937,0.92,0.05544,0.061279997,,334.32,3421.136,1060587044864.0,Technology,Electronic Components
7747.T,朝日インテック,2026-08-27,32.256992,48.855923,5.945905,1.27,0.19742,0.22057,4.969,120.47,653.559,1031050297344.0,Healthcare,Medical Instruments & Supplies
2875.T,東洋水産,2026-08-27,14.779499,16.662714,1.9067398,2.06,0.14105,0.13387999,0.574,713.15,5527.76,1013184724992.0,Consumer Defensive,Packaged Foods
3088.T,マツキヨココカラ＆カンパニー,2026-08-27,18.432718,18.564125,1.8884952,2.17,0.111,0.05092,0.282,139.86,1365.108,1013977710592.0,Healthcare,Pharmaceutical Retailers
6724.T,セイコーエプソン,2026-08-27,55.70825,15.656565,1.1709359,2.55,0.0297,0.01684,31.203,56.76,2700.404,1013192523776.0,Technology,Computer Hardware
3092.T,ＺＯＺＯ,2026-08-27,21.106594,6.6769915,10.216857,3.5,0.51832,0.21019,20.357,54.13,111.825,1000388231168.0,Consumer Cyclical,Internet Retail
6856.T,堀場製作所,2026-08-27,23.368887,24.662655,2.7401032,1.53,0.12679,0.118240006,17.216,1019.09,8691.278,1000743370752.0,Technology,Scientific & Technical Instruments
8377.T,ほくほくフィナンシャルグループ,2026-08-27,16.999483,36.317417,1.3049426,0.18,0.09722,0.28031,,483.25,6295.296,980887732224.0,Financial Services,Banks - Regional
9962.T,ミスミグループ本社,2026-08-27,24.879065,26.365255,2.5340085,1.56,0.12247,0.094919994,,148.84,1461.321,973084229632.0,Industrials,Tools & Accessories
3289.T,東急不動産ホールディングス,2026-08-27,9.888528,12.326309,1.0490316,3.71,0.10542,0.07361,206.122,135.46,1276.892,955373322240.0,Real Estate,Real Estate - Diversified
7752.T,リコー,2026-08-27,17.31163,14.644496,0.81000984,2.6,0.07453,0.03127,43.356,97.68,2087.629,950426075136.0,Industrials,Business Equipment & Supplies
4324.T,電通グループ,2026-08-27,,11.006504,2.1727395,,-0.34882998,-0.14140001,92.676,-800.66,1635.723,922569342976.0,Communication Services,Advertising Agencies
9508.T,九州電力,2026-08-27,6.2289453,11.965081,0.7464249,2.52,0.14633,0.07402,256.946,314.66,2625.85,926645157888.0,Utilities,Utilities - Independent Power Producers
9005.T,東急,2026-08-27,10.818003,14.341085,0.9938732,1.93,,0.0,148.254,152.2,1656.65,927659196416.0,Consumer Cyclical,Department Stores
9401.T,ＴＢＳホールディングス,2026-08-27,17.72859,27.200705,0.5627048,1.69,0.03711,0.11408,4.924,331.16,10433.534,922821328896.0,Communication Services,Broadcasting
8050.T,セイコーグループ,2026-08-27,41.877796,32.779236,4.8353505,0.93,0.15445,0.075,54.786,268.4,2324.547,918940155904.0,Consumer Cyclical,Footwear & Accessories
4005.T,住友化学,2026-08-27,15.000001,14.310655,0.83464235,2.88,0.13168,0.04463,80.157,37.16,667.831,920753733632.0,Basic Materials,Chemicals
3064.T,ＭｏｎｏｔａＲＯ,2026-08-27,25.984964,30.66371,7.598951,1.99,0.29909,0.09701,17.301,71.83,245.626,917893480448.0,Consumer Cyclical,Internet Retail
9143.T,ＳＧホールディングス,2026-08-27,15.489657,13.624955,1.6661515,3.53,0.114870004,0.035469998,71.869,98.13,912.282,907041046528.0,Industrials,Integrated Freight & Logistics
4732.T,ユー・エス・エス,2026-08-27,22.323952,25.255756,4.7986975,2.82,0.22409001,0.0,1.111,88.47,411.57,896730005504.0,Consumer Cyclical,Auto & Truck Dealerships
6370.T,栗田工業,2026-08-27,22.809977,24.576197,2.6792295,1.63,0.13613,0.06003,34.042,361.64,3078.87,888390418432.0,Industrials,Pollution & Treatment Controls
3288.T,オープンハウスグループ,2026-08-27,8.100992,10.377692,1.4899372,2.56,0.20166999,0.07839,136.42,979.88,5327.741,874233528320.0,Real Estate,Real Estate - Diversified
8341.T,七十七銀行,2026-08-27,15.990759,15.081712,1.1418316,2.69,0.09386,0.31388,,242.39,3394.546,864728907776.0,Financial Services,Banks - Regional
9501.T,東京電力ホールディングス,2026-08-27,,2.5,0.250097,,0.12517999,0.06165,196.059,-283.52,2118.778,849271848960.0,Utilities,Utilities - Renewable
9023.T,東京地下鉄,2026-08-27,14.4993105,,1.1581059,2.98,0.07376,0.1258,149.06,101.66,1272.768,855799758848.0,Industrials,Railroads
2897.T,日清食品ホールディングス,2026-08-27,19.041218,14.382402,1.6236796,2.35,0.09625,0.058870003,34.874,156.24,1832.258,852569817088.0,Consumer Defensive,Packaged Foods
9024.T,西武ホールディングス,2026-08-27,22.182491,23.752129,1.4834574,1.25,0.07507,0.07872,119.746,151.02,2258.238,851495616512.0,Industrials,Conglomerates
6806.T,ヒロセ電機,2026-08-27,26.056353,,2.2313118,2.03,0.08823,0.14817001,1.776,993.04,11596.317,846704672768.0,Technology,Electronic Components
1911.T,住友林業,2026-08-27,9.757871,2.1428115,0.6624583,3.71,0.12991,0.031229999,75.836,137.53,2025.788,822890004480.0,Consumer Cyclical,Residential Construction
2267.T,ヤクルト本社,2026-08-27,18.845005,16.025063,1.3583381,2.5,0.08218,0.09427,17.337,150.65,2090.054,814326939648.0,Consumer Defensive,Beverages - Non-Alcoholic
4042.T,東ソー,2026-08-27,20.176699,12.100353,0.9779622,3.77,,0.051999997,30.38,132.43,2732.212,822683566080.0,Basic Materials,Chemicals
3626.T,ＴＩＳＩ,2026-08-27,18.917599,16.658781,2.7802324,2.34,0.15434,0.080019996,20.591,204.73,1393.049,817160912896.0,Technology,Information Technology Services
5406.T,神戸製鋼所,2026-08-27,8.509252,7.331256,0.63560516,3.94,0.056750003,0.027509999,55.392,237.8,3183.58,800199213056.0,Basic Materials,Steel
6465.T,ホシザキ,2026-08-27,20.964262,21.7677,1.9871045,2.01,0.09835,0.0739,1.605,273.37,2884.096,802678898688.0,Industrials,Specialty Industrial Machinery
3231.T,野村不動産ホールディングス,2026-08-27,9.650429,2.1047528,0.99681115,4.7,0.09599,0.08158,211.464,96.69,936.085,797062660096.0,Real Estate,Real Estate Services
6113.T,アマダ,2026-08-27,26.314722,20.255829,1.5069197,2.49,,0.07236,14.89,98.69,1723.383,800555466752.0,Industrials,Specialty Industrial Machinery
5711.T,三菱マテリアル,2026-08-27,19.226189,17.76991,1.0073441,1.95,0.14458999,0.04773,88.9,310.67,5929.453,780536381440.0,Basic Materials,Other Industrial Metals & Mining
3086.T,Ｊ．フロント　リテイリング,2026-08-27,27.97302,24.779875,1.8795816,1.79,0.06483,0.06239,83.507,112.68,1676.969,775103447040.0,Consumer Cyclical,Department Stores
4183.T,三井化学,2026-08-27,23.377758,4.6960716,0.8858844,3.53,0.08045,0.03837,82.395,91.54,2415.665,773689638912.0,Basic Materials,Specialty Chemicals
6481.T,ＴＨＫ,2026-08-27,31.409668,34.939945,2.7758658,2.89,0.08269,-0.18523,50.658,217.64,2462.655,766136549376.0,Industrials,Specialty Industrial Machinery
6845.T,アズビル,2026-08-27,20.11889,25.644049,3.2767768,2.49,0.16804,0.12871,8.777,75.7,464.786,763022934016.0,Industrials,Specialty Industrial Machinery
3197.T,すかいらーくホールディングス,2026-08-27,39.697292,63.6659,3.8892198,0.81,0.102,0.03974,70.461,83.91,856.47,757542158336.0,Consumer Cyclical,Restaurants
7261.T,マツダ,2026-08-27,21.609713,4.3834367,0.39511704,4.57,0.05876,0.02093,44.479,55.6,3040.871,758110748672.0,Consumer Cyclical,Auto Manufacturers
5929.T,三和ホールディングス,2026-08-27,12.877336,15.775505,2.2366812,3.63,0.18129,0.08693,12.574,281.58,1621.152,755250167808.0,Industrials,Building Products & Equipment
1808.T,長谷工コーポレーション,2026-08-27,14.056696,13.528388,1.3366455,3.5,0.115880005,0.048860002,73.346,204.6,2151.655,761727352832.0,Consumer Cyclical,Residential Construction
4182.T,三菱瓦斯化学,2026-08-27,,14.025186,1.1352477,2.84,-0.0337,-0.03877,31.299,-207.05,3414.233,755908018176.0,Basic Materials,Specialty Chemicals
4385.T,メルカリ,2026-08-27,22.083075,45.910763,5.568855,,0.29884002,0.15439,199.554,209.21,829.614,763318173696.0,Consumer Cyclical,Internet Retail
2501.T,サッポロビール,2026-08-27,79.10663,11.168264,1.4608535,2.08,0.023810001,0.6287,28.817,24.29,1315.327,749333118976.0,Consumer Defensive,Beverages - Brewers
3861.T,王子ホールディングス,2026-08-27,14.3589325,11.485266,0.6867677,4.09,0.060100004,0.03412,92.148,61.07,1276.851,744693563392.0,Basic Materials,Paper & Paper Products
9404.T,日本テレビホールディングス,2026-08-27,13.313283,20.12032,0.69194007,1.48,0.06534,0.13344,2.58,226.09,4350.088,733875404800.0,Communication Services,Broadcasting
5444.T,大和工業,2026-08-27,12.077294,14.04606,1.3521018,3.23,0.12218001,0.42876998,0.08,1024.65,9152.417,739436068864.0,Basic Materials,Steel
7729.T,東京精密,2026-08-27,30.526924,30.351727,3.9379637,1.68,0.144,0.15159,6.665,606.35,4700.399,751315255296.0,Technology,Semiconductor Equipment & Materials
8233.T,高島屋,2026-08-27,,18.871935,1.6027863,1.6,-0.0054,-0.010089999,86.255,-27.51,1551.049,728433819648.0,Consumer Cyclical,Department Stores
2212.T,山崎製パン,2026-08-27,17.106989,18.84806,1.5249504,1.63,0.08939,0.03148,18.655,213.48,2394.832,719096315904.0,Consumer Defensive,Packaged Foods
2371.T,カカクコム,2026-08-27,38.482555,29.517975,11.179666,1.37,0.30614,0.18889,12.468,95.16,327.559,724476428288.0,Communication Services,Internet Content & Information
4704.T,トレンドマイクロ,2026-08-27,21.20279,19.155996,6.2338295,3.32,0.29984,0.12185001,,269.54,916.772,741763186688.0,Technology,Software - Infrastructure
8060.T,キヤノンマーケティングジャパン,2026-08-27,16.595041,9.34326,1.8588609,2.71,0.11553001,0.06592,0.786,211.75,1890.405,723526025216.0,Industrials,Business Equipment & Supplies
3769.T,ＧＭＯペイメントゲートウェイ,2026-08-27,30.83075,35.518703,5.851852,1.81,0.21662001,0.27649,41.874,312.61,1647.0,731939340288.0,Technology,Software - Infrastructure
2327.T,日鉄ソリューションズ,2026-08-27,23.171455,24.94089,2.5844395,2.23,0.11682,0.07883,8.353,168.44,1510.192,714176462848.0,Technology,Information Technology Services
8804.T,東京建物,2026-08-27,11.540663,13.915621,1.1697332,3.8,0.106359996,0.13406,247.989,296.95,2929.728,709865504768.0,Real Estate,Real Estate Services
9513.T,電源開発,2026-08-27,12.318084,11.106805,0.49306098,2.73,0.03387,0.02794,125.78,325.7,8136.925,706145222656.0,Utilities,Utilities - Renewable
5076.T,インフロニア・ホールディングス,2026-08-27,10.942826,30.049994,1.0849032,4.71,0.23747,0.11647,88.87,258.16,2603.919,714754883584.0,Industrials,Engineering & Construction
6323.T,ローツェ,2026-08-27,37.881428,30.074202,5.246932,0.49,0.15192,0.16545,15.139,109.13,787.889,716966854656.0,Technology,Semiconductor Equipment & Materials
5991.T,日本発條,2026-08-27,25.105425,18.192835,1.5425419,2.0,0.08054,0.041550003,12.699,137.54,2238.513,699561345024.0,Consumer Cyclical,Auto Parts
7337.T,ひろぎんホールディングス,2026-08-27,16.11111,,1.1549956,2.99,0.08191,0.22167999,,145.8,2033.774,695659462656.0,Financial Services,Banks - Regional
6302.T,住友重機械工業,2026-08-27,17.203,17.435667,0.9860413,2.48,0.06068,0.03602,38.419,338.72,5909.489,691090423808.0,Industrials,Specialty Industrial Machinery
8253.T,クレディセゾン,2026-08-27,11.216605,14.131371,0.88747436,3.33,0.09307,0.12394,466.593,424.46,5364.662,684030296064.0,Financial Services,Credit Services
2670.T,エービーシー・マート,2026-08-27,14.801454,15.193658,1.7086651,2.87,0.12385,0.12342,1.09,187.11,1620.856,685774209024.0,Consumer Cyclical,Apparel Retail
8227.T,しまむら,2026-08-27,16.346485,5.6486573,1.3951122,2.41,0.09329,0.06506,,202.49,2372.569,687216132096.0,Consumer Cyclical,Apparel Retail
7276.T,小糸製作所,2026-08-27,44.465683,17.620522,1.12384,2.24,0.03805,0.0,0.238,60.17,2380.677,688913514496.0,Consumer Cyclical,Auto Parts
4527.T,ロート製薬,2026-08-27,21.264725,18.473967,2.2539115,1.65,0.10908,0.093739994,17.689,145.17,1369.619,697551749120.0,Consumer Defensive,Household & Personal Products
4751.T,サイバーエージェント,2026-08-27,16.63137,26.04878,3.2391276,1.49,0.2028,0.04583,32.514,80.27,412.148,676977246208.0,Communication Services,Advertising Agencies
5901.T,東洋製罐グループホールディングス,2026-08-27,12.475472,-43.19617,0.95766115,4.13,0.078439996,0.0543,28.114,361.83,4713.567,679742013440.0,Consumer Cyclical,Packaging & Containers
9041.T,近鉄グループホールディングス,2026-08-27,12.429678,13.082337,1.0750523,1.96,0.09847,0.03071,191.228,282.63,3267.748,667991080960.0,Industrials,Conglomerates
6965.T,浜松ホトニクス,2026-08-27,52.480873,28.468107,2.1885607,1.62,0.055180002,0.07496,29.955,45.75,1097.068,693257109504.0,Technology,Electronic Components
5344.T,ＭＡＲＵＷＡ,2026-08-27,35.941956,28.410093,4.458182,0.2,,0.24515,,1521.62,12267.332,674866200576.0,Technology,Electronic Components
9072.T,ニッコンホールディングス,2026-08-27,35.59788,35.185665,2.6905618,2.08,0.0687,0.061880004,51.913,152.79,2021.511,674612641792.0,Industrials,Integrated Freight & Logistics
5021.T,コスモエネルギーホールディングス,2026-08-27,9.290317,3.8762188,0.9875741,3.94,0.22760001,0.057350002,68.065,453.16,4262.971,668503900160.0,Energy,Oil & Gas Integrated
7762.T,シチズン時計,2026-08-27,21.454346,33.861584,2.2402003,1.95,0.10868,0.0,21.51,127.48,1220.873,667322286080.0,Consumer Cyclical,Footwear & Accessories
9506.T,東北電力,2026-08-27,7.753444,4.9377623,0.579515,3.01,0.0769,0.03179,308.159,169.86,2272.59,659547684864.0,Utilities,Utilities - Renewable
6269.T,三井海洋開発,2026-08-27,9.570377,26.952148,2.5059314,2.06,0.3495,0.08823,25.077,1024.62,3913.116,670183784448.0,Energy,Oil & Gas Equipment & Services
7327.T,第四北越フィナンシャルグループ,2026-08-27,15.791768,,1.1150758,3.17,0.086219996,0.22284001,,160.59,2274.285,665562513408.0,Financial Services,Banks - Regional
2181.T,パーソルホールディングス,2026-08-27,15.3858185,16.532213,2.9729404,4.38,0.20683001,0.02753,34.607,19.18,99.262,658265210880.0,Industrials,Staffing & Employment Services
4203.T,住友ベークライト,2026-08-27,23.837973,27.478907,1.8600589,1.59,,0.09336001,8.326,319.7,4097.182,668631629824.0,Basic Materials,Specialty Chemicals
7189.T,西日本フィナンシャルホールディングス,2026-08-27,0.016436491,19.76618,1.0299815,2.95,0.07813,0.22153999,,288017.7,4596.199,659363201024.0,Financial Services,Banks - Regional
3291.T,飯田グループホールディングス,2026-08-27,10.347538,11.533407,0.64011186,3.88,0.06901,0.04508,82.629,229.04,3702.478,654902362112.0,Consumer Cyclical,Residential Construction
6473.T,ジェイテクト,2026-08-27,54.64684,16.381437,0.80945134,3.4,0.02722,0.00983,26.205,37.66,2542.463,655126953984.0,Consumer Cyclical,Auto Parts
7180.T,九州フィナンシャルグループ,2026-08-27,17.672905,20.619175,0.86190534,2.45,0.051459998,0.17633,,87.62,1796.601,653102940160.0,Financial Services,Banks - Regional
4506.T,住友ファーマ,2026-08-27,5.344065,83.91711,1.5783746,,0.38529,0.23728001,39.323,268.99,910.747,644853006336.0,Healthcare,Drug Manufacturers - Specialty & Generic
7731.T,ニコン,2026-08-27,,18.52394,1.0890223,1.02,-0.15223,-0.13798,36.892,-261.66,1801.157,646151012352.0,Consumer Cyclical,Leisure
9009.T,京成電鉄,2026-08-27,13.462503,4.068815,1.1493375,1.65,0.094160005,0.15107,71.229,99.61,1166.759,646682836992.0,Industrials,Railroads
8418.T,山口フィナンシャルグループ,2026-08-27,20.101845,29.07919,0.9325562,3.04,0.056999996,0.15958,,157.1,3386.391,636437069824.0,Financial Services,Banks - Regional
6134.T,ＦＵＪＩ,2026-08-27,40.945408,39.29012,2.6530461,2.61,,0.113520004,,178.97,2762.108,644227006464.0,Industrials,Specialty Industrial Machinery
2809.T,キユーピー,2026-08-27,25.74705,26.098133,1.9573507,1.4,0.08178,0.047620002,7.205,181.38,2385.878,632292769792.0,Consumer Defensive,Packaged Foods
7282.T,豊田合成,2026-08-27,10.973114,15.393361,1.0922685,1.9,0.12039,0.055970002,21.634,493.57,4958.488,635089453056.0,Consumer Cyclical,Auto Parts
8366.T,滋賀銀行,2026-08-27,29.894896,52.55238,0.98226297,1.81,0.04443,0.17525999,,92.29,2808.82,634237222912.0,Financial Services,Banks - Regional
2579.T,コカ・コーラ　ボトラーズジャパンホールディングス,2026-08-27,35.733067,42.127205,1.752576,1.84,0.05369,0.02214,47.463,110.29,2248.69,637551575040.0,Consumer Defensive,Beverages - Non-Alcoholic
5393.T,ニチアス,2026-08-27,20.759615,7.356056,2.6650481,1.78,,0.0,4.505,165.61,1290.033,646171066368.0,Industrials,Conglomerates
3038.T,神戸物産,2026-08-27,18.498299,27.561853,3.6419358,1.12,0.21661,0.060310002,16.583,152.96,776.922,627614613504.0,Consumer Defensive,Grocery Stores
3132.T,マクニカホールディングス,2026-08-27,23.184214,13.20085,2.2461023,2.27,0.12819,0.025339998,33.573,155.58,1605.893,644076929024.0,Technology,Electronics & Computer Distribution
4403.T,日油,2026-08-27,15.809178,16.838861,2.135853,2.51,0.13812,0.14583999,1.465,176.29,1304.865,626334760960.0,Basic Materials,Specialty Chemicals
4733.T,オービックビジネスコンサルタント,2026-08-27,35.146687,35.097168,3.7746108,1.56,0.11522,0.35673,,240.99,2243.94,636746661888.0,Technology,Information Technology Services
1721.T,コムシスホールディングス,2026-08-27,17.545616,21.485348,1.5761367,2.49,0.10163,0.06086,0.687,309.65,3447.036,623622160384.0,Industrials,Engineering & Construction
9064.T,ヤマトホールディングス,2026-08-27,47.022663,18.038473,1.1004728,2.35,0.02331,0.0070499997,36.069,41.48,1772.42,617677651968.0,Industrials,Trucking
5832.T,ちゅうぎんフィナンシャルグループ,2026-08-27,15.663407,23.483524,0.9219065,2.93,0.07051,0.20126,,222.94,3787.803,620759678976.0,Financial Services,Banks - Regional
5714.T,ＤＯＷＡホールディングス,2026-08-27,9.872557,21.444088,1.3313122,3.23,0.18461001,0.094799995,24.034,1049.88,7785.552,613071912960.0,Basic Materials,Other Industrial Metals & Mining
6460.T,セガサミーホールディングス,2026-08-27,,12.227481,1.7270752,1.81,-0.00054000004,-0.0004,39.964,-27.35,1750.358,613681594368.0,Communication Services,Electronic Gaming & Multimedia
6368.T,オルガノ,2026-08-27,21.779642,29.64597,4.355598,0.98,0.21583,0.15515,26.333,617.09,3085.684,618002776064.0,Industrials,Pollution & Treatment Controls
9412.T,スカパーＪＳＡＴ,2026-08-27,26.357342,31.066572,2.008649,2.22,0.08826,0.19851999,8.492,82.33,1080.328,615170965504.0,Communication Services,Broadcasting
9007.T,小田急電鉄,2026-08-27,16.329266,15.843049,1.1894366,3.38,0.07117,0.08303001,133.921,108.18,1485.157,605156540416.0,Industrials,Railroads
5110.T,住友ゴム工業,2026-08-27,9.63369,12.154192,0.7900287,3.65,0.09020001,0.049310002,44.89,235.32,2869.516,595872776192.0,Consumer Cyclical,Auto Parts
4536.T,参天製薬,2026-08-27,16.259663,17.130957,1.9800074,2.24,0.13425,0.13255,,113.84,934.845,595443253248.0,Healthcare,Drug Manufacturers - General
7459.T,メディパルホールディングス,2026-08-27,13.97735,16.74397,0.90987426,3.01,0.07293,0.01207,,206.62,3174.065,591169650688.0,Healthcare,Medical Distribution
5105.T,ＴＯＹＯ　ＴＩＲＥ,2026-08-27,9.851416,9.8142,1.069691,3.64,0.11622,0.10025,11.166,387.66,3570.19,588172165120.0,Consumer Cyclical,Auto Parts
2282.T,日本ハム,2026-08-27,17.5703,18.436583,1.1158046,2.83,0.067379996,0.02313,45.995,360.95,5683.791,588856950784.0,Consumer Defensive,Packaged Foods
4676.T,フジ・メディア・ホールディングス,2026-08-27,124.78633,24.804321,1.0798631,4.82,0.023629999,0.02675,117.067,32.76,3785.665,582522044416.0,Communication Services,Broadcasting
9001.T,東武鉄道,2026-08-27,10.593685,13.138622,0.93402094,2.49,0.09385,0.084180005,126.825,282.81,3207.637,585811886080.0,Industrials,Railroads
3774.T,インターネットイニシアティブ,2026-08-27,23.365826,22.787642,3.590506,1.3,0.16308,0.067729995,47.228,139.52,907.95,578095808512.0,Communication Services,Telecom Services
1959.T,クラフティア,2026-08-27,14.582524,16.628422,1.6808887,2.66,0.12303001,0.08592,8.336,566.5,4914.662,584340406272.0,Industrials,Engineering & Construction
2331.T,ＡＬＳＯＫ,2026-08-27,17.340534,21.240837,1.4969023,2.77,,0.0,6.948,68.51,793.639,577441890304.0,Industrials,Security & Protection Services
2002.T,日清製粉グループ本社,2026-08-27,17.972473,15.9827385,1.1042284,3.16,0.060960002,0.03496,16.757,113.34,1844.727,569574424576.0,Consumer Defensive,Packaged Foods
7951.T,ヤマハ,2026-08-27,25.104284,17.35483,1.1810768,1.99,0.06838,0.06704,4.743,52.74,1121.011,582423543808.0,Consumer Cyclical,Leisure
3635.T,コーエーテクモホールディングス,2026-08-27,12.927959,14.985921,2.0322318,2.8,0.20599002,0.52886003,3.572,131.73,837.995,569206374400.0,Communication Services,Electronic Gaming & Multimedia
4088.T,エア・ウォーター,2026-08-27,14.368442,11.553712,1.472061,3.02,-0.15251,-0.05994,125.475,174.41,1702.375,574535303168.0,Basic Materials,Specialty Chemicals
8368.T,百五銀行,2026-08-27,21.4493,,1.0899612,1.79,0.06419,0.20865999,,110.26,2169.802,570886455296.0,Financial Services,Banks - Regional
1969.T,高砂熱学工業,2026-08-27,15.266695,13.011962,2.758523,2.85,0.18063,0.08422,19.125,285.72,1581.281,570823606272.0,Industrials,Building Products & Equipment
5631.T,日本製鋼所,2026-08-27,29.637846,27.835642,2.6685004,1.2,0.10228,0.07831,39.917,261.49,2904.253,570483539968.0,Industrials,Specialty Industrial Machinery
1963.T,日揮ホールディングス,2026-08-27,13.317528,18.908045,1.3097775,2.29,0.11851,0.06696,8.387,172.93,1758.314,557500923904.0,Industrials,Engineering & Construction
6324.T,ハーモニック・ドライブ・システムズ,2026-08-27,350.8982,77.42106,6.8163314,0.35,0.03708,0.04654,20.752,16.7,859.7,554747428864.0,Industrials,Specialty Industrial Machinery
9706.T,日本空港ビルデング,2026-08-27,18.793636,27.313164,2.5534832,1.62,0.18511,0.10609,94.268,313.67,2308.611,547206397952.0,Industrials,Airports & Air Services
9142.T,九州旅客鉄道,2026-08-27,12.030075,10.48437,1.0948554,3.42,0.093389995,0.08801,101.196,295.26,3244.264,546417901568.0,Industrials,Conglomerates
6471.T,日本精工,2026-08-27,23.871937,19.102476,0.7927554,3.07,0.04887,0.03241,49.416,46.54,1401.441,543635636224.0,Consumer Cyclical,Auto Parts
9468.T,ＫＡＤＯＫＡＷＡ,2026-08-27,472.86823,28.160345,2.2503495,0.81,,-0.021370001,0.39,7.74,1626.414,537894387712.0,Communication Services,Publishing
6268.T,ナブテスコ,2026-08-27,27.263058,42.769745,1.8978298,1.78,0.06902,0.07006,19.435,169.24,2431.198,540689367040.0,Industrials,Specialty Industrial Machinery
6674.T,ジーエス・ユアサ　コーポレーション,2026-08-27,17.103168,18.946774,1.3674214,1.83,0.11978,0.0,30.93,313.86,3925.637,538514227200.0,Consumer Cyclical,Auto Parts
3405.T,クラレ,2026-08-27,67.28851,9.674934,0.726211,3.03,0.00816,0.00912,41.476,27.07,2508.224,548812226560.0,Basic Materials,Chemicals
2871.T,ニチレイ,2026-08-27,19.568008,9.05445,1.8563507,2.35,0.1027,0.036930002,49.471,109.03,1149.298,534691905536.0,Consumer Defensive,Packaged Foods
6952.T,カシオ計算機,2026-08-27,30.221222,45.80413,2.2721336,1.87,0.10542,0.08276,17.974,80.01,1064.198,530279137280.0,Technology,Consumer Electronics
6508.T,明電舎,2026-08-27,23.572126,40.59285,3.139124,1.34,0.17820999,0.08270001,21.484,520.53,3908.734,556615663616.0,Industrials,Specialty Industrial Machinery
1951.T,エクシオグループ,2026-08-27,17.434015,22.261171,1.5615687,3.05,0.10306,0.042579997,34.938,151.17,1687.726,535945117696.0,Industrials,Engineering & Construction
8252.T,丸井グループ,2026-08-27,18.697107,18.726675,2.2432976,4.49,0.12443,0.10498,340.718,158.34,1319.709,529071898624.0,Financial Services,Credit Services
4812.T,電通総研,2026-08-27,30.441061,9.645849,5.074036,1.66,0.17538999,0.10139,2.348,90.01,540.004,534793551872.0,Technology,Information Technology Services
4626.T,太陽ホールディングス,2026-08-27,28.895649,17.493,4.183739,3.32,0.23756,0.18709,42.48,164.35,1135.109,528452943872.0,Basic Materials,Specialty Chemicals
3110.T,日東紡績,2026-08-27,13.138972,10.171721,3.0963886,0.97,0.28395,0.35814,26.786,229.47,973.715,548807180288.0,Consumer Cyclical,Textile Manufacturing
6871.T,日本マイクロニクス,2026-08-27,28.42484,62.736862,5.8333526,5.26,0.26163998,0.21736999,4.978,483.38,2355.421,532713439232.0,Technology,Semiconductor Equipment & Materials
3349.T,コスモス薬品,2026-08-27,16.208065,17.960167,1.8315628,1.28,0.11843,0.029140001,27.662,404.49,3579.457,519610368000.0,Healthcare,Pharmaceutical Retailers
4912.T,ライオン,2026-08-27,18.19971,27.467033,1.5761617,1.81,0.09651,0.06558,8.876,104.15,1202.605,524485689344.0,Consumer Defensive,Household & Personal Products
9301.T,三菱倉庫,2026-08-27,9.804298,12.095305,1.3710343,2.89,0.11228,0.15348,36.719,155.85,1114.487,519181205504.0,Industrials,Integrated Freight & Logistics
4613.T,関西ペイント,2026-08-27,19.422157,15.867027,1.6989169,4.01,0.09264,0.04916,63.93,148.31,1695.492,511549964288.0,Basic Materials,Specialty Chemicals
5938.T,ＬＩＸＩＬ,2026-08-27,62.729843,22.061932,0.78094155,5.09,0.00889,0.00364,107.898,28.28,2271.617,510190092288.0,Industrials,Building Products & Equipment
7649.T,スギホールディングス,2026-08-27,10.811899,17.323444,1.6538838,0.92,0.10896,0.02962,31.598,248.43,1624.056,499743293440.0,Healthcare,Pharmaceutical Retailers
4980.T,デクセリアルズ,2026-08-27,19.280046,20.164717,4.63824,2.12,,0.24971001,18.22,160.01,665.123,516768792576.0,Technology,Electronic Components
7211.T,三菱自動車工業,2026-08-27,50.293728,4.127767,0.55032635,2.67,0.022669999,0.00368,43.011,7.49,684.503,504157470720.0,Consumer Cyclical,Auto Manufacturers
8088.T,岩谷産業,2026-08-27,10.607889,3.1954968,1.0625877,2.16,0.17326,0.07979,44.169,207.11,2067.594,505695043584.0,Industrials,Conglomerates
8358.T,スルガ銀行,2026-08-27,14.9163475,33.805393,1.5238668,2.04,0.1371,0.44891998,,198.44,1942.427,500596113408.0,Financial Services,Banks - Regional
5947.T,リンナイ,2026-08-27,13.820044,15.734128,1.1322918,2.96,0.09177,0.07538,2.055,259.84,3171.444,495807987712.0,Consumer Cyclical,"Furnishings, Fixtures & Appliances"
7173.T,東京きらぼしフィナンシャルグループ,2026-08-27,13.297997,,1.2354584,1.76,0.11545999,0.25077,,128.29,1380.864,488351301632.0,Financial Services,Banks - Regional
2433.T,博報堂ＤＹホールディングス,2026-08-27,28.829025,23.637335,1.2411474,2.38,0.04452,0.0194,31.327,46.03,1069.172,476435513344.0,Communication Services,Advertising Agencies
7240.T,ＮＯＫ,2026-08-27,10.803217,16.682034,0.7731242,4.62,0.08446,0.06644,9.712,284.73,3978.662,488607481856.0,Consumer Cyclical,Auto Parts
4631.T,ＤＩＣ,2026-08-27,8.492828,15.443981,0.94019645,3.16,0.12255,0.05031,81.88,596.15,5385.045,479532449792.0,Basic Materials,Specialty Chemicals
9364.T,上組,2026-08-27,15.596566,19.13836,1.2294428,4.31,0.07864,0.0,15.449,311.03,3945.69,476118286336.0,Industrials,Integrated Freight & Logistics
6787.T,メイコー,2026-08-27,25.103168,30.188679,3.4426477,0.86,0.15284,0.07667,107.323,758.47,5530.627,488694185984.0,Technology,Electronic Components
7988.T,ニフコ,2026-08-27,13.995355,14.647064,1.5779204,1.65,0.11878,0.09257,8.369,361.62,3207.386,471309090816.0,Consumer Cyclical,Auto Parts
8524.T,北洋銀行,2026-08-27,18.780308,40.830673,1.2114743,2.54,0.070310004,0.12051,,68.05,1054.913,478121623552.0,Financial Services,Banks - Regional
8012.T,長瀬産業,2026-08-27,14.644033,3.788301,1.0549977,2.42,0.096470006,0.03966,46.863,78.94,1095.737,471454416896.0,Basic Materials,Specialty Chemicals
9831.T,ヤマダホールディングス,2026-08-27,32.378326,15.320444,0.73862654,2.4,0.02606,0.0091699995,44.656,21.78,954.745,468940685312.0,Consumer Cyclical,Specialty Retail
8304.T,あおぞら銀行,2026-08-27,18.205862,18.157839,0.9349043,2.78,0.06564,0.2193,,185.27,3607.856,466759352320.0,Financial Services,Banks - Regional
1662.T,石油資源開発,2026-08-27,8.88793,12.302692,0.80294377,2.48,0.07475,0.12694,9.263,208.71,2310.249,473472204800.0,Energy,Oil & Gas E&P
4205.T,日本ゼオン,2026-08-27,13.011789,20.268803,1.17591,3.27,,0.0,9.338,186.6,2064.784,464586899456.0,Basic Materials,Specialty Chemicals
5471.T,大同特殊鋼,2026-08-27,14.122775,15.533419,0.943015,2.27,0.07555,0.058819998,39.527,161.76,2422.549,456566013952.0,Basic Materials,Steel
5233.T,太平洋セメント,2026-08-27,18.572807,7.242111,0.6841207,2.85,0.0419,0.02961,73.659,227.86,6186.043,461132201984.0,Basic Materials,Building Materials
9008.T,京王電鉄,2026-08-27,10.683374,2.851764,0.99312913,2.78,0.097559996,0.08425,105.769,73.02,785.497,451586719744.0,Industrials,Conglomerates
7380.T,十六フィナンシャルグループ,2026-08-27,16.863462,,0.8853713,2.18,0.061,0.19016,,153.29,2919.679,457816768512.0,Financial Services,Banks - Regional
9076.T,セイノーホールディングス,2026-08-27,18.998348,16.567745,0.9775225,4.39,0.062470004,0.03215,19.26,145.46,2827.045,449378746368.0,Industrials,Trucking
1860.T,戸田建設,2026-08-27,12.314432,16.644737,0.9335845,3.95,0.10799,0.067540005,42.99,123.27,1625.991,449388412928.0,Industrials,Engineering & Construction
7389.T,あいちフィナンシャルグループ,2026-08-27,21.400517,,1.0037539,1.63,0.07832,0.28855,,89.11,1899.868,464799170560.0,Financial Services,Banks - Regional
8056.T,ＢＩＰＲＯＧＹ,2026-08-27,14.631783,16.332298,2.5257323,3.01,0.17351,0.06973,40.829,319.92,1853.324,452258725888.0,Technology,Information Technology Services
4401.T,ＡＤＥＫＡ,2026-08-27,16.8021,17.043549,1.4094762,2.86,0.09681,0.072519995,12.725,278.12,3315.416,453168726016.0,Basic Materials,Specialty Chemicals
6923.T,スタンレー電気,2026-08-27,14.986693,14.249565,0.961193,3.11,0.0718,0.0584,35.997,240.48,3749.507,443689533440.0,Consumer Cyclical,Auto Parts
9989.T,サンドラッグ,2026-08-27,13.817383,13.515779,1.5156549,3.52,0.113120005,0.03701,16.755,268.43,2447.127,433889574912.0,Healthcare,Pharmaceutical Retailers
5741.T,ＵＡＣＪ,2026-08-27,Infinity,4.2143946,1.1174942,2.89,0.23305,0.05663,99.322,0.0,2103.814,425693675520.0,Basic Materials,Aluminum
6754.T,アンリツ,2026-08-27,37.662907,49.325874,3.3036082,1.47,0.11332,0.11374,2.676,91.31,1040.983,440164155392.0,Technology,Scientific & Technical Instruments
9533.T,東邦瓦斯,2026-08-27,14.416189,5.4330707,0.8733217,1.84,0.05143,0.03824,33.697,83.76,1382.652,429756809216.0,Utilities,Utilities - Regulated Gas
7003.T,三井Ｅ＆Ｓ,2026-08-27,11.464869,33.115997,1.9684871,1.4,0.19448,0.10832,35.226,380.99,2218.963,440809291776.0,Industrials,Aerospace & Defense
5805.T,ＳＷＣＣ,2026-08-27,23.140652,34.172955,4.3119,2.36,0.23683001,0.07339,41.418,636.11,3413.808,436128448512.0,Industrials,Electrical Equipment & Parts
7164.T,全国保証,2026-08-27,13.189429,6.823634,1.7574904,3.82,0.14051,0.56055,12.347,243.68,1828.744,427720769536.0,Financial Services,Credit Services
6770.T,アルプスアルパイン,2026-08-27,16.435356,20.694326,0.9715946,2.92,0.06243,0.02564,22.353,134.74,2279.243,432148348928.0,Technology,Electronic Components
6141.T,ＤＭＧ森精機,2026-08-27,62.279625,10.678759,1.2154635,3.47,0.027090002,0.04595,34.802,48.78,2499.458,428662325248.0,Industrials,Specialty Industrial Machinery
4967.T,小林製薬,2026-08-27,261.9048,23.993053,2.008366,1.86,0.0078100003,0.0097,0.345,21.63,2820.701,421128306688.0,Consumer Defensive,Household & Personal Products
9065.T,山九,2026-08-27,13.616302,16.670988,1.3696222,1.86,0.114209995,0.05391,34.293,613.97,6103.873,419213344768.0,Industrials,Integrated Freight & Logistics
2222.T,寿スピリッツ,2026-08-27,33.222836,29.406652,9.228724,1.29,0.31389,0.16136,,81.45,293.215,417895809024.0,Consumer Defensive,Confectioners
6592.T,マブチモーター,2026-08-27,14.392883,13.360987,1.2301954,3.99,0.09277,0.14169,5.22,121.97,1427.009,418170339328.0,Consumer Cyclical,Auto Parts
9006.T,京浜急行電鉄,2026-08-27,15.424593,19.916433,1.1092503,2.9,0.07074,0.08762,141.312,101.98,1418.075,414495703040.0,Industrials,Conglomerates
6753.T,シャープ,2026-08-27,8.859841,11.89671,1.4258871,,0.09599,0.012560001,152.005,73.06,453.963,420296097792.0,Technology,Consumer Electronics
2531.T,宝ホールディングス,2026-08-27,35.24658,22.831198,1.5893203,1.43,0.02772,0.029660001,22.88,60.63,1344.6,409116573696.0,Consumer Defensive,Beverages - Brewers
2784.T,アルフレッサ　ホールディングス,2026-08-27,10.000872,14.295945,0.8291464,3.1,0.08169,0.012510001,6.169,229.53,2768.51,402653773824.0,Healthcare,Medical Distribution
4681.T,リゾートトラスト,2026-08-27,19.120935,10.880125,2.4527698,1.89,0.14783,0.08592,23.894,98.4,767.092,399535964160.0,Consumer Cyclical,Resorts & Casinos
8424.T,芙蓉総合リース,2026-08-27,18.54008,5.767327,0.7813318,3.86,0.04656,0.02728,516.379,238.78,5665.967,399321956352.0,Industrials,Rental & Leasing Services
3116.T,トヨタ紡織,2026-08-27,17.179585,8.076854,0.81281096,3.82,0.055760004,0.01018,33.826,130.3,2754.023,399929737216.0,Consumer Cyclical,Auto Parts
8283.T,ＰＡＬＴＡＣ,2026-08-27,18.484444,,1.3398305,1.9,,0.01847,,358.68,4948.387,401983012864.0,Consumer Defensive,Household & Personal Products
9507.T,四国電力,2026-08-27,7.7655573,12.767584,0.8029669,2.81,0.118319996,0.0719,160.914,247.31,2391.755,394659692544.0,Utilities,Utilities - Regulated Electric
8410.T,セブン銀行,2026-08-27,27.741137,19.22857,1.4001814,3.26,0.06197,0.07405,,12.13,240.326,393031254016.0,Financial Services,Banks - Regional
1332.T,ニッスイ,2026-08-27,14.33326,14.544636,1.2821263,2.47,0.102589995,0.02954,95.197,90.14,1007.701,391827226624.0,Consumer Defensive,Packaged Foods
6417.T,ＳＡＮＫＹＯ,2026-08-27,8.801798,1318.3334,1.567746,5.03,0.14407,0.23718001,,224.67,1261.365,390583386112.0,Consumer Cyclical,Gambling
2607.T,不二製油,2026-08-27,35.18833,24.493633,1.5835971,1.36,0.06018,0.01763,114.175,129.56,2878.889,391994146816.0,Consumer Defensive,Packaged Foods
1893.T,五洋建設,2026-08-27,11.582258,20.967276,2.0512178,3.59,0.19128,0.0435,127.205,125.58,709.091,393194438656.0,Industrials,Engineering & Construction
4114.T,日本触媒,2026-08-27,23.640335,27.169792,0.9754416,5.29,0.05899,0.05407,16.291,112.16,2718.256,391827030016.0,Basic Materials,Chemicals
5463.T,丸一鋼管,2026-08-27,14.795658,6.3201737,1.0966607,2.97,0.08189,0.11225,1.202,117.94,1591.194,386356969472.0,Basic Materials,Steel
8425.T,みずほリース,2026-08-27,8.101906,2.4048202,0.8556675,3.76,0.13148,0.06101,768.988,169.96,1609.27,385817247744.0,Financial Services,Credit Services
9449.T,ＧＭＯインターネットグループ,2026-08-27,22.878763,26.838978,2.5987504,1.76,0.16381,0.058769997,194.158,179.73,1582.299,392268546048.0,Communication Services,Telecom Services
8381.T,山陰合同銀行,2026-08-27,17.23126,,1.1914147,2.63,0.08111,0.19398001,,149.96,2168.85,385815805952.0,Financial Services,Banks - Regional
3923.T,ラクス,2026-08-27,31.019522,19.152855,10.562958,0.74,0.81297,0.40366,,36.88,108.303,405101084672.0,Technology,Information Technology Services
9605.T,東映,2026-08-27,16.180279,29.231586,1.2823006,0.19,0.10115,0.12550999,5.729,374.53,4725.881,378670809088.0,Communication Services,Entertainment
9336.T,大栄環境,2026-08-27,24.126925,24.398735,3.4708343,1.43,0.16145,0.17926,95.069,159.78,1110.684,385022853120.0,Industrials,Waste Management
3941.T,レンゴー,2026-08-27,18.663595,10.038131,0.7675911,3.17,0.05741,0.02569,92.044,84.63,2057.736,382358749184.0,Consumer Cyclical,Packaging & Containers
7984.T,コクヨ,2026-08-27,17.248129,4.2147713,1.4858556,2.69,0.08604,0.05935,1.413,52.11,604.904,378443792384.0,Industrials,Business Equipment & Supplies
2264.T,森永乳業,2026-08-27,16.768248,4.6579595,0.33682027,2.13,0.08248,0.03891,47.077,68.91,3430.613,372989886464.0,Consumer Defensive,Packaged Foods
3397.T,トリドールホールディングス,2026-08-27,200.18596,39.73791,3.9608696,0.28,,0.0,172.517,21.51,1087.135,378631585792.0,Consumer Cyclical,Restaurants
9069.T,センコーグループホールディングス,2026-08-27,19.83208,17.368422,1.6240569,2.49,0.088999994,0.02226,143.165,113.15,1381.725,375687348224.0,Industrials,Integrated Freight & Logistics
6005.T,三浦工業,2026-08-27,13.50989,13.585032,1.5187058,1.33,0.12908,0.10541,9.537,238.64,2122.86,373175943168.0,Industrials,Specialty Industrial Machinery
2229.T,カルビー,2026-08-27,21.86964,18.52076,1.792835,2.24,0.08454,0.05184,16.774,139.92,1706.794,372058849280.0,Consumer Defensive,Packaged Foods
7419.T,ノジマ,2026-08-27,10.251698,4.3329954,1.4552442,1.56,0.21113001,0.04935,31.717,125.15,881.639,375168172032.0,Consumer Cyclical,Specialty Retail
1961.T,三機工業,2026-08-27,48.469387,10.7719145,3.1818497,2.65,0.23706,0.10163999,5.375,50.96,776.278,377335087104.0,Industrials,Engineering & Construction
8388.T,阿波銀行,2026-08-27,24.818401,,0.923169,0.38,0.04662,0.18059999,,396.48,10658.937,382544969728.0,Financial Services,Banks - Regional
4202.T,ダイセル,2026-08-27,37.61598,6.689431,1.0132842,4.8,0.02908,0.01674,81.07,38.8,1440.366,372919762944.0,Basic Materials,Specialty Chemicals
8570.T,イオンフィナンシャルサービス,2026-08-27,17.707586,12.957968,0.78300935,3.08,0.06048,0.04129,,97.67,2208.786,373371666432.0,Financial Services,Credit Services
9048.T,名古屋鉄道,2026-08-27,18.186623,13.326527,0.7471989,3.17,0.049439996,0.04235,133.827,104.06,2532.793,371176538112.0,Industrials,Conglomerates
6728.T,アルバック,2026-08-27,22.127329,11.736444,1.5703014,2.01,0.07804,0.06351,19.525,347.76,4900.333,378392313856.0,Industrials,Specialty Industrial Machinery
6407.T,ＣＫＤ,2026-08-27,27.420147,22.125298,2.324023,1.46,0.11288,0.09832,20.716,203.5,2401.009,372939358208.0,Industrials,Specialty Industrial Machinery
4194.T,ビジョナル,2026-08-27,21.68952,21.580688,4.58361,,0.24264999,0.18638,0.191,430.3,2036.168,375367892992.0,Communication Services,Internet Content & Information
4118.T,カネカ,2026-08-27,12.357076,14.101598,0.73500764,3.42,0.07355,0.04265,43.026,499.39,8395.831,370614009856.0,Basic Materials,Specialty Chemicals
8020.T,兼松,2026-08-27,11.423288,6.3002834,1.7369504,3.19,0.18011999,0.03421,83.248,194.69,1280.405,370097553408.0,Industrials,Conglomerates
6135.T,牧野フライス製作所,2026-08-27,17.250025,28.194155,1.3498994,0.47,0.103199996,0.0922,19.934,897.39,11467.521,362102849536.0,Industrials,Specialty Industrial Machinery
8078.T,阪和興業,2026-08-27,9.69697,4.5172653,0.8289099,3.55,0.09421,0.01451,82.79,193.05,2258.388,360858058752.0,Industrials,Conglomerates
7581.T,サイゼリヤ,2026-08-27,29.422537,26.02873,2.7050853,0.48,0.09854999,0.04171,22.327,245.73,2672.744,355199713280.0,Consumer Cyclical,Restaurants
1980.T,ダイダン,2026-08-27,13.56202,9.541751,2.792336,3.13,0.21871,0.10268,2.518,207.27,1006.684,363681742848.0,Industrials,Specialty Industrial Machinery
4680.T,ラウンドワン,2026-08-27,21.155365,18.556774,4.1012487,1.33,0.21531999,0.0,236.902,63.27,326.364,351855083520.0,Consumer Cyclical,Leisure
9504.T,中国電力,2026-08-27,5.1513243,5.230892,0.45554143,3.06,0.050819997,0.02606,430.981,190.65,2155.896,353139916800.0,Utilities,Utilities - Renewable
6526.T,ソシオネクスト,2026-08-27,42.17172,14.610162,2.849005,2.5,0.059959996,0.03746,,49.5,732.712,365916061696.0,Industrials,Electrical Equipment & Parts
3387.T,クリエイト・レストランツ・ホールディングス,2026-08-27,69.48695,20.31579,7.1518564,0.64,,0.0,133.997,11.11,107.944,348172779520.0,Consumer Cyclical,Restaurants
6951.T,日本電子,2026-08-27,16.685167,13.171346,2.4954114,1.84,0.112959996,0.0,10.14,432.42,2891.307,351379456000.0,Technology,Scientific & Technical Instruments
6432.T,竹内製作所,2026-08-27,12.654089,14.359659,1.918663,2.91,0.16285999,0.12218001,,611.66,4034.059,357533155328.0,Industrials,Farm & Heavy Construction Machinery
5214.T,日本電気硝子,2026-08-27,14.148315,25.46174,0.71625316,3.38,0.05456,0.082600005,15.702,341.03,6736.445,355523723264.0,Technology,Electronic Components
5857.T,ＡＲＥホールディングス,2026-08-27,13.964827,22.427292,1.5322671,3.33,0.16078,0.046690002,112.971,287.15,2617.037,344637538304.0,Industrials,Waste Management
2593.T,伊藤園,2026-08-27,99.37086,17.655018,1.9623562,1.72,0.02125,0.00696,36.886,30.2,1529.284,345806176256.0,Consumer Defensive,Beverages - Non-Alcoholic
6507.T,シンフォニアテクノロジー,2026-08-27,24.040144,34.16252,3.4234395,1.31,0.16547,0.11378,16.723,514.14,3610.404,348745793536.0,Industrials,Specialty Industrial Machinery
8522.T,名古屋銀行,2026-08-27,17.191143,,1.1059492,2.84,0.07297,0.20255,,411.84,6401.741,348314206208.0,Financial Services,Banks - Regional
4666.T,パーク２４,2026-08-27,9.11977,14.082668,3.081123,3.21,0.41342998,0.097799994,148.919,218.92,647.978,340864761856.0,Industrials,Infrastructure Operations
8242.T,エイチ・ツー・オー　リテイリング,2026-08-27,12.020318,15.430464,1.1329336,1.58,0.117010005,0.053200003,44.838,251.99,2673.59,341325119488.0,Consumer Defensive,Grocery Stores
9987.T,スズケン,2026-08-27,9.249551,16.267448,0.8210202,1.18,0.09227,0.01496,,545.54,6146.012,341300576256.0,Healthcare,Medical Distribution
4208.T,ＵＢＥ,2026-08-27,14.4257765,10.325548,0.7844145,4.52,0.05565,0.049000002,72.836,245.81,4520.569,344474877952.0,Basic Materials,Specialty Chemicals
3994.T,マネーフォワード,2026-08-27,83.20572,915.73035,8.114711,,0.08583,0.0773,82.127,78.36,803.479,361632071680.0,Technology,Software - Application
8386.T,百十四銀行,2026-08-27,18.576504,,0.8971356,2.31,0.05574,0.20327,,166.07,3438.722,348878307328.0,Financial Services,Banks - Regional
4922.T,コーセーホールディングス,2026-08-27,24.386892,17.974527,1.1686168,2.36,0.047059998,0.040949997,3.541,240.17,5011.908,332387385344.0,Consumer Defensive,Household & Personal Products
9934.T,因幡電機産業,2026-08-27,14.648816,,1.6335335,2.84,0.1402,0.060599998,0.117,206.16,1848.753,339128352768.0,Industrials,Industrial Distribution
2810.T,ハウス食品グループ本社,2026-08-27,46.82878,23.72666,1.1632314,2.66,0.03835,0.033800002,5.919,79.78,3211.743,333295517696.0,Consumer Defensive,Packaged Foods
7966.T,リンテック,2026-08-27,21.097206,20.279848,1.4028369,2.15,0.07636,0.05824,2.594,264.49,3977.654,334989787136.0,Basic Materials,Specialty Chemicals
8361.T,大垣共立銀行,2026-08-27,17.43949,,0.79799736,0.37,0.05629,0.12885,,465.61,10175.473,333596426240.0,Financial Services,Banks - Regional
3401.T,帝人,2026-08-27,,4.818741,0.8048555,2.89,-0.09887,-0.04948,77.463,-456.25,2151.939,334130348032.0,Industrials,Conglomerates
3105.T,日清紡ホールディングス,2026-08-27,13.957872,19.652174,1.4726237,1.69,0.00866,-0.0,61.656,153.82,1457.942,335424978944.0,Industrials,Conglomerates
5301.T,東海カーボン,2026-08-27,18.629766,18.92139,1.0422895,2.43,0.06807,0.05545,60.975,88.89,1588.81,335068037120.0,Basic Materials,Specialty Chemicals
9044.T,ＮＡＮＫＡＩ,2026-08-27,13.396898,14.62771,0.95889336,1.8,0.0757,0.093109995,131.234,227.59,3179.707,329900818432.0,Real Estate,Real Estate - Development
8876.T,リログループ,2026-08-27,16.59253,15.008672,4.193163,3.46,0.29438,0.13921,100.666,130.39,515.959,328211431424.0,Industrials,Specialty Business Services
4902.T,コニカミノルタ,2026-08-27,10.13703,13.671097,0.5914332,2.7,0.065349996,0.02809,70.469,64.95,1113.228,325370544128.0,Industrials,Business Equipment & Supplies
9045.T,京阪ホールディングス,2026-08-27,9.719508,13.567502,0.9560738,2.65,,0.0,122.577,332.63,3381.538,326211108864.0,Industrials,Conglomerates
8544.T,京葉銀行,2026-08-27,21.13179,,1.0121303,2.39,0.05613,0.16764,,131.65,2748.658,324139352064.0,Financial Services,Banks - Regional
6454.T,マックス,2026-08-27,24.216301,7.466774,2.9453256,2.18,0.13488,0.14097,1.088,76.56,629.472,333330317312.0,Industrials,Tools & Accessories
8370.T,紀陽銀行,2026-08-27,14.902954,,1.3142898,2.07,0.09363,0.23029,,339.53,3849.988,325931171840.0,Financial Services,Banks - Regional
4368.T,扶桑化学工業,2026-08-27,22.75418,10.694164,2.6448221,0.92,0.15665,0.22067,12.926,135.14,1162.649,325323849728.0,Basic Materials,Chemicals
2206.T,江崎グリコ,2026-08-27,52.314953,31.117086,1.5858899,1.82,0.05448,0.03199,13.73,99.57,3284.591,319357091840.0,Consumer Defensive,Packaged Foods
7867.T,タカラトミー,2026-08-27,28.050919,17.08846,2.9055262,1.89,0.117189996,0.044889998,5.321,131.19,1266.552,316421865472.0,Consumer Cyclical,Leisure
9418.T,Ｕ－ＮＥＸＴ　ＨＯＬＤＩＮＧＳ,2026-08-27,16.757586,5.6606216,2.9535096,0.96,0.16728,0.0404,80.974,104.49,592.854,315836465152.0,Industrials,Conglomerates
3107.T,ダイワボウホールディングス,2026-08-27,10.164297,12.319278,1.8718526,2.97,0.18885,0.0223,21.659,362.15,1966.501,316300918784.0,Technology,Electronics & Computer Distribution
1417.T,ミライト・ワン,2026-08-27,13.796792,16.603079,1.1518717,2.77,0.099580005,0.04329,31.618,261.8,3135.766,314551402496.0,Industrials,Engineering & Construction
9409.T,テレビ朝日ホールディングス,2026-08-27,10.582281,17.594894,0.65705353,3.17,0.061079998,0.08292,,294.36,4740.862,313179963392.0,Communication Services,Broadcasting
8174.T,日本瓦斯,2026-08-27,21.768063,21.52567,4.9352303,3.7,0.22860001,0.06953,76.563,136.76,603.214,317166059520.0,Utilities,Utilities - Regulated Gas
9303.T,住友倉庫,2026-08-27,18.202305,26.083715,1.0137459,2.46,0.07165,0.10304,22.787,230.74,4143.05,317971824640.0,Industrials,Integrated Freight & Logistics
6925.T,ウシオ電機,2026-08-27,42.0409,36.72868,1.4162248,1.78,0.06687,0.07296,33.438,94.86,2815.937,316439887872.0,Industrials,Specialty Industrial Machinery
9616.T,共立メンテナンス,2026-08-27,16.61152,18.108524,2.1147528,1.34,0.14646,0.06493,88.946,205.52,1614.373,310549053440.0,Consumer Cyclical,Lodging
6136.T,オーエスジー,2026-08-27,17.268618,19.754505,1.6213201,4.03,0.11033,0.11608,21.644,219.01,2332.667,310774595584.0,Industrials,Tools & Accessories
3048.T,ビックカメラ,2026-08-27,15.750963,22.997696,1.6889067,2.37,0.11875,0.02153,43.249,114.12,1064.298,307826786304.0,Consumer Cyclical,Specialty Retail
6622.T,ダイヘン,2026-08-27,22.340607,19.945644,1.991401,0.32,,0.0,47.641,591.3,6633.521,311846010880.0,Industrials,Specialty Industrial Machinery
8022.T,美津濃,2026-08-27,16.9442,6.3612437,1.7328153,1.62,0.11745,0.07312,12.697,239.61,2343.008,308795113472.0,Consumer Cyclical,Specialty Retail
4272.T,日本化薬,2026-08-27,13.046041,20.827143,1.0957026,3.15,,0.0,24.036,161.16,1918.86,309685387264.0,Basic Materials,Chemicals
4927.T,ポーラ・オルビスホールディングス,2026-08-27,27.224823,26.089396,1.9082638,3.73,0.06985,0.06633,0.02,51.24,731.031,308690124800.0,Consumer Defensive,Household & Personal Products
1515.T,日鉄鉱業,2026-08-27,22.047289,,1.9282184,1.57,0.11096,0.07022,41.877,178.48,2040.744,304872456192.0,Basic Materials,Copper
8367.T,南都銀行,2026-08-27,17.683882,,0.986784,2.9,0.061,0.18426001,,108.63,1946.728,301716504576.0,Financial Services,Banks - Regional
1719.T,安藤・間,2026-08-27,10.138589,20.0,1.399057,4.35,0.15935001,0.06836,12.671,189.77,1375.212,301843021824.0,Industrials,Engineering & Construction
8282.T,ケーズホールディングス,2026-08-27,21.242044,19.648838,1.1763533,2.45,0.07513,0.02419,23.315,91.14,1645.764,299132256256.0,Consumer Cyclical,Specialty Retail
8714.T,池田泉州ホールディングス,2026-08-27,17.522951,,1.2055736,2.56,0.07966,0.18414,,62.09,902.475,302947958784.0,Financial Services,Banks - Regional
8111.T,ゴールドウイン,2026-08-27,12.332783,3.5892382,2.344116,3.23,0.19466999,0.16871999,0.764,175.67,924.229,296396947456.0,Consumer Cyclical,Apparel Manufacturing
8919.T,カチタス,2026-08-27,23.923145,28.062162,5.5696464,2.39,0.26602,0.082679994,66.311,159.26,684.065,298176643072.0,Consumer Cyclical,Residential Construction
4061.T,デンカ,2026-08-27,18.689947,18.548388,0.9472253,2.94,0.02616,0.03497,70.616,182.13,3593.654,293423808512.0,Basic Materials,Chemicals
2296.T,伊藤ハム米久ホールディングス,2026-08-27,14.310567,18.0973,0.984848,3.01,0.06865,0.01893,36.613,356.38,5178.464,289427914752.0,Consumer Defensive,Packaged Foods
8628.T,松井証券,2026-08-27,19.446299,23.84458,3.3250253,4.97,,0.30533,623.573,59.96,350.674,300355551232.0,Financial Services,Capital Markets
4043.T,トクヤマ,2026-08-27,13.053334,9.581194,1.0105458,3.58,,0.0,54.545,308.81,3988.933,290010955776.0,Basic Materials,Specialty Chemicals
6103.T,オークマ,2026-08-27,23.537048,17.695116,1.1414222,2.45,0.06465,0.06633,9.472,207.97,4288.51,284990570496.0,Industrials,Specialty Industrial Machinery
4540.T,ツムラ,2026-08-27,10.169581,9.160781,0.87258357,4.15,0.09317,0.15162,39.086,376.22,4384.68,285210902528.0,Healthcare,Drug Manufacturers - Specialty & Generic
6278.T,ユニオンツール,2026-08-27,29.151754,39.14794,2.388606,1.04,0.09521,0.18827,,516.95,6309.119,293612847104.0,Industrials,Tools & Accessories
6544.T,ジャパンエレベーターサービスホールディングス,2026-08-27,38.386307,19.691458,12.329585,1.34,0.36243,0.12736,25.618,40.9,127.336,280659361792.0,Industrials,Specialty Business Services
7381.T,ＣＣＩグループ,2026-08-27,22.536219,,1.0561663,2.4,0.05692,0.10298,,55.91,1192.994,278511976448.0,Financial Services,Banks - Regional
6371.T,椿本チエイン,2026-08-27,9.140984,13.732359,0.9275309,2.96,0.10655,0.09368,18.586,295.92,2916.345,275031719936.0,Industrials,Specialty Industrial Machinery
6436.T,アマノ,2026-08-27,13.810455,15.704351,2.0902941,6.32,0.15394,0.111169994,10.577,286.16,1890.643,273718460416.0,Technology,Scientific & Technical Instruments
1941.T,中電工,2026-08-27,14.956389,,1.0694547,2.73,0.077649996,0.0796,,341.66,4778.136,270536196096.0,Industrials,Engineering & Construction
6995.T,東海理化電機製作所,2026-08-27,8.992753,12.061022,0.75976014,3.85,0.0871,0.04384,2.676,346.39,4099.978,270097235968.0,Consumer Cyclical,Auto Parts
2730.T,エディオン,2026-08-27,17.479256,20.52335,1.1237526,1.96,0.08602,0.024419999,24.884,145.83,2268.293,269530529792.0,Consumer Cyclical,Specialty Retail
8336.T,武蔵野銀行,2026-08-27,17.825863,,0.97885144,2.97,0.05801,0.15843001,,155.28,2827.804,268618104832.0,Financial Services,Banks - Regional
5384.T,フジミインコーポレーテッド,2026-08-27,29.990168,7.476101,3.1894343,2.14,0.13062,0.14571,19.731,122.04,1147.539,271510716416.0,Technology,Semiconductor Equipment & Materials
3186.T,ネクステージ,2026-08-27,15.221111,17.79603,3.124847,1.33,0.22462,0.023729999,137.051,222.06,1081.653,264965095424.0,Consumer Cyclical,Auto & Truck Dealerships
4686.T,ジャストシステム,2026-08-27,17.650316,,2.1807606,0.73,0.13365,0.29949,,234.84,1900.713,266207576064.0,Technology,Software - Infrastructure
4373.T,シンプレクス・ホールディングス,2026-08-27,26.402128,7.797564,5.36286,2.03,0.21843,0.17322999,44.158,45.11,222.083,266613489664.0,Technology,Information Technology Services
4443.T,Ｓａｎｓａｎ,2026-08-27,41.150944,61.62758,13.094695,0.24,0.36495999,0.12607999,12.968,53.0,166.556,273336745984.0,Technology,Software - Application
4206.T,アイカ工業,2026-08-27,14.896007,15.6532,1.3434012,3.47,0.103520006,0.071339995,20.281,275.98,3060.143,260126244864.0,Industrials,Conglomerates
2726.T,パルグループホールディングス,2026-08-27,14.694919,7.711712,3.1779976,2.65,0.22837,0.0754,15.721,101.94,471.366,259238658048.0,Consumer Cyclical,Apparel Retail
9744.T,メイテックグループホールディングス,2026-08-27,17.397774,19.53566,5.9338613,5.36,0.3487,0.11066,,194.91,571.466,261807964160.0,Industrials,Staffing & Employment Services
6590.T,芝浦メカトロニクス,2026-08-27,24.368017,5.5697393,5.0755267,1.61,0.20497999,0.11829001,16.155,170.1,816.664,272073523200.0,Technology,Electronic Components
6457.T,グローリー,2026-08-27,17.587482,25.31348,1.1830803,3.15,0.080129996,0.0498,46.587,275.48,4095.242,257161412608.0,Industrials,Specialty Industrial Machinery
8129.T,東邦ホールディングス,2026-08-27,14.956709,18.670492,0.9587897,4.52,0.0626,0.010369999,2.216,261.02,4071.8,252595142656.0,Healthcare,Medical Distribution
1414.T,ショーボンドホールディングス,2026-08-27,16.717066,4.0875044,2.3847258,3.63,0.14444,0.17308001,,76.06,533.185,255522717696.0,Industrials,Engineering & Construction
8086.T,ニプロ,2026-08-27,20.969498,14.565402,0.88935554,2.03,0.051939998,0.02104,193.497,73.44,1731.591,251167490048.0,Healthcare,Medical Instruments & Supplies
7956.T,ピジョン,2026-08-27,27.68579,29.670254,2.968834,3.55,0.111990005,0.08012,,76.7,715.264,253657071616.0,Consumer Defensive,Household & Personal Products
6101.T,ツガミ,2026-08-27,36.563194,48.352627,2.8975205,1.79,0.26708,0.13579,7.632,148.51,1874.016,252629352448.0,Industrials,Tools & Accessories
8133.T,伊藤忠エネクス,2026-08-27,15.706659,,1.34932,3.02,0.11738,0.02467,25.175,142.36,1657.131,252475375616.0,Industrials,Conglomerates
9003.T,相鉄ホールディングス,2026-08-27,10.168541,11.989517,1.2056653,2.65,0.13103,0.08234,218.029,258.69,2181.783,252446638080.0,Industrials,Conglomerates
4046.T,大阪ソーダ,2026-08-27,16.979914,19.543219,1.9573929,1.44,0.13996,0.16624,5.903,123.97,1075.41,254360698880.0,Basic Materials,Specialty Chemicals
6744.T,能美防災,2026-08-27,18.514528,25.853247,1.8710766,2.71,0.10836001,0.09869,0.013,231.98,2295.47,252816080896.0,Industrials,Security & Protection Services
9302.T,三井倉庫ホールディングス,2026-08-27,22.427511,7.6005483,1.8422327,1.5,0.10531,0.03776,55.977,148.3,1805.418,248799068160.0,Industrials,Integrated Freight & Logistics
1979.T,大氣社,2026-08-27,15.949419,10.2444515,1.4114606,3.51,0.096219994,0.05217,1.983,245.15,2770.18,246328098816.0,Industrials,Building Products & Equipment
9861.T,吉野家ホールディングス,2026-08-27,52.515984,54.95273,3.5233827,0.57,0.08603,0.02471,45.081,71.94,1072.265,243229638656.0,Consumer Cyclical,Restaurants
2811.T,カゴメ,2026-08-27,18.632753,12.188732,1.2756286,2.12,0.07195,0.04443,30.977,146.06,2133.458,246046851072.0,Consumer Defensive,Packaged Foods
9110.T,ＮＳユナイテッド海運,2026-08-27,10.235405,,1.3047489,2.96,0.13713999,0.1001,34.052,1022.92,8024.532,246730653696.0,Industrials,Marine Shipping
6849.T,日本光電工業,2026-08-27,16.741396,13.597051,1.3483843,2.16,0.07677,0.058579996,13.738,89.21,1107.622,238918778880.0,Healthcare,Medical Devices
6814.T,古野電気,2026-08-27,14.639767,34.368073,2.6672761,2.07,0.21969,0.122659996,15.265,529.38,2905.586,244968390656.0,Technology,Scientific & Technical Instruments
4516.T,日本新薬,2026-08-27,8.119871,8.724031,0.8172686,3.44,0.11535,0.17513001,0.865,441.14,4382.892,241430118400.0,Healthcare,Drug Manufacturers - Specialty & Generic
8346.T,東邦銀行,2026-08-27,19.728855,,1.0789754,2.17,0.0657,0.17457001,,49.42,903.635,243640205312.0,Financial Services,Banks - Regional
2001.T,ニップン,2026-08-27,11.288252,12.572542,0.8532085,2.32,0.07795,0.05076,27.091,257.17,3402.451,239975153664.0,Consumer Defensive,Packaged Foods
6703.T,沖電気工業,2026-08-27,11.452537,21.787495,1.4340472,2.34,0.16402,0.06058,51.073,247.98,1980.409,246358114304.0,Technology,Communication Equipment
8609.T,岡三証券グループ,2026-08-27,11.502347,,1.0433977,3.34,0.12672,0.26577,229.193,106.5,1174.049,245975924736.0,Financial Services,Capital Markets
2121.T,ＭＩＸＩ,2026-08-27,14.010543,18.670593,1.2473422,5.18,0.109239995,0.11587,22.649,258.02,2898.162,236093276160.0,Communication Services,Electronic Gaming & Multimedia
4634.T,ａｒｔｉｅｎｃｅ,2026-08-27,13.06359,13.694616,6.693824,2.36,0.074099995,0.05088,25.792,393.46,767.872,241054138368.0,Basic Materials,Specialty Chemicals
2432.T,ディー・エヌ・エー,2026-08-27,14.880048,26.692558,1.0909739,2.59,0.16242,0.28841,7.139,170.9,2330.945,238129004544.0,Industrials,Conglomerates
3697.T,ＳＨＩＦＴ,2026-08-27,30.071583,1.3153453,6.4201894,0.88,0.17231001,0.04417,89.776,32.13,150.494,246965649408.0,Technology,Software - Application
8154.T,加賀電子,2026-08-27,7.9843183,12.754582,1.2496274,2.81,0.18695,0.048260003,29.389,627.48,4009.195,238771748864.0,Technology,Electronic Components
6376.T,日機装,2026-08-27,14.199923,29.967293,1.3928984,1.66,0.108830005,0.07264,65.071,258.1,2631.204,239519416320.0,Industrials,Specialty Industrial Machinery
8194.T,ライフコーポレーション,2026-08-27,12.405203,6.890477,1.4816222,2.57,0.12257,0.02063,17.682,217.57,1821.652,233511124992.0,Consumer Defensive,Grocery Stores
9031.T,西日本鉄道,2026-08-27,7.3343906,15.593237,0.80350006,2.9,0.12501,0.06954,121.186,422.53,3856.876,234100539392.0,Industrials,Railroads
1950.T,日本電設工業,2026-08-27,12.900514,22.403143,1.115444,3.22,0.09199,0.08084,0.045,309.29,3577.051,232904687616.0,Industrials,Infrastructure Operations
6490.T,ＰＩＬＬＡＲ,2026-08-27,26.185568,20.772848,2.7748964,1.6,0.13545999,0.16547,13.679,388.0,3661.398,232269938688.0,Industrials,Specialty Industrial Machinery
8098.T,稲畑産業,2026-08-27,11.149518,12.910022,0.94849056,3.34,0.09486,0.02404,39.736,384.77,4522.976,229008408576.0,Basic Materials,Specialty Chemicals
8273.T,イズミ,2026-08-27,13.524744,3.398734,0.76384526,2.79,0.05751,0.03336,37.547,79.41,1406.044,225759559680.0,Consumer Cyclical,Department Stores
2737.T,トーメンデバイス,2026-08-27,22.08157,,3.1394198,9.88,0.39269,0.0251,200.077,1474.08,10368.158,221367435264.0,Technology,Semiconductors
4483.T,ＪＭＤＣ,2026-08-27,33.668392,27.201765,2.7182562,0.52,0.08642,0.13239999,61.328,102.47,1269.196,225778319360.0,Healthcare,Health Information Services
7947.T,エフピコ,2026-08-27,15.185467,16.629936,1.3771299,2.62,0.09427,0.06092,51.573,183.86,2027.405,225807958016.0,Consumer Cyclical,Packaging & Containers
7994.T,オカムラ,2026-08-27,9.98353,10.571506,1.0955765,4.42,0.10667,0.06322,14.728,236.79,2157.768,223806914560.0,Industrials,Business Equipment & Supplies
9509.T,北海道電力,2026-08-27,5.3194084,8.033016,0.47506315,3.02,0.06367,0.03226,337.444,204.91,2294.432,223831687168.0,Utilities,Utilities - Renewable
8850.T,スターツコーポレーション,2026-08-27,8.935863,9.348302,1.1687081,3.17,0.13918,0.10106,36.906,526.53,4025.813,223032737792.0,Real Estate,Real Estate - Diversified
8360.T,山梨中央銀行,2026-08-27,22.505373,,0.93789953,0.45,0.04987,0.14854999,,325.7,7815.336,224917749760.0,Financial Services,Banks - Regional
2270.T,雪印メグミルク,2026-08-27,7.0877395,17.216642,0.91649795,2.68,0.15935001,0.062179998,16.788,524.85,4058.929,222723145728.0,Consumer Defensive,Packaged Foods
7616.T,コロワイド,2026-08-27,133.4608,,2.6415913,0.24,0.01936,0.00818,231.952,15.69,792.704,222604328960.0,Consumer Cyclical,Restaurants
6013.T,タクマ,2026-08-27,16.663965,24.739374,2.023041,3.52,0.14181,0.08708,0.209,185.13,1524.932,223794397184.0,Industrials,Pollution & Treatment Controls
9075.T,福山通運,2026-08-27,17.416233,23.751566,0.79866946,1.58,0.05506,0.047399998,39.053,369.77,8063.411,226831712256.0,Industrials,Trucking
6412.T,平和,2026-08-27,18.817068,9.819223,0.8695289,3.56,0.045700002,0.04303,237.865,118.35,2561.157,219642167296.0,Consumer Cyclical,Leisure
7278.T,エクセディ,2026-08-27,20.349792,20.675373,1.1744093,5.67,0.0832,0.04674,26.631,304.18,5270.735,222614142976.0,Consumer Cyclical,Auto Parts
3050.T,ＤＣＭホールディングス,2026-08-27,12.76378,11.102739,0.7751508,2.96,0.06466,0.03235,88.265,127.0,2091.206,221479092224.0,Consumer Cyclical,Home Improvement Retail
1861.T,熊谷組,2026-08-27,11.139608,3.4721668,1.2038198,3.83,0.11295,0.04217,31.467,116.97,1082.388,221430677504.0,Industrials,Engineering & Construction
6472.T,ＮＴＮ,2026-08-27,15.905984,15.678181,0.7378084,3.49,0.05257,0.016210001,96.01,23.4,504.467,221275258880.0,Industrials,Tools & Accessories
8616.T,東海東京フィナンシャル・ホールディングス,2026-08-27,13.666209,17.828686,1.1548849,4.59,0.12919,0.23346001,309.22,65.49,774.969,227165863936.0,Financial Services,Capital Markets
4665.T,ダスキン,2026-08-27,23.977057,22.694004,1.4107295,3.2,0.0668,0.051680002,0.002,195.27,3318.85,220422635520.0,Industrials,Conglomerates
3148.T,クリエイトＳＤホールディングス,2026-08-27,12.967752,,1.4275035,2.81,0.11439,0.03418,0.881,262.96,2388.786,220293726208.0,Healthcare,Pharmaceutical Retailers
1820.T,西松建設,2026-08-27,9.116258,12.688628,1.1415095,4.48,0.14175999,0.06511,111.804,609.68,4868.991,219454472192.0,Industrials,Engineering & Construction
7826.T,フルヤ金属,2026-08-27,13.917295,22.669205,2.8386467,3.87,0.05692,0.05371,18.171,650.27,3188.139,222623694848.0,Technology,Electronic Components
9627.T,アインホールディングス,2026-08-27,12.009707,20.116055,1.3564945,1.6,0.11459,0.02665,107.987,510.92,4523.424,215679909888.0,Healthcare,Pharmaceutical Retailers
7740.T,タムロン,2026-08-27,19.764397,4.115438,2.452905,3.73,0.13171,0.12785,1.286,68.76,554.037,217207881728.0,Consumer Cyclical,Leisure
9759.T,ＮＳＤ,2026-08-27,17.03445,19.032787,3.2120414,3.36,0.20256001,0.11076,,170.39,903.631,219911536640.0,Technology,Software - Application
2127.T,日本Ｍ＆Ａセンターホールディングス,2026-08-27,17.459995,17.707369,4.5877438,3.63,0.28751,0.25821,5.866,39.37,149.834,217945210880.0,Financial Services,Capital Markets
3097.T,物語コーポレーション,2026-08-27,24.955986,27.825489,4.6176624,0.81,0.19886999,0.05764,36.905,227.2,1227.894,217730547712.0,Consumer Cyclical,Restaurants
3360.T,シップヘルスケアホールディングス,2026-08-27,16.338419,12.776573,1.470635,2.73,0.092259996,0.0184,17.914,144.2,1602.029,214901669888.0,Healthcare,Medical Instruments & Supplies
4722.T,フューチャー,2026-08-27,17.629267,18.25095,3.2695975,1.92,0.19635001,0.15642999,20.427,138.86,748.716,217078743040.0,Technology,Information Technology Services
2201.T,森永製菓,2026-08-27,12.072396,12.936636,1.4814987,2.72,0.12764,0.07156,28.033,211.06,1719.88,213953560576.0,Consumer Defensive,Confectioners
7313.T,テイ・エス　テック,2026-08-27,30.548649,17.811926,0.69080555,4.99,0.03079,0.018,,60.33,2667.9,215248125952.0,Consumer Cyclical,Auto Parts
8392.T,大分銀行,2026-08-27,20.715982,,0.8255043,1.76,0.04694,0.12758,,138.83,3483.931,217760595968.0,Financial Services,Banks - Regional
7744.T,ノーリツ鋼機,2026-08-27,10.571279,6.312989,0.68140376,3.67,0.073920004,0.17592,75.613,190.8,2960.066,210967937024.0,Technology,Consumer Electronics
7846.T,パイロットコーポレーション,2026-08-27,14.974188,5.24677,1.4686736,2.36,0.10199001,0.11003,4.34,135.6,1382.54,213222047744.0,Industrials,Business Equipment & Supplies
7322.T,三十三フィナンシャルグループ,2026-08-27,17.607414,,0.9326015,2.15,0.0538,0.13814999,,118.7,2241.043,217488441344.0,Financial Services,Banks - Regional
4099.T,四国化成ホールディングス,2026-08-27,18.68065,13.039788,2.2668104,1.62,0.11875,0.13831,26.025,131.58,1084.343,212613169152.0,Basic Materials,Specialty Chemicals
3591.T,ワコールホールディングス,2026-08-27,16.47432,9.840219,1.0022612,2.32,0.0035899999,0.0055299997,11.282,261.68,4301.274,213123252224.0,Consumer Cyclical,Apparel Manufacturing
4041.T,日本曹達,2026-08-27,11.8124275,15.642832,1.0085104,4.06,0.092,0.1193,26.273,336.51,3941.457,213074018304.0,Basic Materials,Chemicals
1833.T,奥村組,2026-08-27,11.40937,,1.0923816,5.11,,0.0,34.75,511.86,5346.117,209686511616.0,Industrials,Engineering & Construction
8600.T,トモニホールディングス,2026-08-27,13.288153,,0.6983809,2.74,0.05922,0.21302,,82.63,1572.208,211053330432.0,Financial Services,Banks - Regional
8566.T,リコーリース,2026-08-27,16.411957,15.147483,0.87304574,2.74,0.05303,0.03679,462.294,416.16,7823.187,210530926592.0,Financial Services,Credit Services
6055.T,ジャパンマテリアル,2026-08-27,21.161503,20.6854,3.558068,1.72,0.2027,0.19389,0.214,102.97,612.411,223944916992.0,Industrials,Engineering & Construction
5482.T,愛知製鋼,2026-08-27,18.903868,7.9355316,0.8754711,2.23,0.05441,0.03491,27.275,170.6,3683.731,207195930624.0,Basic Materials,Steel
8393.T,宮崎銀行,2026-08-27,14.964599,,0.90062565,2.27,0.06989,0.20813,,166.66,2769.186,209281073152.0,Financial Services,Banks - Regional
7220.T,武蔵精密工業,2026-08-27,166.49377,18.070255,1.681905,1.27,0.02031,0.0041,78.631,19.28,1908.55,210386206720.0,Consumer Cyclical,Auto Parts
9505.T,北陸電力,2026-08-27,3.7859085,6.641771,0.43777075,2.53,0.109160006,0.060890004,243.501,260.73,2254.833,206210351104.0,Utilities,Utilities - Regulated Electric
7184.T,富山第一銀行,2026-08-27,14.124294,,1.0658938,2.22,0.10153,0.33032,,238.95,3166.357,205370294272.0,Financial Services,Banks - Regional
2384.T,ＳＢＳホールディングス,2026-08-27,10.325719,18.368793,1.9675223,4.67,0.17611,0.03583,74.624,501.66,2632.753,205735968768.0,Industrials,Integrated Freight & Logistics
5451.T,ヨドコウ,2026-08-27,11.876247,,1.0370032,4.36,0.0858,0.091239996,,120.24,1377.045,204560334848.0,Basic Materials,Steel
5331.T,ノリタケ,2026-08-27,14.613451,7.786499,1.1391091,3.24,0.09417,0.10475001,9.486,254.56,3265.71,204653084672.0,Industrials,Conglomerates
1946.T,トーエネック,2026-08-27,11.353689,,1.3039066,3.49,0.13851,0.073860005,47.019,191.92,1671.132,203661049856.0,Industrials,Engineering & Construction
2659.T,サンエー,2026-08-27,19.502726,17.194687,1.3776298,3.26,0.07748,0.04241,,172.54,2442.601,202953588736.0,Consumer Cyclical,Department Stores
9746.T,ＴＫＣ,2026-08-27,15.318831,17.758621,1.8462049,2.67,0.13196,0.15782,,268.95,2231.605,201892691968.0,Technology,Information Technology Services
8511.T,日本証券金融,2026-08-27,19.375963,,1.4474978,3.76,0.08929,0.09521,9984.34,129.8,1737.481,203124703232.0,Financial Services,Credit Services
9948.T,アークス,2026-08-27,16.350187,17.00405,1.0279799,2.16,0.06576,0.01985,13.686,231.19,3677.115,201399730176.0,Consumer Cyclical,Department Stores
4544.T,Ｈ．Ｕ．グループホールディングス,2026-08-27,29.864998,35.53031,1.4906344,3.42,0.07112,0.038599998,44.764,121.48,2433.863,198074187776.0,Healthcare,Diagnostics & Research
9869.T,加藤産業,2026-08-27,13.633082,33.392273,1.1547495,2.4,0.09995,0.01334,7.942,484.85,5724.185,199503757312.0,Consumer Defensive,Food Distribution
3569.T,セーレン,2026-08-27,13.062601,,1.2222857,2.22,0.105629995,0.08967,5.364,263.73,2818.49,201753804800.0,Consumer Cyclical,Textile Manufacturing
7004.T,カナデビア,2026-08-27,18.032043,8.898336,1.0220263,3.19,0.07754,0.02247,68.028,66.16,1167.289,200722907136.0,Industrials,Pollution & Treatment Controls
8848.T,レオパレス２１,2026-08-27,15.111005,11.384892,4.176316,2.39,0.28447,0.04769,60.941,41.89,151.569,201131327488.0,Real Estate,Real Estate Services
1333.T,Ｕｍｉｏｓ,2026-08-27,8.903502,4.980938,0.79676634,3.44,0.08652,0.0,114.996,146.74,1639.753,197520982016.0,Consumer Defensive,Packaged Foods
7981.T,タカラスタンダード,2026-08-27,13.412109,,1.004597,3.97,0.07519,0.05751,2.217,231.88,3095.769,196648812544.0,Consumer Cyclical,"Furnishings, Fixtures & Appliances"
2175.T,エス・エム・エス,2026-08-27,,22.353489,6.981893,1.27,-0.40273997,-0.21922001,19.986,-173.74,344.176,197239324672.0,Healthcare,Health Information Services
4045.T,東亞合成,2026-08-27,15.258409,15.762712,0.8959266,3.87,0.061079998,0.07951,9.306,121.9,2076.063,196614733824.0,Basic Materials,Specialty Chemicals
7458.T,第一興商,2026-08-27,12.278415,13.192353,1.5759993,3.58,0.13007,0.09481,43.844,153.44,1195.432,194762080256.0,Consumer Cyclical,Leisure
6740.T,ジャパンディスプレイ,2026-08-27,,-9.85325,87.68656,,,-0.024300002,1405.733,-3.2,0.536,200484978688.0,Technology,Electronic Components
7296.T,エフ・シー・シー,2026-08-27,10.728672,15.026038,0.96861523,4.37,0.10193,0.07316,2.328,387.28,4289.629,197141889024.0,Consumer Cyclical,Auto Parts
4553.T,東和薬品,2026-08-27,36.565903,13.21414,1.050788,2.15,0.046550002,0.02953,126.005,106.52,3706.742,191742541824.0,Healthcare,Drug Manufacturers - Specialty & Generic
6516.T,山洋電気,2026-08-27,22.608837,9.001944,1.4663404,3.31,0.086169995,0.09186,3.976,243.71,3757.654,195687874560.0,Industrials,Electrical Equipment & Parts
9956.T,バローホールディングス,2026-08-27,10.547174,12.536565,0.9181033,1.2,0.10284001,0.0199,66.429,312.88,3594.367,191638503424.0,Consumer Cyclical,Department Stores
6523.T,ＰＨＣホールディングス,2026-08-27,402.62466,16.969027,1.151618,2.75,0.05878,0.02471,136.087,3.81,1332.039,194074607616.0,Healthcare,Medical Devices
3498.T,霞ヶ関キャピタル,2026-08-27,13.364313,,2.6520445,2.12,0.20135,0.07998,130.708,606.84,3058.018,,Industrials,Conglomerates
5703.T,日本軽金属ホールディングス,2026-08-27,11.9583235,12.380486,0.7364456,3.56,0.08585,0.0,63.837,253.38,4114.357,186621198336.0,Basic Materials,Aluminum
7242.T,カヤバ,2026-08-27,7.358992,7.4619684,0.8170496,2.3,0.112679996,0.05104,57.228,631.88,5691.209,187072544768.0,Consumer Cyclical,Auto Parts
5186.T,ニッタ,2026-08-27,13.984589,18.071653,1.1168704,2.47,0.09319,0.15798001,,490.54,6142.163,188191539200.0,Industrials,Specialty Industrial Machinery
3480.T,ジェイ・エス・ビー,2026-08-27,28.40891,33.24656,4.087145,2.35,0.15158,0.083409995,69.232,314.69,2187.346,188578775040.0,Real Estate,Real Estate - Diversified
2602.T,日清オイリオグループ,2026-08-27,7.989973,3.8782532,0.8803075,2.91,0.05148,0.01878,54.791,255.32,2317.372,186665664512.0,Consumer Defensive,Packaged Foods
8130.T,サンゲツ,2026-08-27,12.873553,11.68003,1.5502249,4.84,0.14123,0.07876,11.71,248.96,2067.442,188426715136.0,Consumer Cyclical,"Furnishings, Fixtures & Appliances"
1377.T,サカタのタネ,2026-08-27,15.466816,20.858023,1.0419168,2.25,0.07157,0.116639994,3.119,284.48,4222.986,185942573056.0,Consumer Defensive,Farm Products
4887.T,サワイグループホールディングス,2026-08-27,16.136318,9.391249,1.0449759,3.45,,0.0,66.966,99.62,1538.313,185643155456.0,Healthcare,Drug Manufacturers - Specialty & Generic
9678.T,カナモト,2026-08-27,14.930244,21.200186,1.2312615,2.01,0.08604,0.05905,38.927,367.71,4458.842,186825342976.0,Industrials,Rental & Leasing Services
8698.T,マネックスグループ,2026-08-27,17.204054,14.621257,1.4412252,4.16,0.08312,0.12156,93.114,43.42,518.309,187768668160.0,Financial Services,Capital Markets
4095.T,日本パーカライジング,2026-08-27,15.006402,,0.9149617,2.84,0.06945,0.09861,0.112,117.15,1921.392,185205899264.0,Basic Materials,Specialty Chemicals
8278.T,フジ,2026-08-27,22.261072,,0.8084706,1.41,0.03205,0.00874,16.975,94.38,2598.734,182044114944.0,Consumer Cyclical,Department Stores
9793.T,ダイセキ,2026-08-27,20.09438,26.626812,2.210843,2.22,0.114779994,0.13274,9.293,192.84,1752.725,183231397888.0,Industrials,Waste Management
7456.T,松田産業,2026-08-27,10.85178,20.022785,1.4492314,1.69,0.18932,0.02849,36.227,647.82,4850.847,181668593664.0,Basic Materials,Other Precious Metals & Mining
8218.T,コメリ,2026-08-27,12.515342,11.79748,0.6923629,1.49,0.058280002,0.03993,12.825,309.62,5596.776,181960867840.0,Consumer Cyclical,Home Improvement Retail
9119.T,飯野海運,2026-08-27,11.716602,,1.0755001,3.05,0.1492,0.17318001,85.543,145.52,1585.309,180393771008.0,Industrials,Marine Shipping
7970.T,信越ポリマー,2026-08-27,18.398233,16.986406,1.385178,2.94,0.07303,0.07819,,122.24,1623.618,180756004864.0,Basic Materials,Specialty Chemicals
5232.T,住友大阪セメント,2026-08-27,16.393911,12.024174,0.93148845,0.7,0.06181,0.05228,44.56,349.52,6151.445,181590949888.0,Basic Materials,Building Materials
4617.T,中国塗料,2026-08-27,16.39973,20.478872,1.8636562,2.77,0.15097,0.08492,15.466,221.65,1950.467,180497072128.0,Basic Materials,Specialty Chemicals
8923.T,トーセイ,2026-08-27,10.983804,7.0982747,1.597394,2.99,0.15536,0.14255,158.767,166.7,1146.242,177618157568.0,Real Estate,Real Estate - Diversified
6996.T,ニチコン,2026-08-27,28.483303,29.782028,1.4392154,1.51,0.06695,0.04343,18.266,94.02,1860.736,179850838016.0,Technology,Electronic Components
5032.T,ＡＮＹＣＯＬＯＲ,2026-08-27,12.858628,15.469238,6.5969834,2.09,0.57595,0.25307,,230.74,449.751,177874386944.0,Communication Services,Entertainment
7476.T,アズワン,2026-08-27,19.28293,19.457335,2.4082947,2.67,0.13856,0.084759995,12.486,128.3,1027.283,176316055552.0,Healthcare,Medical Distribution
5423.T,東京製鐵,2026-08-27,15.464559,9.302201,0.8165884,2.31,0.045500003,0.03635,,112.58,2132.041,176878878720.0,Basic Materials,Steel
9682.T,ＤＴＳ,2026-08-27,15.419408,4.630964,2.9412458,3.37,0.19131,0.08443,,72.96,382.491,175709814784.0,Technology,Information Technology Services
7864.T,フジシールインターナショナル,2026-08-27,8.514811,17.125065,1.0698477,2.67,0.13804,0.09533,7.045,387.56,3084.551,176034758656.0,Consumer Cyclical,Packaging & Containers
1934.T,ユアテック,2026-08-27,17.208807,24.042751,1.1491771,3.06,0.077410005,0.045739997,5.805,150.33,2251.176,177692770304.0,Industrials,Engineering & Construction
6395.T,タダノ,2026-08-27,6.9369097,14.773213,0.80482966,2.48,0.12208,0.06736,62.686,199.08,1715.891,174966833152.0,Industrials,Farm & Heavy Construction Machinery
8584.T,ジャックス,2026-08-27,10.254047,7.577084,0.5817602,5.15,0.04902,0.07768,953.336,379.85,6695.198,174410563584.0,Financial Services,Credit Services
4784.T,ＧＭＯインターネット,2026-08-27,26.377071,33.276836,5.111117,2.56,0.26126,0.07675,44.737,22.33,115.239,179201507328.0,Technology,Software - Infrastructure
6315.T,ＴＯＷＡ,2026-08-27,38.5144,12.185527,2.3385887,1.04,0.09986,0.10852,27.262,61.12,1006.59,176624533504.0,Technology,Semiconductor Equipment & Materials
2154.T,オープンアップグループ,2026-08-27,14.842287,13.462669,2.1824305,4.9,0.14886,0.07063,12.433,138.86,944.36,175102918656.0,Industrials,Staffing & Employment Services
2815.T,アリアケジャパン,2026-08-27,18.3826,19.539078,1.3192283,4.42,0.07158,0.13611001,0.006,297.02,4138.783,173891371008.0,Consumer Defensive,Packaged Foods
8051.T,山善,2026-08-27,19.865892,,1.2243193,3.66,0.07256,0.0,34.992,99.92,1621.309,173475053568.0,Industrials,Specialty Industrial Machinery
6498.T,キッツ,2026-08-27,14.058662,14.881088,2.3480864,3.35,0.04796,0.03033,64.212,138.42,828.76,169316368384.0,Industrials,Specialty Industrial Machinery
6966.T,三井ハイテック,2026-08-27,54.75087,14.619431,1.4686091,2.04,0.06084,0.03,75.78,17.26,643.466,172698173440.0,Technology,Semiconductors
4547.T,キッセイ薬品工業,2026-08-27,12.331162,18.572336,0.740236,3.16,0.06475,0.14181,0.542,331.68,5525.265,169619423232.0,Healthcare,Drug Manufacturers - Specialty & Generic
6250.T,やまびこ,2026-08-27,9.345795,12.872793,3.372356,2.64,0.10637,0.0396,34.623,452.61,1254.316,173126631424.0,Industrials,Tools & Accessories
4023.T,クレハ,2026-08-27,,23.772802,1.009675,4.86,-0.04833,-0.05061,72.059,-267.14,4427.167,170848124928.0,Basic Materials,Specialty Chemicals
8345.T,岩手銀行,2026-08-27,19.141685,,0.8566476,2.39,0.05218,0.19910999,,129.09,2884.5,170579460096.0,Financial Services,Banks - Regional
4928.T,ノエビアホールディングス,2026-08-27,20.683113,19.826193,3.283992,4.68,0.16138001,0.12589,1.328,237.15,1493.609,167536197632.0,Consumer Defensive,Household & Personal Products
3106.T,倉敷紡績,2026-08-27,13.599785,,1.2409408,0.62,0.08919,0.07892,5.396,781.63,8566.081,167529398272.0,Industrials,Conglomerates
6651.T,日東工業,2026-08-27,14.608299,16.137856,1.3625618,3.51,0.10231,0.060749996,18.876,302.91,3247.559,167871725568.0,Industrials,Electrical Equipment & Parts
3167.T,ＴＯＫＡＩホールディングス,2026-08-27,15.527273,17.572016,1.5985785,2.95,0.11331,0.045739997,45.948,82.5,801.337,165115936768.0,Industrials,Conglomerates
9722.T,藤田観光,2026-08-27,13.2895355,3.8353195,3.943345,0.72,0.3499,0.15446,53.519,213.1,718.172,169745285120.0,Consumer Cyclical,Lodging
8362.T,福井銀行,2026-08-27,19.40545,,1.029143,2.14,0.07478,0.16058001,,363.3,6850.36,166775734272.0,Financial Services,Banks - Regional
3433.T,トーカロ,2026-08-27,16.523796,20.521292,2.4885101,3.45,0.15739,0.16827999,16.579,169.15,1123.162,166215008256.0,Industrials,Specialty Business Services
6807.T,日本航空電子工業,2026-08-27,23.510344,11.509381,1.1538619,2.04,0.04724,0.02791,27.756,104.89,2137.171,166278053888.0,Technology,Electronic Components
6588.T,東芝テック,2026-08-27,,12.681452,1.7519739,1.29,0.053790003,0.007900001,21.066,-43.09,1795.118,166646022144.0,Technology,Computer Hardware
6379.T,レイズネクスト,2026-08-27,16.034082,22.932055,1.8985194,2.57,0.12654,0.059860002,6.148,193.65,1635.485,167691862016.0,Industrials,Engineering & Construction
2685.T,アンドエスティＨＤ,2026-08-27,17.22295,11.652368,1.9654545,2.53,0.11171,0.0294,7.176,205.83,1803.654,163524444160.0,Consumer Cyclical,Apparel Manufacturing
7350.T,おきなわフィナンシャルグループ,2026-08-27,14.722001,20.778875,1.0077975,2.62,0.07669,0.18836,,529.14,7729.728,166290325504.0,Financial Services,Banks - Regional
1885.T,東亜建設工業,2026-08-27,8.563147,15.9087515,1.4176939,3.66,0.17678,0.055749997,25.509,248.39,1500.324,164482236416.0,Industrials,Engineering & Construction
7552.T,ハピネット,2026-08-27,16.330664,10.802155,2.7177753,2.53,0.16299,0.021240002,,227.18,1365.087,160689700864.0,Consumer Cyclical,Specialty Retail
2337.T,いちご,2026-08-27,10.197451,11.594203,1.470371,3.76,0.15226,0.18937999,290.372,40.01,277.481,159930351616.0,Real Estate,Real Estate Services
9830.T,トラスコ中山,2026-08-27,9.737798,10.138597,0.8233956,2.5,0.08101,0.04453,54.314,247.9,2931.762,159162793984.0,Industrials,Industrial Distribution
8803.T,平和不動産,2026-08-27,14.505522,9.179426,1.284059,3.63,0.085839994,0.21316,212.241,165.73,1872.188,158832902144.0,Real Estate,Real Estate - Diversified
1968.T,太平電業,2026-08-27,13.265199,4.870698,1.2635198,2.97,0.11124,0.08821,11.969,188.84,1982.557,158076469248.0,Industrials,Engineering & Construction
8337.T,千葉興業銀行,2026-08-27,25.951523,,0.925818,0.72,0.05034,0.13134,,105.62,2960.625,157528883200.0,Financial Services,Banks - Regional
2492.T,インフォマート,2026-08-27,64.529915,77.73488,5.3563666,1.1,0.10783,0.113249995,2.259,9.36,112.763,161018019840.0,Technology,Software - Application
3863.T,日本製紙,2026-08-27,13.717772,11.557914,0.31195927,1.09,0.02211,0.00791,153.81,101.62,4468.532,160740048896.0,Basic Materials,Paper & Paper Products
2317.T,システナ,2026-08-27,14.024005,17.619047,3.9993515,4.05,0.31028998,0.1191,3.96,31.66,111.018,158710398976.0,Technology,Information Technology Services
7730.T,マニー,2026-08-27,28.317806,21.72916,2.7722232,2.55,0.10975,0.20431,0.098,56.89,581.122,158687690752.0,Healthcare,Medical Instruments & Supplies
3076.T,あい　ホールディングス,2026-08-27,13.240807,8.48927,1.3434737,4.72,0.10401,0.14039999,0.673,224.08,2208.454,158061543424.0,Industrials,Conglomerates
2124.T,ジェイエイシーリクルートメント,2026-08-27,17.679169,7.0579963,7.3134136,3.81,0.44757,0.18529,1.109,56.79,137.282,159589449728.0,Industrials,Staffing & Employment Services
2767.T,円谷フィールズホールディングス,2026-08-27,12.076879,9.407822,2.5656,2.78,0.20091999,0.07526,12.741,209.16,984.565,157249667072.0,Consumer Cyclical,Gambling
9960.T,東テク,2026-08-27,11.94614,14.9490595,2.0957556,4.5,0.19061,0.075729996,10.993,319.35,1820.346,156438675456.0,Technology,Electronic Components
9025.T,鴻池運輸,2026-08-27,10.844986,11.45416,0.959055,3.74,0.08861,0.03791,35.155,268.88,3040.493,154838482944.0,Industrials,Integrated Freight & Logistics
9936.T,王将フードサービス,2026-08-27,21.063105,20.38094,2.4258814,1.88,0.10147,0.05481,3.895,140.72,1221.824,155702657024.0,Consumer Cyclical,Restaurants
6750.T,エレコム,2026-08-27,7.5524154,15.698235,1.4371659,2.99,0.22225,0.15481,0.454,258.99,1361.012,157533536256.0,Technology,Computer Hardware
1926.T,ライト工業,2026-08-27,13.192566,18.057137,1.8498306,1.4,0.15061,0.0928,2.119,288.42,2056.945,156205907968.0,Industrials,Engineering & Construction
5975.T,東プレ,2026-08-27,8.572573,8.815049,0.6273435,3.13,0.098850004,0.05899,17.169,374.45,5116.814,155266908160.0,Consumer Cyclical,Auto Parts
8343.T,秋田銀行,2026-08-27,20.491615,,0.8430814,0.46,0.049850002,0.17218,,432.86,10520.93,157866229760.0,Financial Services,Banks - Regional
9882.T,イエローハット,2026-08-27,12.960268,,1.2164801,3.78,0.09974,0.07047,42.67,137.42,1464.06,151167483904.0,Consumer Cyclical,Auto & Truck Dealerships
3880.T,大王製紙,2026-08-27,18.284971,18.69532,0.6627276,1.41,0.04205,0.01208,164.53,53.76,1483.264,151601627136.0,Basic Materials,Paper & Paper Products
7976.T,三菱鉛筆,2026-08-27,22.281187,17.365438,1.1155705,1.74,0.05613,0.07792,20.886,137.56,2747.473,153278300160.0,Industrials,Business Equipment & Supplies
4521.T,科研製薬,2026-08-27,70.57057,41.44191,0.98954946,4.73,0.068670005,0.116969995,2.518,56.61,4037.191,151283924992.0,Healthcare,Drug Manufacturers - Specialty & Generic
9601.T,松竹,2026-08-27,29.037922,63.42301,1.4427919,0.27,0.034479998,0.03423,59.855,381.57,7679.555,152280023040.0,Communication Services,Entertainment
1766.T,東建コーポレーション,2026-08-27,10.9890995,16.336575,1.2985443,2.93,0.12923999,0.041810002,,1238.5,10480.967,151083663360.0,Real Estate,Real Estate Services
7630.T,壱番屋,2026-08-27,58.655045,43.61111,4.7315044,1.68,0.07539,0.03548,3.972,16.06,199.091,150348201984.0,Consumer Cyclical,Restaurants
8585.T,オリエントコーポレーション,2026-08-27,11.710037,53.22873,0.6184812,4.52,0.04626,0.04802,865.062,75.32,1426.074,150985932800.0,Financial Services,Credit Services
7734.T,理研計器,2026-08-27,15.404424,14.276583,1.7428554,1.81,,0.0,2.265,217.47,1922.133,152276877312.0,Industrials,Security & Protection Services
6875.T,メガチップス,2026-08-27,18.77918,39.480858,0.45488715,2.44,0.18413,1.0860701,,578.3,23874.053,152291966976.0,Technology,Semiconductors
8214.T,ＡＯＫＩホールディングス,2026-08-27,15.753425,,1.0645677,6.76,0.06084,0.043709997,18.1,112.42,1663.586,149163294720.0,Consumer Cyclical,Apparel Retail
3445.T,ＲＳ　Ｔｅｃｈｎｏｌｏｇｉｅｓ,2026-08-27,16.055616,16.241104,1.7219236,0.98,0.08876,0.12163,7.188,362.49,3379.941,154791100416.0,Technology,Semiconductors
8097.T,三愛オブリ,2026-08-27,16.339516,,1.2878156,4.14,0.09601,0.01792,2.127,147.74,1874.492,149384019968.0,Energy,Oil & Gas Refining & Marketing
9010.T,富士急行,2026-08-27,4.147575,23.871906,3.5402455,1.18,0.14837,0.10741,102.157,672.2,787.516,148036960256.0,Industrials,Conglomerates
6745.T,ホーチキ,2026-08-27,15.939837,8.415966,2.2009902,2.02,0.15351,0.090909995,,125.66,910.045,149434171392.0,Industrials,Building Products & Equipment
8237.T,松屋,2026-08-27,71.31986,48.215435,5.825801,0.41,0.08628,0.05017,92.835,42.05,514.779,152170070016.0,Consumer Cyclical,Department Stores
3865.T,北越コーポレーション,2026-08-27,21.139706,9.209209,0.58496153,2.81,0.026919998,0.02343,42.013,43.52,1572.753,146152620032.0,Basic Materials,Paper & Paper Products
6330.T,東洋エンジニアリング,2026-08-27,,23.427563,3.3355596,1.0,-0.24174,-0.06948,113.597,-254.91,795.069,155400372224.0,Industrials,Engineering & Construction
6707.T,サンケン電気,2026-08-27,,2.323452,1.2641749,,-0.08566,-0.14096,68.051,-472.59,5961.2,150649225216.0,Technology,Semiconductors
3101.T,東洋紡,2026-08-27,12.986808,13.728601,0.6808474,2.41,0.068280004,0.02954,102.185,126.59,2414.638,145074405376.0,Basic Materials,Specialty Chemicals
5310.T,東洋炭素,2026-08-27,33.10293,15.353077,1.5133185,2.09,0.04696,0.097849995,5.46,212.67,4652.028,147643891712.0,Industrials,Electrical Equipment & Parts
6632.T,ＪＶＣケンウッド,2026-08-27,9.241176,9.524468,1.0012288,1.95,0.10248,0.03921,44.019,111.62,1030.234,146660786176.0,Consumer Cyclical,Auto Parts
4461.T,第一工業製薬,2026-08-27,23.449095,41.265236,2.7439375,1.09,0.18712,0.09088001,45.002,606.42,5182.334,150886383616.0,Basic Materials,Specialty Chemicals
6941.T,山一電機,2026-08-27,16.787252,25.4781,3.107402,2.14,0.24006,0.0,11.414,492.04,2658.169,152454152192.0,Technology,Semiconductor Equipment & Materials
8934.T,サンフロンティア不動産,2026-08-27,8.633093,7.3808126,1.0585878,3.16,0.13276,0.13438,96.012,290.51,2369.194,143417491456.0,Real Estate,Real Estate Services
8387.T,四国銀行,2026-08-27,8.416742,,0.7429325,2.49,0.095649995,0.25538,,417.62,4731.251,147222151168.0,Financial Services,Banks - Regional
3046.T,ジンズホールディングス,2026-08-27,18.2995,25.555693,4.068402,1.86,,0.076630004,21.778,339.9,1528.856,145208459264.0,Healthcare,Medical Instruments & Supplies
5715.T,古河機械金属,2026-08-27,11.651799,34.809635,0.90295655,1.8,0.097320005,0.06473,47.203,384.49,4961.479,145290231808.0,Basic Materials,Other Industrial Metals & Mining
9974.T,ベルク,2026-08-27,11.347215,11.47974,1.183817,1.91,0.105179995,0.02865,38.728,608.96,5837.051,143941484544.0,Consumer Defensive,Grocery Stores
6866.T,日置電機,2026-08-27,20.510595,22.256348,3.1837544,2.23,0.16542,0.15845999,,529.97,3414.208,145717149696.0,Technology,Scientific & Technical Instruments
9068.T,丸全昭和運輸,2026-08-27,11.500783,12.667006,0.99529517,1.61,0.09041,0.0834,17.371,651.26,7525.406,144397647872.0,Industrials,Integrated Freight & Logistics
6340.T,澁谷工業,2026-08-27,14.369605,12.775171,1.2336701,2.5,0.090059996,0.07538,2.341,369.53,4304.23,146907906048.0,Industrials,Specialty Industrial Machinery
4471.T,三洋化成工業,2026-08-27,9.180022,21.5543,0.8841839,1.93,0.07858,0.08416,2.248,706.97,7340.102,143567060992.0,Basic Materials,Specialty Chemicals
3156.T,レスター,2026-08-27,19.427067,17.058598,1.5245798,2.95,0.13452,0.01854,130.8,273.33,3482.927,149305131008.0,Technology,Semiconductors
6420.T,ガリレイホールディングス,2026-08-27,11.671489,6.742,1.2682263,2.49,0.11756,0.08939,,304.16,2799.185,142314012672.0,Industrials,Specialty Industrial Machinery
3087.T,ドトール・日レスホールディングス,2026-08-27,19.891026,22.128798,1.336812,1.76,0.07597,0.04856,1.753,170.68,2539.624,142665924608.0,Consumer Cyclical,Restaurants
4587.T,ペプチドリーム,2026-08-27,,9.761044,8.350431,,0.0779,0.21809,32.31,-28.05,132.568,142324482048.0,Healthcare,Biotechnology
9716.T,乃村工藝社,2026-08-27,15.649835,33.17781,2.449517,3.46,0.1346,0.047810003,,81.79,522.552,142838775808.0,Industrials,Engineering & Construction
1952.T,新日本空調,2026-08-27,11.692297,,1.753806,3.85,0.17753,0.083330005,3.022,267.27,1781.839,142103904256.0,Industrials,Building Products & Equipment
3778.T,さくらインターネット,2026-08-27,688.6792,49.125168,4.7494564,0.16,0.04639,0.03585,121.243,5.3,768.509,146090016768.0,Technology,Information Technology Services
1762.T,高松コンストラクショングループ,2026-08-27,12.421887,14.934946,0.9634754,3.56,0.09809,0.03791,22.59,328.05,4229.48,141885259776.0,Industrials,Engineering & Construction
7780.T,メニコン,2026-08-27,23.943127,18.421568,1.4560603,1.48,0.07904,0.056020003,84.733,78.77,1295.276,140046761984.0,Healthcare,Medical Instruments & Supplies
9715.T,トランス・コスモス,2026-08-27,11.36954,11.564647,1.1050276,3.88,0.1028,0.03127,9.065,327.19,3366.432,139398479872.0,Technology,Information Technology Services
8344.T,山形銀行,2026-08-27,21.9558,,0.90786487,2.17,0.05054,0.12809,,207.69,5022.774,140762611712.0,Financial Services,Banks - Regional
7148.T,ＦＰＧ,2026-08-27,9.066233,5.202492,2.3310869,5.57,0.29488,0.18240999,82.411,184.2,716.404,139840733184.0,Financial Services,Financial Conglomerates
6254.T,野村マイクロ・サイエンス,2026-08-27,37.069054,15.518562,3.6267574,2.35,0.097770005,0.067729995,145.616,98.33,1005.03,139934400512.0,Industrials,Specialty Industrial Machinery
2695.T,くら寿司,2026-08-27,40.045555,15.564409,2.0714033,0.86,0.041789997,0.013789999,45.821,43.9,848.7,139736858624.0,Consumer Cyclical,Restaurants
1835.T,東鉄工業,2026-08-27,10.708734,15.512755,1.0509397,3.78,0.10235,0.07825,,373.06,3801.36,137594519552.0,Industrials,Engineering & Construction
3191.T,ジョイフル本田,2026-08-27,15.240392,16.947132,1.0849674,3.66,0.07253,0.06435,7.782,149.34,2097.759,137182429184.0,Consumer Cyclical,Home Improvement Retail
1879.T,新日本建設,2026-08-27,8.993124,,1.0109777,3.31,0.118640006,0.10519,,260.31,2315.58,136923938816.0,Industrials,Engineering & Construction
6486.T,イーグル工業,2026-08-27,14.088729,15.275,1.0309312,4.64,0.09814999,0.0584,27.595,216.84,2963.34,139612848128.0,Industrials,Specialty Industrial Machinery
9037.T,ハマキョウレックス,2026-08-27,12.938658,15.099968,1.3973013,2.47,0.11447,0.07017,23.003,144.76,1340.441,138684628992.0,Industrials,Integrated Freight & Logistics
4694.T,ビー・エム・エル,2026-08-27,17.706285,24.259756,1.0630738,3.4,0.06158,0.051999997,,203.6,3391.11,135128375296.0,Healthcare,Diagnostics & Research
9551.T,メタウォーター,2026-08-27,15.040107,20.00254,1.5621002,2.55,0.11184,0.043959998,42.35,209.44,2016.516,137799548928.0,Industrials,Pollution & Treatment Controls
8037.T,カメイ,2026-08-27,11.610265,15.1713705,0.7675668,3.04,0.08125,0.022809999,17.736,388.88,5882.224,138311876608.0,Energy,Oil & Gas Refining & Marketing
7821.T,前田工繊,2026-08-27,14.359911,15.899908,1.7910872,1.56,0.13236,0.13407,4.61,142.48,1142.323,136439627776.0,Basic Materials,Building Materials
3543.T,コメダホールディングス,2026-08-27,Infinity,19.310522,2.6940532,2.07,0.13854,0.113409996,82.508,0.0,1106.14,135620411392.0,Consumer Cyclical,Restaurants
4958.T,長谷川香料,2026-08-27,18.55883,17.317709,0.99979943,2.98,0.06164,0.100559995,,179.16,3325.667,134969106432.0,Basic Materials,Specialty Chemicals
8179.T,ロイヤルホールディングス,2026-08-27,23.142714,12.816941,2.420284,1.27,0.11201999,0.03477,82.781,59.63,570.181,135978795008.0,Consumer Cyclical,Restaurants
6080.T,Ｍ＆Ａキャピタルパートナーズ,2026-08-27,23.23039,20.372944,2.8317022,3.42,0.16465001,0.27594,4.678,182.95,1500.864,135058964480.0,Financial Services,Capital Markets
8276.T,平和堂,2026-08-27,14.220086,14.845646,0.67995775,2.43,0.04384,0.01833,10.562,189.38,3960.54,133181972480.0,Consumer Cyclical,Department Stores
4975.T,ＪＣＵ,2026-08-27,15.33541,19.805826,2.462587,3.3,0.17608999,0.30288,0.057,365.82,2278.092,138116644864.0,Basic Materials,Specialty Chemicals
8032.T,日本紙パルプ商事,2026-08-27,30.816017,1.8111408,1.0215285,2.97,0.04559,0.00868,80.497,39.46,1190.373,134087114752.0,Basic Materials,Paper & Paper Products
4047.T,関東電化工業,2026-08-27,36.224644,26.44199,1.8034272,1.55,0.09019,0.092659995,53.656,66.06,1326.918,137247997952.0,Basic Materials,Specialty Chemicals
5930.T,文化シヤッター,2026-08-27,10.56511,24.993397,1.1377234,3.91,0.110240005,0.0523,12.298,179.08,1662.97,133080678400.0,Industrials,Building Products & Equipment
6804.T,ホシデン,2026-08-27,9.029811,10.961227,0.8675117,2.82,0.12652001,0.04309,6.593,300.56,3128.488,133617475584.0,Industrials,Electrical Equipment & Parts
3964.T,オークネット,2026-08-27,18.417322,8.082579,4.3756375,3.01,0.25857002,0.10114,,77.59,326.581,129639792640.0,Consumer Cyclical,Internet Retail
3002.T,グンゼ,2026-08-27,267.09265,9.07118,1.2140378,3.48,0.042290002,0.03554,17.669,15.65,3443.056,131021914112.0,Consumer Cyclical,Apparel Manufacturing
6284.T,日精エー・エス・ビー機械,2026-08-27,15.76327,21.8111,2.0678914,2.71,0.14654,0.19058001,7.684,568.41,4332.916,134319882240.0,Industrials,Specialty Industrial Machinery
7172.T,ジャパンインベストメントアドバイザー,2026-08-27,10.432331,12.883324,1.5905181,5.08,0.14881,0.30143,175.26,202.16,1325.983,130968010752.0,Industrials,Rental & Leasing Services
9672.T,東京都競馬,2026-08-27,12.54239,13.127332,1.3344795,2.88,0.110190004,0.25011998,16.948,401.04,3769.26,130985828352.0,Consumer Cyclical,Gambling
7283.T,愛三工業,2026-08-27,Infinity,11.144666,0.89988154,3.65,0.10491,0.04143,51.192,0.0,2542.557,131107201024.0,Consumer Cyclical,Auto Parts
8399.T,琉球銀行,2026-08-27,14.536591,22.252937,0.9006439,3.05,0.06544,0.12408,,221.51,3575.22,132040687616.0,Financial Services,Banks - Regional
4776.T,サイボウズ,2026-08-27,18.547466,49.439102,7.9891853,1.72,0.4825,0.19067,0.165,166.33,386.147,139008491520.0,Technology,Software - Application
4633.T,サカタインクス,2026-08-27,10.835196,9.837638,1.0308002,3.71,0.1073,0.044099998,28.82,246.05,2586.34,129635401728.0,Basic Materials,Specialty Chemicals
7516.T,コーナン商事,2026-08-27,10.435949,8.342583,0.7127925,3.09,0.08394,0.02718,122.189,432.16,6327.227,130271887360.0,Consumer Cyclical,Home Improvement Retail
4914.T,高砂香料工業,2026-08-27,13.643808,5.6965814,0.82657385,3.87,0.06981,0.04259,40.06,97.7,1612.681,129962229760.0,Basic Materials,Specialty Chemicals
7972.T,イトーキ,2026-08-27,12.654351,15.248975,2.0815642,3.4,0.17584999,0.063260004,59.525,205.7,1250.502,128767639552.0,Consumer Cyclical,"Furnishings, Fixtures & Appliances"
9699.T,ニシオホールディングス,2026-08-27,11.288148,9.789188,0.898838,2.81,0.077410005,0.05207,73.479,415.48,5217.848,130209406976.0,Industrials,Rental & Leasing Services
2146.T,ＵＴグループ,2026-08-27,19.639795,0.76269776,4.2646704,5.8,0.2446,0.046680003,28.649,11.66,53.697,129726603264.0,Industrials,Staffing & Employment Services
8074.T,ＹＵＡＳＡ,2026-08-27,11.156401,,1.0885341,3.79,0.107370004,0.022179998,3.32,569.18,5833.533,133717712896.0,Industrials,Specialty Industrial Machinery
4180.T,Ａｐｐｉｅｒ　Ｇｒｏｕｐ,2026-08-27,39.610588,28.133104,3.3280506,0.18,0.09305,0.06856,30.891,32.87,391.22,132945895424.0,Technology,Software - Infrastructure
7224.T,新明和工業,2026-08-27,11.359982,17.868113,1.0534047,2.95,0.10588,0.04302,38.864,174.12,1877.721,130831532032.0,Industrials,Conglomerates
7599.T,ＩＤＯＭ,2026-08-27,10.862969,8.590469,1.4423814,3.3,0.14335,0.02122,124.024,118.66,893.661,129424924672.0,Consumer Cyclical,Auto & Truck Dealerships
3201.T,日本毛織,2026-08-27,13.194398,,0.9471921,3.24,0.07709,0.08349,10.852,149.23,2078.776,128246980608.0,Consumer Cyclical,Textile Manufacturing
3612.T,ワールド,2026-08-27,9.900759,4.891837,1.3013191,3.97,0.13566,0.045339998,130.39,171.3,1303.293,129236574208.0,Consumer Cyclical,Department Stores
7384.T,プロクレアホールディングス,2026-08-27,34.275856,,0.76025325,2.21,0.024419999,0.04972,,133.33,6011.155,129400406016.0,Financial Services,Banks - Regional
3765.T,ガンホー・オンライン・エンターテイメント,2026-08-27,53.527336,11.392643,1.0988971,3.67,0.04171,0.02545,,45.36,2209.488,127146795008.0,Communication Services,Electronic Gaming & Multimedia
2874.T,横浜冷凍,2026-08-27,40.75112,32.94562,1.5176153,1.29,0.03103,0.01933,124.339,53.52,1437.123,129099128832.0,Consumer Defensive,Food Distribution
6474.T,不二越,2026-08-27,18.72146,21.041058,0.70333797,1.88,0.03972,0.02765,51.822,306.6,8161.084,125110394880.0,Industrials,Tools & Accessories
4220.T,リケンテクノス,2026-08-27,17.379992,23.708963,1.8394793,3.19,0.14124,0.06677,15.119,153.74,1452.585,125293674496.0,Basic Materials,Chemicals
1720.T,東急建設,2026-08-27,9.324988,19.715242,1.129241,3.75,0.13217,0.04054,18.78,126.22,1042.293,125083557888.0,Industrials,Engineering & Construction
1982.T,日比谷総合設備,2026-08-27,15.162908,,1.7294046,3.33,0.12591,0.09759,,199.5,1749.157,124826746880.0,Industrials,Engineering & Construction
6480.T,日本トムソン,2026-08-27,31.116062,27.777779,1.4539565,1.8,0.0709,0.08535,29.129,58.33,1248.318,126857723904.0,Industrials,Tools & Accessories
5192.T,三ツ星ベルト,2026-08-27,16.806562,17.692923,1.2107952,4.36,0.08127,0.0837,1.716,263.29,3654.623,123508858880.0,Industrials,Specialty Industrial Machinery
8153.T,モスフードサービス,2026-08-27,26.579638,39.303482,2.0876727,0.85,0.068390004,0.0377,10.013,148.61,1892.059,121901268992.0,Consumer Cyclical,Restaurants
8595.T,ジャフコ　グループ,2026-08-27,18.979609,6.57832,0.9218668,5.68,0.04634,0.29382,11.315,123.58,2544.294,123513036800.0,Financial Services,Asset Management
4028.T,石原産業,2026-08-27,7.4201045,13.140203,0.96754193,4.05,0.1062,0.085159995,52.461,434.63,3333.189,123404156928.0,Basic Materials,Specialty Chemicals
4971.T,メック,2026-08-27,20.365753,35.384537,9.01577,1.64,0.12784,0.1445,8.569,336.84,760.889,125262012416.0,Basic Materials,Specialty Chemicals
9832.T,オートバックスセブン,2026-08-27,14.512642,14.676806,0.89405715,3.85,0.05876,0.027509999,29.181,106.39,1726.959,121247465472.0,Consumer Cyclical,Auto Parts
2004.T,昭和産業,2026-08-27,11.503232,12.199481,0.80249757,3.72,0.07275,0.03091,34.46,326.43,4679.142,122025631744.0,Consumer Defensive,Packaged Foods
2281.T,プリマハム,2026-08-27,26.508926,13.98844,1.0011235,3.29,0.0195,0.00939,14.804,91.29,2417.284,121634881536.0,Consumer Defensive,Packaged Foods
7545.T,西松屋チェーン,2026-08-27,17.442162,12.321724,1.2083588,1.57,0.0721,0.03541,,115.41,1665.896,120230084608.0,Consumer Cyclical,Specialty Retail
7157.T,ライフネット生命保険,2026-08-27,14.938049,-422.31638,1.2685359,,0.078940004,0.21621001,,100.08,1178.524,120108777472.0,Financial Services,Insurance - Life
9039.T,サカイ引越センター,2026-08-27,14.064697,12.383901,1.1987145,5.8,0.09117,0.071100004,3.122,213.3,2502.681,120779186176.0,Industrials,Trucking
9824.T,泉州電業,2026-08-27,16.25309,16.11439,1.9644278,2.26,0.12604,0.05238,1.069,436.84,3614.284,121077506048.0,Technology,Electronics & Computer Distribution
6737.T,ＥＩＺＯ,2026-08-27,17.087627,15.489281,0.6074764,3.76,0.05106,0.09799,3.083,180.54,5078.386,121423020032.0,Technology,Computer Hardware
4189.T,ＫＨネオケム,2026-08-27,13.173538,13.475873,1.6115267,4.36,0.12576,0.08343001,21.16,260.75,2131.519,120254595072.0,Basic Materials,Chemicals
9842.T,アークランズ,2026-08-27,14.737493,9.654055,0.9376936,2.09,0.06511,0.02264,91.033,129.33,2032.647,119740669952.0,Consumer Cyclical,Specialty Retail
8541.T,愛媛銀行,2026-08-27,16.665764,,0.8301554,1.56,0.05095,0.13902001,,184.51,3704.126,120158085120.0,Financial Services,Banks - Regional
2760.T,東京エレクトロン　デバイス,2026-08-27,15.370739,11.955568,2.2570536,3.41,0.18176001,0.04237,61.683,266.09,1812.097,120448376832.0,Technology,Electronic Components
3465.T,ケイアイスター不動産,2026-08-27,7.5824885,7.1797323,1.5291716,3.92,0.25199,0.043109998,282.133,495.22,2455.578,116580958208.0,Real Estate,Real Estate Services
9090.T,ＡＺ－ＣＯＭ丸和ホールディングス,2026-08-27,16.967024,13.185339,1.9428303,3.63,0.117410004,0.029790001,94.033,52.16,455.521,119194673152.0,Industrials,Integrated Freight & Logistics
7721.T,東京計器,2026-08-27,30.488306,36.462677,2.6978402,0.67,0.099530004,0.0677,45.527,243.7,2754.055,122097082368.0,Technology,Scientific & Technical Instruments
5911.T,横河ブリッジホールディングス,2026-08-27,13.838611,9.325881,0.9004158,4.32,0.06415,0.0552,43.093,218.23,3354.006,118856523776.0,Industrials,Engineering & Construction
7995.T,バルカー,2026-08-27,23.27897,18.621258,2.130742,2.54,0.13522,0.11565,25.23,291.25,3181.99,119558979584.0,Industrials,Specialty Industrial Machinery
4534.T,持田製薬,2026-08-27,14.768499,17.601496,0.8303377,2.55,0.06769,0.075279996,7.128,223.11,3968.265,116218961920.0,Healthcare,Drug Manufacturers - Specialty & Generic
2678.T,アスクル,2026-08-27,,10.412511,2.4443786,1.52,-0.32922,-0.05535,136.741,-245.4,533.878,116841308160.0,Consumer Cyclical,Internet Retail
3104.T,富士紡ホールディングス,2026-08-27,20.951065,8.978719,2.2382832,2.41,0.11725,0.12276,0.37,166.34,1556.997,117506146304.0,Consumer Cyclical,Textile Manufacturing
6741.T,日本信号,2026-08-27,10.006453,21.123724,1.0257626,2.99,,0.11305001,0.039,185.98,1814.26,116072333312.0,Industrials,Electrical Equipment & Parts
8059.T,第一実業,2026-08-27,12.083816,15.485996,1.2953832,3.44,0.116000004,0.047270004,7.537,311.16,2902.616,119439147008.0,Industrials,Specialty Industrial Machinery
9304.T,澁澤倉庫,2026-08-27,19.235247,,1.6962175,3.81,0.11038999,0.09317,45.142,111.67,1266.347,119038156800.0,Industrials,Integrated Freight & Logistics
4432.T,ウイングアーク１ｓｔ,2026-08-27,18.028654,17.422867,2.5609188,3.23,,0.0,15.608,186.37,1312.029,116560871424.0,Technology,Software - Application
6914.T,オプテックスグループ,2026-08-27,15.201845,19.314184,1.9606093,2.35,0.13945,0.107889995,7.526,216.75,1680.6,117430665216.0,Technology,Electronic Components
2109.T,ＤＭ三井製糖,2026-08-27,28.760538,,1.0045251,3.78,0.02319,0.023640001,30.406,126.91,3633.558,113575616512.0,Consumer Defensive,Confectioners
6027.T,弁護士ドットコム,2026-08-27,77.690445,67.040565,15.767258,,0.24426001,0.09403,68.41,66.16,325.992,117105532928.0,Industrials,Consulting Services
6351.T,鶴見製作所,2026-08-27,22.619715,16.427605,1.1085943,1.21,0.066750005,0.083579995,13.524,107.34,2190.161,116218929152.0,Industrials,Specialty Industrial Machinery
7513.T,コジマ,2026-08-27,22.413794,,1.527025,3.78,0.082600005,0.02004,11.508,64.96,953.488,112560603136.0,Consumer Cyclical,Specialty Retail
8173.T,Ｊｏｓｈｉｎ,2026-08-27,33.341206,15.784571,1.028513,2.3,0.049060002,0.011419999,31.51,127.02,4117.595,109600423936.0,Consumer Cyclical,Specialty Retail
6617.T,東光高岳,2026-08-27,17.628323,44.725475,1.6244707,1.86,0.17129,0.10065,2.467,411.27,4462.992,113032200192.0,Industrials,Electrical Equipment & Parts
5943.T,ノーリツ,2026-08-27,15.604831,35.202538,0.781945,3.84,0.05119,0.03521,5.19,156.49,3122.982,111528943616.0,Industrials,Building Products & Equipment
8057.T,内田洋行,2026-08-27,9.301082,2.5608788,1.3628149,3.19,0.17961,0.03262,4.478,243.09,1659.066,111513673728.0,Industrials,Conglomerates
1871.T,ピーエス・コンストラクション,2026-08-27,11.793636,26.826485,1.711689,4.25,0.15889,0.06611,40.505,199.26,1372.913,110025670656.0,Industrials,Engineering & Construction
4044.T,セントラル硝子,2026-08-27,13.475851,11.152006,0.882117,3.79,,0.0,21.704,337.27,5152.378,112683204608.0,Basic Materials,Specialty Chemicals
8061.T,西華産業,2026-08-27,15.251284,,2.1084056,3.78,0.16937,0.076630004,33.822,206.54,1494.02,112235544576.0,Industrials,Industrial Distribution
4216.T,旭有機材,2026-08-27,33.898304,10.773927,1.3768594,2.2,0.046479996,0.04413,8.839,177.0,4357.743,112703348736.0,Industrials,Building Products & Equipment
8255.T,アクシアル　リテイリング,2026-08-27,12.705124,14.276018,1.1708788,2.28,0.09387,0.028970001,2.103,99.33,1077.823,110106927104.0,Consumer Defensive,Grocery Stores
9267.T,Ｇｅｎｋｙ　ＤｒｕｇＳｔｏｒｅｓ,2026-08-27,14.259108,14.2221365,1.8267459,0.36,0.13719,0.03569,64.589,257.73,2011.774,112010747904.0,Healthcare,Pharmaceutical Retailers
6332.T,月島ホールディングス,2026-08-27,6.7448683,24.305677,1.1401776,3.16,0.16319999,0.10915,14.138,412.61,2440.848,110210203648.0,Industrials,Pollution & Treatment Controls
8219.T,青山商事,2026-08-27,16.20776,,0.63225937,4.89,,0.0,41.016,47.94,1228.926,,Consumer Cyclical,Apparel Retail
7575.T,日本ライフライン,2026-08-27,11.732472,12.82409,1.701243,3.56,0.15239,0.15472999,4.493,133.22,918.74,109651451904.0,Healthcare,Medical Devices
9887.T,松屋フーズホールディングス,2026-08-27,26.767086,,1.869212,0.45,0.07549,0.02042,90.836,196.51,2814.02,108328312832.0,Consumer Cyclical,Restaurants
8550.T,栃木銀行,2026-08-27,13.335842,,0.6715369,2.85,0.054959998,0.19181,,79.71,1582.936,110692925440.0,Financial Services,Banks - Regional
9757.T,船井総研ホールディングス,2026-08-27,13.412953,8.408928,3.9109325,4.1,0.31047,0.23725,1.024,87.08,298.65,109055565824.0,Industrials,Consulting Services
8892.T,エスコン,2026-08-27,8.850322,,1.3118823,4.65,0.13303,0.08122,469.482,127.34,859.071,108067053568.0,Real Estate,Real Estate - Development
7483.T,ドウシシャ,2026-08-27,12.656657,17.616581,1.1538427,3.94,0.0935,0.07175,,241.77,2652.008,109832970240.0,Industrials,Conglomerates
8395.T,佐賀銀行,2026-08-27,12.8436365,,0.83272433,1.7,0.08168,0.15724,,504.53,7781.687,109518233600.0,Financial Services,Banks - Regional
8707.T,岩井コスモホールディングス,2026-08-27,10.607902,,1.4880661,4.86,0.16564,0.33735,13.728,444.48,3168.542,110749335552.0,Financial Services,Capital Markets
4985.T,アース製薬,2026-08-27,23.209236,34.135017,1.3323623,2.63,0.0596,0.0251,13.32,212.2,3696.442,107951980544.0,Consumer Defensive,Household & Personal Products
6349.T,小森コーポレーション,2026-08-27,14.640645,45.480984,0.86241055,4.91,0.062649995,0.06267,8.27,138.86,2357.346,107876499456.0,Industrials,Specialty Industrial Machinery
7611.T,ハイデイ日高,2026-08-27,22.753988,28.096136,4.2474613,1.73,0.20668,0.07659,,131.01,701.831,107325005824.0,Consumer Cyclical,Restaurants
6209.T,リケンＮＰＲ,2026-08-27,7.66497,,0.649198,5.26,0.09106,0.084709994,14.788,520.55,6146.045,107350802432.0,Consumer Cyclical,Auto Parts
6727.T,ワコム,2026-08-27,11.536837,13.173556,2.9534376,2.99,0.29809,0.09206,12.68,70.99,277.304,108730957824.0,Technology,Computer Hardware
8818.T,京阪神ビルディング,2026-08-27,23.547653,14.131514,1.2866567,2.67,0.05955,0.23643999,100.15,48.37,885.24,108665913344.0,Real Estate,Real Estate Services
5122.T,オカモト,2026-08-27,22.39887,18.000114,0.9864092,2.07,0.060760003,0.055910002,2.939,283.05,6427.353,107742224384.0,Basic Materials,Specialty Chemicals
7839.T,ＳＨＯＥＩ,2026-08-27,17.111473,,3.317605,2.88,0.22014,0.204,1.483,122.9,633.891,,Consumer Cyclical,Footwear & Accessories
6183.T,ベルシステム２４ホールディングス,2026-08-27,12.948659,12.239114,1.431108,4.19,0.12087,0.05889,64.315,110.05,995.732,105942081536.0,Industrials,Specialty Business Services
6235.T,オプトラン,2026-08-27,59.72831,15.54605,1.1607143,2.1,0.02338,0.051220004,0.007,45.64,2348.554,108749651968.0,Industrials,Specialty Industrial Machinery
8014.T,蝶理,2026-08-27,8.77229,,1.0100183,4.0,0.12893,0.04151,0.508,487.33,4232.596,105359417344.0,Industrials,Conglomerates
6652.T,ＩＤＥＣ,2026-08-27,27.096037,17.761679,1.4251571,3.64,0.11878,0.10379,32.889,131.2,2494.462,105370427392.0,Industrials,Electrical Equipment & Parts
8016.T,オンワードホールディングス,2026-08-27,10.444744,13.252394,1.1162579,4.25,0.121520005,0.045250002,50.071,74.2,694.284,105617694720.0,Consumer Cyclical,Apparel Manufacturing
9347.T,日本管財ホールディングス,2026-08-27,14.803102,,1.3755921,2.06,0.10644,0.04895,6.598,196.04,2109.637,105403392000.0,Real Estate,Real Estate Services
5602.T,栗本鐵工所,2026-08-27,15.9387455,,1.1288935,3.45,0.08193,0.05723,19.212,110.36,1558.163,106758250496.0,Basic Materials,Steel
9889.T,ＪＢＣＣホールディングス,2026-08-27,19.80324,5.521136,4.2174644,3.47,0.22338,0.07091,7.716,86.4,405.694,104218787840.0,Technology,Information Technology Services
6947.T,図研,2026-08-27,19.72488,24.95,2.5612006,3.01,0.15009,0.13196999,,252.98,1948.305,105168019456.0,Technology,Software - Application
4919.T,ミルボン,2026-08-27,19.379389,22.177965,2.0835183,2.68,0.11131,0.09892,,169.51,1576.66,104505122816.0,Consumer Defensive,Household & Personal Products
6258.T,平田機工,2026-08-27,17.467909,5.69067,1.3574132,2.21,0.10309,0.0765,27.253,198.65,2556.333,106271080448.0,Industrials,Specialty Industrial Machinery
6104.T,芝浦機械,2026-08-27,101.47262,8.794496,0.8876206,3.19,0.00123,0.00116,8.722,43.46,4968.339,104283324416.0,Industrials,Specialty Industrial Machinery
7943.T,ニチハ,2026-08-27,42.128006,11.614488,0.8460537,3.65,0.0348,0.02934,13.053,74.06,3687.709,103596015616.0,Industrials,Building Products & Equipment
9997.T,ベルーナ,2026-08-27,8.918153,12.617924,0.68220866,3.62,0.08021,0.0535,102.041,119.98,1568.435,102906822656.0,Consumer Cyclical,Specialty Retail
3036.T,アルコニックス,2026-08-27,18.813742,,0.93285567,2.75,0.11125,0.041810002,60.783,186.3,3757.28,105364004864.0,Basic Materials,Other Industrial Metals & Mining
4369.T,トリケミカル研究所,2026-08-27,19.09139,19.18295,2.8641162,1.1,0.18105,0.24849,16.22,169.71,1131.239,105289474048.0,Basic Materials,Specialty Chemicals
9279.T,ギフトホールディングス,2026-08-27,35.049137,38.883804,8.480269,0.25,0.27076,0.073020004,50.801,145.51,601.396,102238191616.0,Consumer Cyclical,Restaurants
4819.T,デジタルガレージ,2026-08-27,80.49311,19.547417,1.402172,2.1,0.01687,0.0373,80.516,27.58,1583.258,102368976896.0,Technology,Information Technology Services
6455.T,モリタホールディングス,2026-08-27,11.168959,18.620178,1.009261,3.19,0.09508,0.08056,1.825,224.73,2486.968,103097679872.0,Industrials,Farm & Heavy Construction Machinery
1939.T,四電工,2026-08-27,13.786358,,1.4651047,3.86,0.124960005,0.08141,7.127,158.49,1491.361,103426129920.0,Industrials,Engineering & Construction
1663.T,Ｋ＆Ｏエナジーグループ,2026-08-27,14.235731,13.011325,0.00011991779,3.03,0.0754,0.081020005,,137.19,16286157.0,104332918784.0,Utilities,Utilities - Regulated Gas
8739.T,スパークス・グループ,2026-08-27,16.094234,,2.5267003,4.26,0.20828,0.36084998,24.675,161.3,1027.427,102695624704.0,Financial Services,Asset Management
4565.T,ネクセラファーマ,2026-08-27,,24.938656,1.5764419,,-0.11942001,-0.23337999,83.956,-88.16,709.192,102555426816.0,Healthcare,Biotechnology
8084.T,ＲＹＯＤＥＮ,2026-08-27,19.609049,,1.080709,2.69,0.06229,0.02538,2.155,244.02,4427.649,103029358592.0,Technology,Semiconductors
7944.T,ローランド,2026-08-27,68.577,11.826081,2.348552,4.4,0.03519,0.0136,45.173,56.36,1645.695,102068076544.0,Consumer Cyclical,Leisure
1975.T,朝日工業社,2026-08-27,10.940858,,1.9857302,3.67,0.20392,0.0,13.04,358.29,1974.085,101432680448.0,Industrials,Engineering & Construction
6197.T,ソラスト,2026-08-27,27.395245,26.121496,4.315419,1.97,0.16211,0.026500002,77.224,40.81,259.071,101235597312.0,Healthcare,Medical Care Facilities
5195.T,バンドー化学,2026-08-27,9.66811,12.81137,1.0777493,4.02,0.12084,0.08715,5.247,256.41,2300.164,100474888192.0,Industrials,Specialty Industrial Machinery
7241.T,フタバ産業,2026-08-27,6.22874,5.462103,0.71637785,4.09,0.12662,0.023039998,34.934,179.33,1559.233,99751493632.0,Consumer Cyclical,Auto Parts
4008.T,住友精化,2026-08-27,13.312904,,0.9559406,4.5,0.099130005,0.0646,23.001,117.48,1636.085,100741816320.0,Basic Materials,Specialty Chemicals
5970.T,ジーテクト,2026-08-27,7.3887863,8.3375225,0.4367825,4.19,0.0714,0.0436,24.181,314.26,5316.147,99410829312.0,Consumer Cyclical,Auto Parts
